產業類別,公司代號,公司名稱,非擔任主管職務之全時員工資訊-員工薪資總額(仟元),非擔任主管職務之全時員工資訊-員工人數-年度平均(人),非擔任主管職務之全時員工資訊-員工薪資-平均數(仟元/人)-110年,非擔任主管職務之全時員工資訊-員工薪資-平均數(仟元/人)-109年,非擔任主管職務之全時員工資訊-員工薪資-中位數(仟元/人)-110年,非擔任主管職務之全時員工資訊-員工薪資-中位數(仟元/人)-109年,非擔任主管職務之全時員工資訊-每股盈餘(元/股),同業公司資訊-員工薪資-平均數(仟元/人),同業公司資訊-平均每股盈餘(元/股),薪資統計情形-非經理人之全時員工薪資平均數未達50萬元,薪資統計情形-公司EPS獲利表現較同業為佳，惟非經理人之全時員工薪資平均數低於同業水準,薪資統計情形-公司EPS較前一年度成長，惟非經理人之全時員工薪資平均數較前一年度減少),薪資統計情形-公司經營績效與員工薪酬之關聯性及合理性說明
"水泥工業","1101","台泥","1181332","1092","1082","1095","958","946","3.30","898","3.20","N","N","N","",
"水泥工業","1102","亞泥","498194","449","1110","1117","1003","1006","4.70","898","3.20","N","N","N","",
"水泥工業","1103","嘉泥","87689","77","1139","1273","923","1061","1.02","898","3.20","N","N","N","",
"水泥工業","1104","環泥","332115","437","760","758","678","675","1.66","898","3.20","N","N","N","",
"水泥工業","1108","幸福","202058","386","523","521","478","474","0.65","898","3.20","N","N","N","",
"水泥工業","1109","信大","224476","338","664","657","624","612","2.52","898","3.20","N","N","N","",
"水泥工業","1110","東泥","59082","98","603","575","587","558","0.25","898","3.20","N","N","N","",
"食品工業","1201","味全","969652","1319","735","702","657","654","1.00","812","2.79","N","N","N","",
"食品工業","1203","味王","410323","702","585","573","555","544","1.88","812","2.79","N","N","N","",
"食品工業","1210","大成","1674706","2403","697","701","598","591","2.32","812","2.79","N","N","N","",
"食品工業","1213","大飲","44145","99","446","397","402","371","-1.67","812","2.79","Y","N","N","因疫情影響本公司營收不如預期，非經理人之全時員工薪資平均數雖未達50萬元，但為激勵員工士氣，非主管同仁薪資仍依基本薪資調幅調整。",
"食品工業","1215","卜蜂","1482166","2558","579","641","497","504","5.06","812","2.79","N","Y","N","本公司屬勞力密集,生產部員工學歷偏低,如扣除依法申請外勞(約佔總人數36%),本國員工薪資符合市場行情。
110年因疫情因素致生產加班降低,致未成長,而影響薪資平均數。",
"食品工業","1216","統一","6446556","5297","1217","1235","1043","1051","3.50","812","2.79","N","N","N","",
"食品工業","1217","愛之味","351661","514","684","671","582","559","0.41","812","2.79","N","N","N","",
"食品工業","1218","泰山","384927","522","737","748","634","641","1.22","812","2.79","N","N","N","",
"食品工業","1219","福壽","371508","574","647","634","599","591","1.00","812","2.79","N","N","N","",
"食品工業","1220","台榮","120510","200","603","561","553","538","1.00","812","2.79","N","N","N","",
"食品工業","1225","福懋油","152210","217","701","660","614","585","2.07","812","2.79","N","N","N","",
"食品工業","1227","佳格","786123","951","827","800","758","722","2.70","812","2.79","N","N","N","",
"食品工業","1229","聯華","869195","1177","738","735","673","677","2.92","812","2.79","N","Y","N","本公司原屬於食品類股，108年變更為產業投資控股公司，公司獲利貢獻來自於各轉投資事業收益，若單獨以旗下轉投資食品事業與同業比較，獲利並未優於同業。",
"食品工業","1231","聯華食","1236332","1950","634","589","534","499","4.03","812","2.79","N","Y","N","本公司基層生產線作業人員佔全體員工人數達70%，其中外籍同仁及未全年在職人數佔33%，今年員工薪資平均數已較前一年度增加約7.64%，本公司秉持共創價值、利潤分享之理念，將持續提升員工薪資福利。",
"食品工業","1232","大統益","221113","139","1591","1561","1382","1356","7.76","812","2.79","N","N","N","",
"食品工業","1233","天仁","431229","848","509","510","455","446","0.48","812","2.79","N","N","N","",
"食品工業","1234","黑松","411547","528","779","772","577","669","1.98","812","2.79","N","N","N","",
"食品工業","1235","興泰","7103","18","395","382","406","409","0.81","812","2.79","Y","N","N","1.本公司已成立40多年，老員工已退休，目前員工為年資較淺之新員工。
2.公司獲利原因為業外投資收益，本業實則處於虧損狀態。
3.公司依各別員工表現予以調高薪資,並不定期加發獎金以提振員工士氣。",
"食品工業","1236","宏亞","290457","597","487","481","457","425","-0.25","812","2.79","Y","N","N","110年度平均薪資與109年相較已有微幅成長,110年度調整同仁基本薪資，調幅約1.5-2%，但因疫情延續，銷售營運及生產開班數均受影響，故其獎金及加班費僅持平，因此其薪資總額未能大幅成長。",
"塑膠工業","1301","台塑","9477686","6293","1506","1306","1403","1186","11.21","1344","7.15","N","N","N","",
"塑膠工業","1303","南亞","16968738","12035","1410","1197","1369","1132","10.25","1344","7.15","N","N","N","",
"塑膠工業","1304","台聚","676446","460","1471","1201","1318","1090","4.84","1344","7.15","N","N","N","公司於年度營業終了，結算如有盈餘，除繳納稅捐、彌補虧損及提列股息公積金外，視整體營運發展及同仁績效回饋以外部競爭、內部公平及合法性為前提一同分享經營成果。",
"塑膠工業","1305","華夏","808102","679","1190","995","1165","965","4.25","1344","7.15","N","N","N","本公司員工酬勞制度在公司章程中已訂定，所有本公司員工均可分享公司經營成果。
此外，本公司每月發給員工績效獎金，發放標準依當月銷售、毛利、應收帳款、生產力、收率、單位能耗等績效做為計算依據。",
"塑膠工業","1307","三芳","413505","660","627","588","600","551","0.29","1344","7.15","N","N","N","",
"塑膠工業","1308","亞聚","315116","219","1439","1286","1346","1197","5.22","1344","7.15","N","N","N","依據公司營運獲利情形及個人績效，發放年終獎金及調整薪資。",
"塑膠工業","1309","台達化","509592","373","1366","1225","1280","1142","4.89","1344","7.15","N","N","N","每年依公司營運狀況調整員工薪資，並依營運策略全產全銷制訂合理之績效獎金制度，以達營運目標。",
"塑膠工業","1310","台苯","192820","182","1059","1090","1018","1040","0.20","1344","7.15","N","N","N","",
"塑膠工業","1312","國喬","572245","360","1590","1269","1426","1209","6.47","1344","7.15","N","N","N","",
"塑膠工業","1313","聯成","277947","217","1281","1200","891","1123","1.66","1344","7.15","N","N","N","",
"塑膠工業","1314","中石化","1235791","1249","989","777","899","715","1.09","1344","7.15","N","N","N","",
"塑膠工業","1315","達新","201361","336","599","568","520","508","0.04","1344","7.15","N","N","N","",
"建材營造","1316","上曜","24738","37","669","736","592","592","-0.50","888","2.42","N","N","N","",
"汽車工業","1319","東陽","1887763","3048","619","568","532","501","1.16","776","5.81","N","N","N","",
"塑膠工業","1321","大洋","365084","451","809","735","750","689","1.45","1344","7.15","N","N","N","",
"塑膠工業","1323","永裕","436305","731","597","569","513","477","3.04","1344","7.15","N","N","N","",
"塑膠工業","1324","地球","132283","238","556","541","456","457","0.01","1344","7.15","N","N","N","",
"塑膠工業","1325","恆大","107864","228","473","990","389","734","3.26","1344","7.15","Y","N","N","公司依學經歷、職位、年資、工作表現、貢獻度及勞基法規範等因素核薪，110年度因稅前獲利較前一年度減少，員工酬勞僅提撥2.5%，金額為10,105,386元，致使非擔任主管職務之全時員工薪資平均數僅473仟元。",
"塑膠工業","1326","台化","6878548","4503","1528","1320","1435","1189","6.56","1344","7.15","N","N","N","",
"汽車工業","1339","昭輝","132159","259","510","483","449","415","1.83","776","5.81","N","N","N","",
"其他","1342","八貫","193617","301","643","638","510","548","3.92","908","4.11","N","N","N","",
"紡織纖維","1402","遠東新","4076480","4176","976","919","849","808","1.94","699","1.61","N","N","N","",
"紡織纖維","1409","新纖","1342724","1764","761","639","611","549","2.41","699","1.61","N","N","N","",
"紡織纖維","1410","南染","37082","69","537","502","547","524","1.29","699","1.61","N","N","N","",
"紡織纖維","1413","宏洲","125758","194","648","561","614","519","0.80","699","1.61","N","N","N","",
"紡織纖維","1414","東和","111142","197","564","475","527","447","0.65","699","1.61","N","N","N","",
"其他","1416","廣豐","6129","8","766","639","781","599","0.44","908","4.11","N","N","N","",
"紡織纖維","1417","嘉裕","175300","318","551","500","446","454","0.51","699","1.61","N","N","N","",
"紡織纖維","1418","東華","22235","41","542","479","478","429","-3.10","699","1.61","N","N","N","",
"紡織纖維","1419","新紡","303130","465","652","586","564","518","1.51","699","1.61","N","N","N","",
"紡織纖維","1423","利華","28969","57","508","596","442","558","1.11","699","1.61","N","N","N","",
"運動休閒","1432","大魯閣","128517","299","430","481","364","392","-2.05","841","6.49","Y","N","N","本公司訂有薪酬及獎金制度，110年受疫情三級警戒影響，運動休閒業依法停業超過3個月，致營運目標未達成，員工薪酬亦受影響；本公司雖受疫情影響，員工人數未減反增，福利亦無中斷，展望未來營運成長並強化競爭力",
"紡織纖維","1434","福懋","1739310","3065","567","555","507","487","1.27","699","1.61","N","N","N","",
"其他","1435","中福","10050","10","1005","503","552","501","0.05","908","4.11","N","N","N","",
"建材營造","1436","華友聯","30327","35","866","731","842","729","5.08","888","2.42","N","Y","N","本公司EPS較去年高，已確實反映於員工薪酬
1.年終獎金較去年發放增加約41.46%
2.相同平均員工人數，當年度薪資平均數較去年增加約18.47%
3.同業平均為採全國平均，應屬中北部薪資水準皆較高於南部之故",
"其他","1437","勤益控","16002","23","696","650","415","400","2.25","908","4.11","N","N","N","",
"建材營造","1438","三地開發","2338","5","468","543","443","471","0.57","888","2.42","Y","N","Y","本公司110年度僅一建案，人員精簡之故。",
"建材營造","1439","雋揚","3644","4","911","847","898","785","1.39","888","2.42","N","N","N","",
"紡織纖維","1440","南紡","656760","1041","631","563","560","464","1.77","699","1.61","N","Y","N","1.本公司110年員工薪資平均數較去年同期成長12%，已反應本業獲利。
2.外籍員工佔比約20%，影響平均薪資水準。
3.本公司110年EPS較去年增加，尚有來自業外轉投資獲利大幅增加之挹注。",
"紡織纖維","1441","大東","16798","28","600","561","559","520","-0.75","699","1.61","N","N","N","",
"建材營造","1442","名軒","26125","30","871","748","808","726","1.41","888","2.42","N","N","N","",
"其他","1443","立益物流","40471","67","604","573","574","544","1.65","908","4.11","N","N","N","",
"紡織纖維","1444","力麗","578306","1027","563","484","488","420","0.68","699","1.61","N","N","N","",
"紡織纖維","1445","大宇","174027","323","539","488","471","402","-0.19","699","1.61","N","N","N","",
"紡織纖維","1446","宏和","21927","38","577","551","476","472","-0.12","699","1.61","N","N","N","",
"紡織纖維","1447","力鵬","706065","1272","555","495","499","432","0.31","699","1.61","N","N","N","",
"紡織纖維","1449","佳和","408263","812","503","435","482","396","0.83","699","1.61","N","N","N","",
"紡織纖維","1451","年興","412342","693","595","518","526","472","1.23","699","1.61","N","N","N","",
"紡織纖維","1452","宏益","163467","221","740","556","626","462","2.65","699","1.61","N","N","N","",
"建材營造","1453","大將","5474","11","498","494","479","511","1.05","888","2.42","Y","N","N","110年經營績效較109年提升,營業損失4,317仟元,稅後淨利106,039仟元,EPS為1.05元,員工薪資平均數498仟元較109年494仟元增加0.8%,但因110年本業尚屬虧損狀況,故110年員工酬勞與公司經營績效尚屬合理。",
"紡織纖維","1454","台富","197923","384","515","479","449","415","0.04","699","1.61","N","N","N","",
"紡織纖維","1455","集盛","815626","1181","691","567","587","490","1.73","699","1.61","N","Y","N","本公司依經營積效調整員工薪酬，110年獲利增加員工加薪幅度約4%，
年終獎金發放基準135天較109年60天大幅成長，
因外勞人數佔25%影響平均薪資，
110年本國員工平均薪資755仟元仍高於同業平均數",
"建材營造","1456","怡華","13714","22","623","518","626","487","4.85","888","2.42","N","Y","N","本公司110年度員工薪酬均已提升，主要產業為不動產部，次要為紡織部，紡織部員工在台南，110年紡織部毛利率10%，其平均薪資42萬元；不動產部員工主要在台北，110年不動產部毛利率27%，其平均薪資65萬元。",
"紡織纖維","1457","宜進","9603","16","600","685","589","593","0.90","699","1.61","N","N","N","",
"紡織纖維","1459","聯發","86864","174","499","444","447","382","2.01","699","1.61","Y","Y","N","因110年增聘作業人員以外籍勞工為主，故整體薪資平均數低於同業水準。",
"紡織纖維","1460","宏遠","860606","1585","543","491","501","454","0.39","699","1.61","N","N","N","",
"紡織纖維","1463","強盛","96748","180","537","455","500","403","0.49","699","1.61","N","N","N","",
"紡織纖維","1464","得力","397159","742","535","480","494","434","0.48","699","1.61","N","N","N","本公司於110年因疫情趨緩，營運狀況回溫，故平均薪資亦隨之增加。",
"紡織纖維","1465","偉全","74428","161","462","424","428","374","-0.93","699","1.61","Y","N","N","本公司年終獎金給付依據該年度營業績效發放。依公司章程規定，公司年度如有獲利，提撥2%為員工酬勞。
本公司110年度營運虧損，導致相關的變動薪資如獎金及員工酬勞等相對減少所致。",
"紡織纖維","1466","聚隆","216060","332","651","531","600","493","1.60","699","1.61","N","N","N","",
"紡織纖維","1467","南緯","123195","177","696","637","597","548","-0.13","699","1.61","N","N","N","",
"紡織纖維","1468","昶和","21738","39","557","504","507","462","0.06","699","1.61","N","N","N","",
"紡織纖維","1470","大統新創","145861","247","591","525","521","465","0.76","699","1.61","N","N","N","",
"電子零組件業","1471","首利","22805","30","760","758","762","756","-0.12","913","6.80","N","N","N","",
"建材營造","1472","三洋實業","18338","43","426","439","354","409","-1.22","888","2.42","Y","N","Y","公司仍處於虧損狀態，因疫情影響，員工加班時數減少,且又因停產而無加班費產生，110年度未調薪，故影響員工薪資總額。又110年度與109年度比較，因虧損大幅減少，致EPS較前一年度增加,非薪資降低所致",
"紡織纖維","1473","台南","184642","347","532","516","451","450","-0.92","699","1.61","N","N","N","",
"紡織纖維","1474","弘裕","266177","465","572","550","505","501","1.11","699","1.61","N","N","N","",
"紡織纖維","1475","業旺","3172","6","529","561","495","538","3.66","699","1.61","N","Y","Y","主要係(1)110年間部分資深員工因家庭因素離職,故公司聘僱新生代年輕人,工作年資2-3年為主,平均薪資約在35000~38000間,(2)公司110年帳上仍有高額累積虧損尚未彌補,致員工平均薪資較同業低.",
"紡織纖維","1476","儒鴻","1586400","1805","879","793","760","693","18.77","699","1.61","N","N","N","",
"紡織纖維","1477","聚陽","1035317","768","1348","1236","1226","1151","11.20","699","1.61","N","N","N","",
"電機機械","1503","士電","1905762","1875","1016","969","841","818","3.46","783","2.56","N","N","N","",
"電機機械","1504","東元","1908906","2177","877","815","717","670","2.38","783","2.56","N","N","N","",
"電機機械","1506","正道","123910","238","521","479","466","426","0.26","783","2.56","N","N","N","",
"汽車工業","1512","瑞利","114852","214","537","534","492","497","-0.65","776","5.81","N","N","N","",
"電機機械","1513","中興電","1316718","1627","809","747","702","659","4.19","783","2.56","N","N","N","",
"電機機械","1514","亞力","502218","609","825","790","725","688","1.60","783","2.56","N","N","N","",
"電機機械","1515","力山","755281","1341","563","606","486","502","5.80","783","2.56","N","Y","Y","1.營運需求擴充生產線，新進人數增加，且結構配置以直接人員約6成，故整體平均薪資略低。
2.員工酬勞及薪資金額依營運績效逐年增加，110年高於109年，且110年對員工進行調薪。",
"其他","1516","川飛","1042","2","521","763","694","763","1.72","908","4.11","N","N","Y","因應疫情及通膨問題，公司開拓業務及資金控管財務調度得宜，故去年獲利表現較前年佳，因此增募行政基礎員工，故本期非經理人全時員工2名薪資總額去年104萬較前年76萬增加，薪資總額及人員數皆增加，故非減少。",
"電機機械","1517","利奇","351882","659","534","475","502","440","2.00","783","2.56","N","N","N","",
"電機機械","1519","華城","604924","732","826","863","708","726","1.11","783","2.56","N","N","N","",
"汽車工業","1521","大億","472291","770","613","628","565","583","1.08","776","5.81","N","N","N","",
"汽車工業","1522","堤維西","864825","1505","575","514","525","460","0.62","776","5.81","N","N","N","",
"汽車工業","1524","耿鼎","212184","407","521","517","458","456","0.38","776","5.81","N","N","N","",
"汽車工業","1525","江申","179755","310","580","563","519","502","4.18","776","5.81","N","N","N","",
"電機機械","1526","日馳","101598","170","598","627","415","482","4.38","783","2.56","N","Y","Y","由於110年本公司增加聘用外籍勞工
及直接人員,故110年度非主管職之
員工年薪資平均數及中位數整體上
均較前一年低。",
"電機機械","1527","鑽全","432427","712","607","635","540","540","3.37","783","2.56","N","Y","Y","本公司訂有薪資管理辦法，並於公司章程內訂有員工酬勞提撥比率，且配發金額均需經薪資委員會審議。",
"電機機械","1528","恩德","129407","197","657","598","572","529","1.14","783","2.56","N","N","N","",
"電機機械","1529","樂事綠能","23647","45","525","520","480","446","1.03","783","2.56","N","N","N","",
"電機機械","1530","亞崴","244979","369","664","584","539","522","1.35","783","2.56","N","N","N","",
"電機機械","1531","高林股","102477","155","661","644","630","591","0.94","783","2.56","N","N","N","",
"電機機械","1532","勤美","226079","294","769","687","615","591","3.22","783","2.56","N","Y","N","1.外籍員工人數占總人數約33%，其薪資水準較低，影響整體薪資平均數
2.本公司逐漸轉型控股公司，此薪酬調查僅針對台灣員工，但公司國內外轉投資子公司之獲利等因素皆會影響EPS高低，非所有獲利皆來自台灣母公司營運",
"汽車工業","1533","車王電","266829","448","596","557","510","460","0.88","776","5.81","N","N","N","",
"電機機械","1535","中宇","1185427","1157","1025","940","935","844","3.26","783","2.56","N","N","N","",
"汽車工業","1536","和大","591479","930","636","579","607","548","1.23","776","5.81","N","N","N","",
"電機機械","1537","廣隆","86997","110","791","804","644","652","7.58","783","2.56","N","N","N","",
"電機機械","1538","正峰","33739","71","475","486","444","460","-5.13","783","2.56","Y","N","N","(一)公司長期虧損，尚處於轉型階段
(二)因產業別，生產線人員佔比達3成",
"電機機械","1539","巨庭","68052","143","476","447","417","401","1.35","783","2.56","Y","N","N","本公司非擔任主管職務之全時員工(年度)薪資平均數
未達50萬元，主要係因外勞及馬達課現場員工佔本公司員工人數達三分之一其薪資較低，故公司薪資平均數未達50萬元。",
"電機機械","1540","喬福","41213","76","542","481","512","442","-0.04","783","2.56","N","N","N","",
"電機機械","1541","錩泰","255982","436","587","518","537","479","3.80","783","2.56","N","Y","N","公司為維持產業競爭力，在產線中聘僱較多之外籍員工，其中外籍員工及外籍建教合作學生合計290人，佔比非擔任主管職務之全時員工約62.9%，拉低了非擔任主管職務全時員工之薪資平均數。",
"電機機械","1558","伸興","239168","270","886","860","831","820","8.68","783","2.56","N","N","N","",
"電機機械","1560","中砂","1229097","1614","762","680","699","626","4.78","783","2.56","N","Y","N","1.因營運需求擴線及離職遞補，110年的新進以基層生產人員為主，年度年資滿6個月者有94人，影響平均薪資計算。
2.110年全公司有進行例行性調薪，110年平均薪資已高於109年11%。",
"汽車工業","1568","倉佑","230314","404","570","522","526","483","0.29","776","5.81","N","N","N","本公司110年度的訂單獲利已有成長，故相關的變動薪資(如:加班費和獎金等)、員工酬勞增加，另開放員工參與公司庫藏股認購，故本公司無薪資費用與經營績效不相當的情況發生。",
"電子零組件業","1582","信錦","226607","241","940","955","803","797","2.03","913","6.80","N","N","N","",
"電機機械","1583","程泰","223993","344","651","585","587","528","3.30","783","2.56","N","Y","N","1.外籍勞工人數約佔公司人力百分之十，其薪資水準低於本國勞工
2.此薪酬調查僅針對台灣員工，但公司轉投資及海外子公司之獲利等因素皆會影響EPS高低，亦即並非所有獲利皆由台灣總公司所創造",
"汽車工業","1587","吉茂","113424","201","564","469","541","448","1.49","776","5.81","N","N","N","",
"電機機械","1597","直得","268732","363","740","655","665","583","3.82","783","2.56","N","Y","N","同業與本公司產品和專業技能不同，同業產品多以設備組裝製造加工為主，對產值與獲利貢獻有差異。本公司秉持高品質產品及響應政府根留台灣政策，皆於國內生產，薪資報酬依公司章程與綜合考量績效與貢獻度等因素執行。",
"運動休閒","1598","岱宇","357988","599","598","712","508","664","3.48","841","6.49","N","Y","N","本公司從事健身器材之研發、生產與銷售，工廠位於彰化縣，因受北美地區業績衰退影響，110年度營運績效下滑，致非經理人之員工平均薪資減少至598仟元。",
"電器電纜","1603","華電","320280","595","538","507","472","451","1.78","884","3.67","N","N","N","",
"電器電纜","1604","聲寶","531555","666","798","790","715","703","4.52","884","3.67","N","Y","N","聲寶公司去年EPS較同業為佳,惟為深耕本土經營,斥資27億建置台南新廠,並自2021年起陸續遷移產線至台南廠,而非擔任主管職務之全時員工薪資平均數仍自2020年的790提升至798,中位數亦由703提升至715,應尚屬合理。",
"電器電纜","1605","華新","3063353","2575","1190","912","967","751","4.27","884","3.67","N","N","N","",
"電器電纜","1608","華榮","323169","409","790","625","769","610","3.27","884","3.67","N","N","N","",
"電器電纜","1609","大亞","527583","569","927","760","860","722","2.30","884","3.67","N","N","N","員工酬金組合主要包含基本固定薪資、獎金及福利，其中獎金連結績效考核，依個人績效表現、目標達成率、貢獻之價值與營運績效給予合理報酬。",
"電器電纜","1611","中電","1635","1","1635","593","1100","526","0.86","884","3.67","N","N","N","",
"電器電纜","1612","宏泰","433568","365","1188","773","991","684","8.54","884","3.67","N","N","N","",
"電器電纜","1614","三洋電","503000","887","567","533","549","504","1.42","884","3.67","N","N","N","",
"電器電纜","1615","大山","133005","216","616","618","558","553","3.27","884","3.67","N","N","Y","1.公司EPS成長係轉投資公司穫利增加所致。
2.本公司薪資水平在雲林地區屬中上所得，本公司除不斷改善工作環境，及投資自動化設備提高經營績效外，同時辦理年度調薪，並依績效核發年終獎金。",
"電器電纜","1616","億泰","117205","195","601","593","539","522","0.50","884","3.67","N","N","N","",
"電器電纜","1617","榮星","166703","239","698","606","640","550","1.45","884","3.67","N","N","N","",
"電器電纜","1618","合機","139870","207","676","664","640","618","1.04","884","3.67","N","N","N","",
"生技醫療業","1701","中化","547740","787","696","722","577","604","1.74","735","2.38","N","N","N","",
"食品工業","1702","南僑","36311","36","1009","691","729","593","4.32","812","2.79","N","N","N","",
"生技醫療業","1707","葡萄王","307763","372","827","826","796","776","8.81","735","2.38","N","N","N","",
"化學工業","1708","東鹼","140414","147","955","786","886","741","2.69","879","2.08","N","N","N","",
"化學工業","1709","和益","376989","221","1706","1365","1527","1221","1.99","879","2.08","N","N","N","",
"化學工業","1710","東聯","333147","314","1061","919","981","860","1.03","879","2.08","N","N","N","",
"化學工業","1711","永光","869246","1173","741","676","707","647","0.86","879","2.08","N","N","N","",
"化學工業","1712","興農","981841","1342","732","716","654","645","2.19","879","2.08","N","Y","N","1.本公司屬勞力密集之門市服務及生產製造業，與同業型態不同，銷售人員約佔50%、外籍移工5%，影響薪酬水準。不含銷售服務及移工之薪資應符合市場行情。
2.本公司每年均辦理全員調薪，並著重提高基層員工薪酬。",
"化學工業","1713","國化","55743","75","743","676","706","595","1.04","879","2.08","N","N","N","",
"化學工業","1714","和桐","66088","88","751","710","629","618","0.72","879","2.08","N","N","N","",
"化學工業","1717","長興","1922916","1964","979","923","824","797","2.86","879","2.08","N","N","N","",
"化學工業","1718","中纖","423940","629","674","641","614","585","0.00","879","2.08","N","N","N","",
"生技醫療業","1720","生達","618200","777","796","784","699","685","3.95","735","2.38","N","N","N","",
"化學工業","1721","三晃","349640","488","716","735","685","711","-0.38","879","2.08","N","N","N","",
"化學工業","1722","台肥","860121","633","1359","1244","1186","1085","3.10","879","2.08","N","N","N","",
"化學工業","1723","中碳","369600","282","1311","1089","1234","1027","4.73","879","2.08","N","N","N","",
"化學工業","1725","元禎","66441","90","738","680","626","568","1.76","879","2.08","N","N","N","",
"化學工業","1726","永記","487415","662","736","705","670","641","5.45","879","2.08","N","Y","N","1.本公司股本較小，且營運多為勞力密集的生產型態而雇有外籍勞工，是以影響每股盈餘及平均薪資的計算。
2.未來依公司政策及營運狀況調整薪資並透過多項員工福利措施回饋予員工，期許員工薪酬與經營績效相對應。",
"化學工業","1727","中華化","140461","220","638","545","585","500","1.86","879","2.08","N","N","N","",
"化學工業","1730","花仙子","144704","176","822","837","700","714","4.14","879","2.08","N","Y","N","員工酬勞按公司章程規定提列，依績效評量管理程序書設定目標達成率，並考量對公司營運貢獻度作為發放標準。薪酬福利參考公司營運績效、經營風險、考量其對公司績效貢獻度，給予合理報酬，與經營績效有正面關聯性。",
"生技醫療業","1731","美吾華","118465","183","647","623","548","540","1.24","735","2.38","N","N","N","",
"化學工業","1732","毛寶","79570","150","530","525","462","461","0.46","879","2.08","N","N","N","",
"生技醫療業","1733","五鼎","422812","695","608","559","533","487","2.03","735","2.38","N","N","N","",
"生技醫療業","1734","杏輝","380553","708","538","547","491","490","-0.23","735","2.38","N","N","N","",
"化學工業","1735","日勝化","106229","155","685","713","610","654","0.10","879","2.08","N","N","N","",
"運動休閒","1736","喬山","720690","1041","692","651","589","547","0.13","841","6.49","N","N","N","",
"食品工業","1737","臺鹽","443839","467","950","930","872","840","1.97","812","2.79","N","N","N","",
"生技醫療業","1752","南光","305784","577","530","513","470","455","1.94","735","2.38","N","N","N","",
"生技醫療業","1760","寶齡富錦","254447","329","773","750","598","598","1.32","735","2.38","N","N","N","",
"生技醫療業","1762","中化生","295361","307","962","963","848","859","5.17","735","2.38","N","N","N","",
"化學工業","1773","勝一","395426","364","1086","1020","932","873","8.08","879","2.08","N","N","N","",
"化學工業","1776","展宇","73321","110","667","641","622","592","2.05","879","2.08","N","N","N","",
"生技醫療業","1783","和康生","82238","135","609","629","520","591","1.21","735","2.38","N","N","Y","110年度因經營團隊異動、流動率提升，且離職人員含蓋多位薪資較高的資深同仁，使110年之平均薪資略低於109年。",
"生技醫療業","1786","科妍","60379","92","656","710","558","642","1.54","735","2.38","N","N","N","",
"生技醫療業","1789","神隆","518889","647","802","845","721","762","0.31","735","2.38","N","N","N","",
"生技醫療業","1795","美時","471942","458","1030","996","754","668","5.50","735","2.38","N","N","N","",
"玻璃陶瓷","1802","台玻","2947203","4109","717","585","680","556","3.95","699","3.53","N","N","N","",
"建材營造","1805","寶徠","7994","11","727","794","654","657","-0.34","888","2.42","N","N","Y","110年非擔任主管職務之全時員工薪資平均數較前一年度減少，主係當年度部份員工異動，新進員工薪資較離職員工稍低，致平均薪資因而減少。",
"玻璃陶瓷","1806","冠軍","406051","652","623","585","563","534","2.29","699","3.53","N","N","N","",
"建材營造","1808","潤隆","84202","85","991","766","850","709","4.26","888","2.42","N","N","N","",
"玻璃陶瓷","1809","中釉","142677","210","679","648","406","409","0.25","699","3.53","N","N","N","",
"玻璃陶瓷","1810","和成","702307","1047","671","566","590","494","3.33","699","3.53","N","N","N","",
"玻璃陶瓷","1817","凱撒衛","91539","123","744","755","623","627","3.07","699","3.53","N","N","Y","本公司兩年度獲利績效相近，兩年度主要平均年薪差異約11,000元。主因在於110年新進到職25人，因疫情緣故流動率較高，平均下來月薪資較低，因此拉低薪資平均數。",
"造紙工業","1903","士紙","36463","63","579","563","526","525","0.32","860","2.30","N","N","N","",
"造紙工業","1904","正隆","3575255","3566","1003","955","941","904","3.58","860","2.30","N","N","N","",
"造紙工業","1905","華紙","1479468","1923","769","693","708","639","0.45","860","2.30","N","N","N","",
"造紙工業","1906","寶隆","5708","8","714","775","787","808","1.22","860","2.30","N","N","Y","本公司EPS較前一年度增加，係業外投資收益增加，非營業利益增加。台灣非擔任主管職務之全時員工薪資平均數減少，主要因部分年獎改至111年1月發放影響約15天，110年應計獎金天數與前一年相同，尚屬合理。",
"造紙工業","1907","永豐餘","3330936","4058","821","767","726","678","3.13","860","2.30","N","Y","N","本公司已由造紙改制投資控股公司，薪酬連結各子公司營運績效，主要獲利來自於非造紙業之投資事業。計算平均薪資之造紙事業年度獲利佔比未達全公司一半，為照顧員工，造紙事業薪資連年調增，薪資平均數年增率達7%",
"造紙工業","1909","榮成","767918","1047","733","691","697","650","1.84","860","2.30","N","N","N","",
"鋼鐵工業","2002","中鋼","22920903","9714","2360","1195","2226","1184","4.02","1481","3.86","N","N","N","",
"鋼鐵工業","2006","東和鋼鐵","1988884","1685","1180","988","1139","938","5.95","1481","3.86","N","Y","N","本公司110年因現金減資及營運成長，EPS$5.95較109年成長，並且每年依營運獲利情形及個人績效，發放盈餘獎金、年終獎金及員工酬勞，110年非擔任主管職務之全時員工薪資平均數較109年增加，與公司經營績效成正比。",
"鋼鐵工業","2007","燁興","281350","425","662","561","627","528","0.02","1481","3.86","N","N","N","",
"鋼鐵工業","2008","高興昌","103632","204","508","494","477","467","0.21","1481","3.86","N","N","N","",
"鋼鐵工業","2009","第一銅","166052","239","695","513","682","494","1.18","1481","3.86","N","N","N","",
"鋼鐵工業","2010","春源","1009341","1422","710","675","639","601","1.88","1481","3.86","N","N","N","",
"鋼鐵工業","2012","春雨","341850","546","626","560","571","504","2.81","1481","3.86","N","N","N","",
"鋼鐵工業","2013","中鋼構","684715","450","1522","1764","1352","1545","2.49","1481","3.86","N","N","N","",
"鋼鐵工業","2014","中鴻","1727686","1171","1475","852","1412","829","4.42","1481","3.86","N","Y","N","本公司員工薪資政策符合並優於政府法規,薪資包含基本薪給、獎金與員工酬勞等,獎酬與公司經營績效正相關,依年度獲利狀況及績效給付,故110年度獲利增加,員工薪資平均數較109年度增加,與同業無重大差異。",
"鋼鐵工業","2015","豐興","963886","870","1108","992","989","902","6.94","1481","3.86","N","Y","N","公司獲利表現(EPS)較前一年度增加，依公司薪資獎酬辦法發放薪酬，非擔任主管職務之員工薪資之平均數較前一年度增加116仟元，增幅約12%。",
"鋼鐵工業","2017","官田鋼","154735","257","602","518","485","427","1.98","1481","3.86","N","N","N","",
"鋼鐵工業","2020","美亞","262120","323","812","695","795","633","3.52","1481","3.86","N","N","N","",
"鋼鐵工業","2022","聚亨","69248","120","577","540","517","471","0.89","1481","3.86","N","N","N","",
"鋼鐵工業","2023","燁輝","1024556","1285","797","698","777","673","2.75","1481","3.86","N","N","N","本公司薪酬制度除訂有基本薪資結構及各項津貼項目外，另依據每月之營運績效及衡酌各單位工作表現之關聯性核發每月產銷獎金。
並視全年度獲利狀況及合理評鑑同仁績效表現後，核發年終績效獎金。",
"鋼鐵工業","2024","志聯","104872","170","617","516","577","466","1.47","1481","3.86","N","N","N","",
"鋼鐵工業","2025","千興","32457","56","580","489","580","463","0.98","1481","3.86","N","N","N","",
"鋼鐵工業","2027","大成鋼","1621977","935","1735","585","1400","504","5.76","1481","3.86","N","N","N","",
"鋼鐵工業","2028","威致","323039","361","895","740","851","700","5.11","1481","3.86","N","Y","N","雖然獲利狀況良好，但考慮公司設備老舊須靠未來獲利做改善，故員工薪資未與營業績效做連結。",
"鋼鐵工業","2029","盛餘","566110","467","1212","1029","1149","961","3.94","1481","3.86","N","Y","N","1.全時員工薪資平均數較去年增加17.78%，屬於正向成長。
2.因聘用新進員工比例增加影響平均薪資水準。
3.公司已充分考量經營績效及未來風險之關連性而給予合理報酬。",
"鋼鐵工業","2030","彰源","442645","629","704","599","568","532","4.29","1481","3.86","N","Y","N","本公司110年EPS4.29元較109年0.38元增加3.91元，非擔任主管職務之全時員工薪資平均數704(仟元/人)較109年599(仟元/人)增加105(仟元/人)，薪酬與公司績效成正比。",
"鋼鐵工業","2031","新光鋼","246880","250","988","716","813","615","8.62","1481","3.86","N","Y","N","本公司非經理人之全時員工之酬金金額，乃依其職務職位、營運參與程度及貢獻價值、該年度公司經營績效及考量公司未來風險，由單位主管評量提案，提交至總經理審議核定並送交薪酬委員會報告。",
"鋼鐵工業","2032","新鋼","100878","173","583","544","554","513","1.28","1481","3.86","N","N","N","",
"鋼鐵工業","2033","佳大","61450","121","508","483","493","463","0.18","1481","3.86","N","N","N","",
"鋼鐵工業","2034","允強","648868","789","822","629","725","575","2.86","1481","3.86","N","N","N","",
"鋼鐵工業","2038","海光","243441","358","680","560","616","546","2.54","1481","3.86","N","N","N","",
"電機機械","2049","上銀","4097773","4468","917","754","839","719","10.36","783","2.56","N","N","N","",
"電子零組件業","2059","川湖","402124","525","766","606","678","509","21.75","913","6.80","N","Y","N","本公司生產製造皆在台灣，員工佔多數為產線基本作業人力。
然而本公司於年度終了依照經營績效與獲利狀況扣除應有稅捐及法定提撥後倘有盈餘，即秉持著與全體員工共享之理念與全員共享。",
"居家生活","2062","橋椿","492906","898","549","506","486","432","2.48","668","5.40","N","N","N","",
"鋼鐵工業","2069","運錩","103162","124","832","491","736","432","4.73","1481","3.86","N","Y","N","1、公司擴編新進人員較多，故平均年資較低。
2、外籍勞工佔比約20%,拉低平均薪資。",
"橡膠工業","2101","南港","761492","1115","683","755","592","647","-0.29","751","2.79","N","N","N","",
"橡膠工業","2102","泰豐","386770","710","545","620","515","584","-5.11","751","2.79","N","N","N","",
"橡膠工業","2103","台橡","773836","647","1196","1007","1078","907","4.76","751","2.79","N","N","N","",
"橡膠工業","2104","國際中橡","406250","557","729","594","554","492","3.50","751","2.79","N","Y","N","1.因110年認列一次性權利金和解收入，故EPS獲利表現較同業為佳。
2.各事業群薪資獎金係參考年度實際獲利貢獻訂定。",
"橡膠工業","2105","正新","3889968","5415","718","663","650","624","1.63","751","2.79","N","N","N","",
"橡膠工業","2106","建大","1209422","1861","650","622","598","576","1.01","751","2.79","N","N","N","",
"橡膠工業","2107","厚生","114217","182","628","570","572","522","2.27","751","2.79","N","N","N","本公司110年受疫情影響，EPS略低於前一年，其主要貢獻仍多來自於營建房屋銷售部份。另，本公司製造部110年營收較前一年成長約8%，員工薪資支出明顯高於前一年。",
"橡膠工業","2108","南帝","607468","304","1998","1455","1806","1367","14.92","751","2.79","N","N","N","",
"橡膠工業","2109","華豐","383216","672","570","532","511","475","1.30","751","2.79","N","N","N","",
"橡膠工業","2114","鑫永銓","55490","102","544","466","521","446","12.42","751","2.79","N","Y","N","1.本公司秉持共創價值、利潤分享之理念，持續優化 
  同仁薪酬水準。110年員工薪資平均數較去年提升 
  17%
2.110年EPS較去年大幅增加，係受惠於業外投資利 
  益增加EPS6.96元，本業EPS與去年並無太大差 
  異",
"汽車工業","2201","裕隆","1049442","1217","862","947","804","905","4.82","776","5.81","N","N","Y","本公司因2021年發展新事業，招募較多現場基層作業員工(約占2021年度總員工人數13.5%)，致平均年薪較往年略低。",
"汽車工業","2204","中華","2132010","1921","1110","1067","1007","984","7.67","776","5.81","N","N","N","",
"汽車工業","2206","三陽工業","2023829","2219","912","937","898","919","2.30","776","5.81","N","N","N","",
"汽車工業","2207","和泰車","1277901","527","2425","2336","1936","1871","29.68","776","5.81","N","N","N","",
"航運業","2208","台船","2745711","2872","956","982","970","1083","0.02","1321","15.90","N","N","Y","109年度EPS-3.38、110年度EPS0.02，109年度薪資平均數982仟元、110年度薪資平均數956仟元，110年度稅後虧損雖較109年度減少，因應退休潮及發展新事業之故，大量招考新進人員，以致於薪資平均數較前一年度減少。",
"鋼鐵工業","2211","長榮鋼","479383","520","922","819","892","822","3.11","1481","3.86","N","N","N","",
"汽車工業","2227","裕日車","423354","358","1183","1141","1126","1078","10.09","776","5.81","N","N","N","",
"汽車工業","2228","劍麟","235374","389","605","618","518","541","3.14","776","5.81","N","N","Y","1.EPS主要歸功於海外子公司
2.合理性：每年參考CPI、外部薪資調查，檢視薪等表市場定位；近10年平均調薪幅度>3 %
3.關聯性：自105年度起，依據年度獲利狀況發放員工酬勞；每年視經營績效決議調薪幅度與年獎發放額",
"汽車工業","2231","為升","246454","384","642","560","574","491","4.23","776","5.81","N","N","N","",
"汽車工業","2233","宇隆","202031","297","680","588","601","473","9.01","776","5.81","N","Y","N","本公司基層人力占比高，直接員工人數占比為公司總人數52%且其中44%為外籍移工，因人力結構占比致影響公司整體薪資平均水準。",
"汽車工業","2241","艾姆勒","252214","388","650","575","592","534","-1.23","776","5.81","N","N","N","",
"汽車工業","2247","汎德永業","1388957","1458","953","927","749","734","15.36","776","5.81","N","N","N","",
"電腦及週邊設備業","2301","光寶科","5274140","3678","1434","1376","1154","1169","6.01","1326","6.69","N","N","N","",
"半導體業","2302","麗正","33855","55","616","602","464","523","0.51","1704","14.51","N","N","N","",
"半導體業","2303","聯電","18791916","12987","1447","1369","1150","1071","4.57","1704","14.51","N","N","N","",
"電腦及週邊設備業","2305","全友","65671","93","706","717","663","676","0.06","1326","6.69","N","N","N","",
"電子零組件業","2308","台達電","14878177","9758","1525","1433","1293","1215","10.32","913","6.80","N","N","N","",
"其他電子業","2312","金寶","566008","528","1072","1125","926","965","0.01","1219","7.94","N","N","N","",
"電子零組件業","2313","華通","3795790","4270","889","806","793","702","4.31","913","6.80","N","N","N","",
"通信網路業","2314","台揚","452518","568","797","839","634","693","-1.97","1144","2.39","N","N","N","",
"電子零組件業","2316","楠梓電","711705","1290","552","509","527","475","2.94","913","6.80","N","N","N","",
"其他電子業","2317","鴻海","9237471","3611","2558","2417","1829","1662","10.05","1219","7.94","N","N","N","",
"通信網路業","2321","東訊","124725","157","794","782","661","649","0.12","1144","2.39","N","N","N","",
"光電業","2323","中環","414491","691","600","641","562","550","0.14","1086","4.60","N","N","Y","110年度公司經營績效比109年度好，員工薪資平均數卻比109年度下降，其主要原因為109年度公司致力於人力合理精簡計劃並依規定給付資遣費，若將此因素排除，110年度員工薪資平均數比109年度提升10%。",
"電腦及週邊設備業","2324","仁寶","10264624","8214","1250","1204","1059","1026","2.90","1326","6.69","N","N","N","",
"電子零組件業","2327","國巨","2897027","3879","747","712","637","554","46.46","913","6.80","N","Y","N","因台灣區基層員工人數比重較高(逾50%),人力結構不同於其他公司。公司依員工職責考核績效表現及貢獻度給予相對應的薪酬,公司營收獲利成長,已部份反應在110年薪資成長上,會持續參考同業薪資水平做合理調整。",
"電子零組件業","2328","廣宇","44779","36","1244","1333","1185","1229","1.87","913","6.80","N","N","Y","雖然本公司EPS較前一年度增加，惟在台人數占多數的事業單位因增加研發團隊成員，且該些事業單位當年度獲利減少，致所分配之獎金不及前一年度。",
"半導體業","2329","華泰","3057705","4591","666","488","573","424","2.24","1704","14.51","N","N","N","",
"半導體業","2330","台積電","129030065","53212","2425","2377","1851","1819","23.01","1704","14.51","N","N","N","",
"電腦及週邊設備業","2331","精英","766892","793","967","964","788","755","0.13","1326","6.69","N","N","N","",
"通信網路業","2332","友訊","698743","623","1122","1071","928","980","0.38","1144","2.39","N","N","N","",
"半導體業","2337","旺宏","6582561","3590","1834","1424","1388","1093","6.48","1704","14.51","N","N","N","",
"半導體業","2338","光罩","343629","268","1282","980","1076","853","5.65","1704","14.51","N","N","N","",
"半導體業","2340","台亞","929108","916","1014","756","839","648","2.11","1704","14.51","N","N","N","",
"半導體業","2342","茂矽","467398","568","823","758","707","671","1.58","1704","14.51","N","N","N","",
"半導體業","2344","華邦電","6600515","2831","2332","1423","1858","1225","3.42","1704","14.51","N","N","N","",
"通信網路業","2345","智邦","2973427","2827","1052","1030","732","665","8.44","1144","2.39","N","Y","N","本公司所公告之110年度薪酬相關資料，其中與生產相關的技術員人數占比為47.8%，而同業中各公司人員之組成不盡相同，故僅單純比較薪資平均數恐有偏差。",
"電子通路業","2347","聯強","822031","697","1179","1032","1006","862","10.35","1110","6.95","N","N","N","",
"其他","2348","海悅","263414","192","1372","1354","1136","1057","15.58","908","4.11","N","N","N","",
"光電業","2349","錸德","400609","615","651","611","566","499","-0.49","1086","4.60","N","N","N","",
"半導體業","2351","順德","996902","1391","717","600","608","549","4.68","1704","14.51","N","N","N","",
"電腦及週邊設備業","2352","佳世達","2668298","1676","1592","1509","1258","1238","4.22","1326","6.69","N","N","N","",
"電腦及週邊設備業","2353","宏碁","3455176","1578","2190","1663","1651","1296","3.63","1326","6.69","N","N","N","",
"其他電子業","2354","鴻準","832982","203","4103","3860","3390","3116","3.17","1219","7.94","N","N","N","",
"電子零組件業","2355","敬鵬","2018735","3006","672","598","601","533","0.85","913","6.80","N","N","N","",
"電腦及週邊設備業","2356","英業達","5558012","5427","1024","996","838","809","1.82","1326","6.69","N","N","N","",
"電腦及週邊設備業","2357","華碩","12448170","6219","2002","1612","1504","1243","59.98","1326","6.69","N","N","N","",
"其他","2358","廷鑫","91480","178","514","460","452","408","1.29","908","4.11","N","N","N","",
"其他電子業","2359","所羅門","203494","234","870","856","787","791","1.16","1219","7.94","N","N","N","",
"其他電子業","2360","致茂","1915832","1715","1117","1065","952","923","9.96","1219","7.94","N","Y","N","1.本公司110年度因有處分廠房利益致EPS表現優於同業平均，若不計入此非經常性收益則本公司之EPS為6.20，並未高於同業平均值。
2.本公司非擔任主管職務之全時員工薪資平均數 ,已持續逐年調升。",
"電腦及週邊設備業","2362","藍天","558868","469","1192","1135","1073","1007","3.03","1326","6.69","N","N","N","",
"半導體業","2363","矽統","187897","150","1253","1227","1097","1105","0.29","1704","14.51","N","N","N","",
"電腦及週邊設備業","2364","倫飛","101766","147","692","670","589","616","1.14","1326","6.69","N","N","N","",
"電腦及週邊設備業","2365","昆盈","38151","46","829","932","718","801","0.23","1326","6.69","N","N","N","",
"電子零組件業","2367","燿華","2597365","4646","559","560","503","513","-0.39","913","6.80","N","N","Y","本公司110年度EPS提升主因係認列上海展華廠搬遷補償金稅前利益新台幣15億餘元，但實質營業淨損近16億(個體)；因此非擔任主管職務之全時員工（年度）薪資平均數僅較109年度減少1仟元(560仟元→559仟元)。",
"電子零組件業","2368","金像電","1682446","2200","765","683","623","574","5.41","913","6.80","N","N","N","",
"半導體業","2369","菱生","1380434","2273","607","544","511","483","2.35","1704","14.51","N","N","N","",
"電機機械","2371","大同","1877693","2572","730","676","645","596","1.57","783","2.56","N","N","N","",
"其他電子業","2373","震旦行","684741","947","723","703","636","633","6.19","1219","7.94","N","N","N","",
"光電業","2374","佳能","531549","479","1110","1045","995","1027","2.42","1086","4.60","N","N","N","",
"電子零組件業","2375","凱美","25581","35","731","711","759","698","8.62","913","6.80","N","Y","N","本公司本年度獲利表現較同業佳除本業外尚有業外收入採用權益法認列子公司關聯企業及合資利益共計約新台幣1,027,310仟元。員工酬勞估列係考量獲利情形及公司資金需求並兼顧股東權益在不超過公司章程範圍內估列。",
"電腦及週邊設備業","2376","技嘉","3730161","2530","1474","1143","1002","859","21.01","1326","6.69","N","N","N","",
"電腦及週邊設備業","2377","微星","5348894","2764","1935","1414","1606","1215","20.03","1326","6.69","N","N","N","",
"半導體業","2379","瑞昱","18152017","4446","4083","2360","3270","1946","33.00","1704","14.51","N","N","N","",
"電腦及週邊設備業","2380","虹光","320094","371","863","843","765","744","-0.69","1326","6.69","N","N","N","",
"電腦及週邊設備業","2382","廣達","13015467","9164","1420","1307","1174","1112","8.73","1326","6.69","N","N","N","",
"電子零組件業","2383","台光電","842880","901","935","826","767","687","16.50","913","6.80","N","N","N","",
"電子零組件業","2385","群光","1390229","788","1764","1750","1482","1516","8.71","913","6.80","N","N","N","",
"電腦及週邊設備業","2387","精元","202726","274","740","706","670","640","5.31","1326","6.69","N","N","N","",
"半導體業","2388","威盛","558608","359","1556","1492","1424","1325","8.01","1704","14.51","N","N","N","",
"其他電子業","2390","云辰","67753","65","1042","763","1012","708","6.67","1219","7.94","N","N","N","",
"電子零組件業","2392","正崴","905781","767","1181","1199","1034","1041","1.90","913","6.80","N","N","N","",
"光電業","2393","億光","1155181","1420","814","760","598","596","4.37","1086","4.60","N","N","N","",
"電腦及週邊設備業","2395","研華","3443123","2992","1151","1024","996","857","10.67","1326","6.69","N","Y","N","本公司員工薪酬與經營績效緊密連結，在激勵上，除績效&#22892;金及員工分紅外，另有發放員工認股權證，但其價值不被證交所列入計算員工薪資平均數中，且我們有43%員工服務於營運製造體系，員工結構相較同業大不相同.",
"電腦及週邊設備業","2397","友通","473871","559","848","737","672","589","5.38","1326","6.69","N","N","N","",
"電腦及週邊設備業","2399","映泰","144159","135","1068","866","861","718","2.03","1326","6.69","N","N","N","",
"半導體業","2401","凌陽","454354","315","1442","1404","1235","1231","2.01","1704","14.51","N","N","N","",
"電子零組件業","2402","毅嘉","90158","177","509","669","455","562","0.75","913","6.80","N","N","Y","產線擴充，作業人員較前一年度增加，致薪資平均數下降",
"其他電子業","2404","漢唐","1082865","794","1364","1552","1190","1345","14.53","1219","7.94","N","N","N","",
"電腦及週邊設備業","2405","輔信","209356","201","1042","859","903","734","0.58","1326","6.69","N","N","N","",
"光電業","2406","國碩","87081","133","655","636","601","588","0.09","1086","4.60","N","N","N","",
"半導體業","2408","南亞科","5857210","3375","1735","1412","1377","1166","7.40","1704","14.51","N","N","N","",
"光電業","2409","友達","29226072","19811","1475","972","972","783","6.44","1086","4.60","N","N","N","",
"通信網路業","2412","中華電","30631835","20322","1507","1489","1478","1467","4.61","1144","2.39","N","N","N","",
"電子零組件業","2413","環科","345142","663","521","520","452","467","0.35","913","6.80","N","N","N","",
"電子通路業","2414","精技","331919","366","907","820","815","739","3.44","1110","6.95","N","N","N","",
"電子零組件業","2415","錩新","23532","24","981","1001","852","900","2.73","913","6.80","N","N","Y","本公司110年度EPS較前一年度增加，但該年度新聘基層員工人數增加，導致非擔任主管職務之全時員工(年度)薪資平均數較前一年度減少兩萬，約每月減少千餘元，尚屬合理。",
"電腦及週邊設備業","2417","圓剛","218180","211","1034","1265","975","1081","0.27","1326","6.69","N","N","N","",
"通信網路業","2419","仲琦","270187","267","1012","1241","890","1020","0.22","1144","2.39","N","N","N","",
"電子零組件業","2420","新巨","321023","558","575","584","498","492","3.82","913","6.80","N","N","Y","因公司進行人力精實作業，部分離職同仁為年資較久及薪資較高之理級/課級人員，故進而拉低本年度平均數。",
"電子零組件業","2421","建準","477281","557","857","978","686","810","1.71","913","6.80","N","N","N","",
"其他電子業","2423","固緯","329961","359","919","892","840","818","2.00","1219","7.94","N","N","N","",
"通信網路業","2424","隴華","8789","15","586","679","544","611","-8.57","1144","2.39","N","N","N","",
"電腦及週邊設備業","2425","承啟","8812","13","678","649","690","680","1.27","1326","6.69","N","N","N","",
"光電業","2426","鼎元","477371","674","708","581","619","524","2.41","1086","4.60","N","N","N","",
"資訊服務業","2427","三商電","484549","651","744","709","692","662","0.81","952","2.48","N","N","N","",
"電子零組件業","2428","興勤","391232","450","869","777","656","630","12.31","913","6.80","N","Y","N","本公司直接人員約佔員工人數65%；間接人員含技術、研發、管理約佔員工人數35%。本公司屬勞力密集產業，員工薪酬及公司經營績效配置應屬合理。",
"光電業","2429","銘旺科","28922","62","466","468","359","358","0.05","1086","4.60","Y","N","Y","110年因公司營運部門組織調整，使薪資相對較高之業務單位人數減少，而新進員工係以直接人員佔多數，導致整體平均薪資，較109年略為下降。",
"電子通路業","2430","燦坤","1354958","1955","693","637","633","581","3.93","1110","6.95","N","N","N","",
"電子零組件業","2431","聯昌","34330","42","817","849","721","711","1.03","913","6.80","N","N","Y","110年EPS較109年增加係因子公司土地徵收補償款挹注之業外收入所致，實際上110年本業為鉅額之營業虧損，
造成公司EPS雖較前一年度增加，但非擔任主管職務之全時員工（年度）薪資平均數較前一年度減少之現象。",
"其他電子業","2433","互盛電","273074","390","700","700","637","637","3.80","1219","7.94","N","N","N","",
"半導體業","2434","統懋","11575","21","551","685","502","560","-0.54","1704","14.51","N","N","N","",
"半導體業","2436","偉詮電","409894","284","1443","1194","1352","1101","4.25","1704","14.51","N","N","N","",
"光電業","2438","翔耀","12698","25","508","531","463","445","-0.07","1086","4.60","N","N","N","",
"通信網路業","2439","美律","602326","674","894","919","718","714","5.40","1144","2.39","N","Y","N","產業型態不盡相同，客戶、產品、技術差異甚大，營運和品牌經營各異；110年EPS較前一年度略減，而員工薪酬為依據前一年度獲利而分配之變動獎金，整體言之，平均薪資佔整體獲利比例和同業相較，差異不大。",
"電子零組件業","2440","太空梭","15031","16","939","832","878","758","0.75","913","6.80","N","N","N","",
"半導體業","2441","超豐","3745547","4008","935","814","756","690","8.09","1704","14.51","N","N","N","",
"建材營造","2442","新美齊","66626","55","1211","985","946","815","1.99","888","2.42","N","N","N","",
"其他","2443","昶虹","8523","9","947","760","754","664","-0.73","908","4.11","N","N","N","",
"通信網路業","2444","兆勁","217909","452","482","460","422","403","0.12","1144","2.39","Y","N","N","公司為以生產為主之網通製造業,依據營運人力需求多數為生產線之基層人員,因此薪資普遍不高,本司已於110年調整員工薪資,均數為3%,薪資結構調整無法於一年內大幅增加。",
"半導體業","2449","京元電子","5495089","6847","803","721","662","602","4.23","1704","14.51","N","N","N","",
"通信網路業","2450","神腦","1199945","1978","607","564","568","523","2.31","1144","2.39","N","N","N","",
"半導體業","2451","創見","788591","998","790","725","631","608","5.90","1704","14.51","N","N","N","",
"資訊服務業","2453","凌群","883243","998","885","868","811","778","2.16","952","2.48","N","N","N","",
"半導體業","2454","聯發科","46833111","9094","5150","3089","3992","2641","70.56","1704","14.51","N","N","N","",
"通信網路業","2455","全新","287900","234","1230","943","845","654","4.62","1144","2.39","N","N","N","",
"電子零組件業","2457","飛宏","451204","517","873","855","744","744","-0.92","913","6.80","N","N","N","本公司依據員工職能符合程度，及遵循勞動法令規範核定薪資，並考量內部公平及外部平衡給薪，每年依前一年度營運狀況、成長率、當年度物價指數、員工績效表現辦理獎酬之分配，以獎勵員工的貢獻，並激勵員工繼續努力。",
"半導體業","2458","義隆","1999254","1015","1970","1719","1798","1493","17.64","1704","14.51","N","N","N","",
"其他電子業","2459","敦吉","60072","62","969","950","933","906","5.01","1219","7.94","N","N","N","",
"電子零組件業","2460","建通","87079","129","675","524","594","486","1.47","913","6.80","N","N","N","",
"其他電子業","2461","光群雷","101454","135","752","673","651","570","2.42","1219","7.94","N","N","N","",
"電子零組件業","2462","良得電","43676","44","993","1022","883","874","0.83","913","6.80","N","N","N","",
"其他電子業","2464","盟立","1203287","1072","1122","1011","927","856","2.70","1219","7.94","N","N","N","",
"電腦及週邊設備業","2465","麗臺","249283","294","848","801","710","647","8.12","1326","6.69","N","Y","N","本公司員工薪酬除依公司章程規定提列外，並參酌當年度獲利情形並衡量員工績效據以辦理相關調薪及獎酬事宜。110年度非經理人全時員工薪酬平均數較上期增加47千元，平均員工薪資費用調整變動約5.9%。",
"光電業","2466","冠西電","66872","124","539","542","404","370","0.35","1086","4.60","N","N","Y","本公司員工薪酬政策，依員工職責考核其個人績效表現及對公司之貢獻度，並考量公司營運狀況來給予相應之酬金。110年度薪資平均數低於109年度，主係110年新進員工多為生產線人員，故而使110年度平均薪資下降。",
"電子零組件業","2467","志聖","359762","328","1097","983","921","846","4.35","913","6.80","N","N","N","",
"資訊服務業","2468","華經","166187","251","662","682","595","605","0.64","952","2.48","N","N","Y","本公司為發展雲管理平台,110年度轉調部分較資深高薪技術人員至關係企業,推動技術研發工作,致非主管員工薪資平均數較前一年度減少,如將集團非主管員工薪資合併計算,平均數為新台幣694仟元,較前一年度增加12仟元",
"資訊服務業","2471","資通","304715","260","1172","1117","1078","1025","2.42","952","2.48","N","N","N","",
"電子零組件業","2472","立隆電","99954","92","1086","956","1028","763","6.12","913","6.80","N","N","N","",
"其他電子業","2474","可成","2818618","4386","643","669","540","574","11.31","1219","7.94","N","Y","N","電子業產品因生產週期及型態不同，人力結構組成就不相同，台灣可成直接人力佔全公司比重約70%，因此在年薪呈現上會較其他電子業在台灣是以研發為主的公司低。",
"電子零組件業","2476","鉅祥","444033","628","707","668","633","587","3.49","913","6.80","N","N","N","",
"其他電子業","2477","美隆電","161973","213","760","768","641","670","8.27","1219","7.94","N","Y","Y","本公司獲利較去年大幅成長也比同業佳，主要係因大陸子公司房地徵收的處分利益較高所致，而因響應政府回台投資增設生產線，基本作業人力需求增加，使得非經理人之全時員工薪資總額增加，但平均數微幅減少。",
"電子零組件業","2478","大毅","613923","829","741","661","585","505","6.60","913","6.80","N","N","N","",
"資訊服務業","2480","敦陽科","491914","490","1004","959","932","891","6.00","952","2.48","N","N","N","",
"半導體業","2481","強茂","1097229","1425","770","688","619","556","5.66","1704","14.51","N","N","N","",
"其他電子業","2482","連宇","122183","169","723","722","576","612","0.11","1219","7.94","N","N","N","",
"電子零組件業","2483","百容","287434","542","530","489","471","430","1.40","913","6.80","N","N","N","",
"電子零組件業","2484","希華","471548","720","655","534","582","493","2.54","913","6.80","N","N","N","",
"通信網路業","2485","兆赫","535524","933","574","573","431","417","-1.11","1144","2.39","N","N","N","",
"光電業","2486","一詮","561545","760","739","605","629","543","1.79","1086","4.60","N","N","N","",
"其他電子業","2488","漢平","105096","143","735","745","637","625","1.79","1219","7.94","N","N","N","",
"光電業","2489","瑞軒","551963","328","1683","1283","1378","1128","6.30","1086","4.60","N","N","N","",
"光電業","2491","吉祥全","3266","6","544","585","522","545","0.63","1086","4.60","N","N","N","",
"電子零組件業","2492","華新科","2171251","2708","802","764","595","583","16.35","913","6.80","N","Y","N","本公司員工薪酬定期參酌外部薪資水準給予合理報酬，惟直接人工含外籍移工佔比較高（約71%），致使平均數較同業低。",
"電子零組件業","2493","揚博","252969","250","1012","987","867","820","3.00","913","6.80","N","N","N","",
"電腦及週邊設備業","2495","普安","368219","416","885","868","772","767","0.53","1326","6.69","N","N","N","",
"其他","2496","卓越","4789","8","599","601","586","660","3.02","908","4.11","N","N","N","",
"汽車工業","2497","怡利電","253172","413","613","579","572","549","0.81","776","5.81","N","N","N","",
"通信網路業","2498","宏達電","2099359","1786","1175","1125","949","886","-3.75","1144","2.39","N","N","N","",
"建材營造","2501","國建","135428","130","1042","1037","941","956","0.73","888","2.42","N","N","N","",
"建材營造","2504","國產","540813","585","924","878","883","863","2.42","888","2.42","N","N","N","",
"建材營造","2505","國揚","59568","57","1045","1373","926","1271","2.58","888","2.42","N","N","N","",
"建材營造","2506","太設","53097","66","805","817","740","770","0.13","888","2.42","N","N","Y","109年度有三位主管級員工離職未遞補，110年度新進員工無主管級員工，故全時員工薪資較109年度略減。",
"建材營造","2509","全坤建","36981","49","755","759","737","695","0.20","888","2.42","N","N","N","",
"建材營造","2511","太子","162576","187","869","744","856","697","0.95","888","2.42","N","N","N","",
"其他","2514","龍邦","15398","20","770","1401","703","1011","2.45","908","4.11","N","N","N","",
"建材營造","2515","中工","730552","962","759","715","705","644","1.75","888","2.42","N","N","N","",
"建材營造","2516","新建","460875","740","623","652","560","585","0.47","888","2.42","N","N","Y","本公司110年度EPS雖較前一年度增加,惟尚有累積虧損金額待彌補;另因本公司近年來推行退休管理辦法,部分資深員工已辦理退休,人事結構上亦做部分變動調整。",
"建材營造","2520","冠德","95758","73","1312","1585","1105","1391","6.47","888","2.42","N","N","N","",
"建材營造","2524","京城","32065","29","1106","1021","996","964","4.54","888","2.42","N","N","N","",
"建材營造","2527","宏璟","24003","29","828","820","846","807","6.19","888","2.42","N","Y","N","本公司110年因有大型工案完工銷售認列收入，致EPS創歷年新高，惟此情形並非常態，故EPS雖較同業為佳，非擔任主管職務之全時員工（年度）薪資平均數卻略低於同業水準。本公司111年已調薪3-5%。",
"建材營造","2528","皇普","34207","46","744","627","658","689","1.49","888","2.42","N","N","N","",
"建材營造","2530","華建","27542","26","1059","978","989","867","-0.20","888","2.42","N","N","N","",
"建材營造","2534","宏盛","47792","60","797","685","712","652","1.78","888","2.42","N","N","N","",
"建材營造","2535","達欣工","711913","634","1123","1136","1073","1043","3.78","888","2.42","N","N","Y","本公司於109年3月開始引進外勞，列入非主管薪資計算人數為53人，110年度外勞人數增加列入非主管薪資計算人數為為113人，致非經理人之全時員工薪資平均數較前一年度減少。",
"建材營造","2536","宏普","21844","21","1040","1187","977","1171","-0.10","888","2.42","N","N","N","",
"建材營造","2537","聯上發","24716","26","951","828","946","783","1.38","888","2.42","N","N","N","",
"建材營造","2538","基泰","5063","4","1266","1029","1283","1320","-0.31","888","2.42","N","N","N","",
"建材營造","2539","櫻花建","43983","51","862","823","719","675","1.18","888","2.42","N","N","N","",
"建材營造","2540","愛山林","222999","109","2046","2598","1415","1369","7.02","888","2.42","N","N","Y","110年較109年EPS增加但平均薪資減少，主係110年度調整部分案件獎金計算方式，且部分新進員工敘薪及獎金較低。惟因獲利增加整體薪資水準仍有提升，中位數較109年增加，故110年員工酬勞與公司經營績效關聯性尚屬合理。",
"建材營造","2542","興富發","312237","294","1062","991","770","727","6.45","888","2.42","N","N","N","",
"建材營造","2543","皇昌","569744","929","613","586","472","502","1.56","888","2.42","N","N","N","",
"建材營造","2545","皇翔","54092","48","1127","929","877","720","7.46","888","2.42","N","N","N","",
"建材營造","2546","根基","523983","564","929","910","865","841","6.98","888","2.42","N","N","N","",
"建材營造","2547","日勝生","84838","91","932","897","835","817","0.07","888","2.42","N","N","N","",
"建材營造","2548","華固","102746","62","1657","1704","1507","1549","10.56","888","2.42","N","N","Y","本公司之薪酬係綜合考量員工績效考核結果，再依年度任職期間比例發放。110年度因業務需求，增補數名新進人員，致整體平均年薪略為下降，但資深員工年度平均薪資並無減少之情形。",
"建材營造","2597","潤弘","1006411","883","1140","966","942","777","9.96","888","2.42","N","N","N","",
"貿易百貨","2601","益航","35186","34","1035","818","909","719","0.20","740","4.00","N","N","N","",
"航運業","2603","長榮","7037888","1948","3613","1553","3337","1428","45.57","1321","15.90","N","N","N","",
"航運業","2605","新興","27461","19","1445","1470","1460","1349","1.20","1321","15.90","N","N","Y","本年度(110年度)船員改採派遣人力，員工人數下降，導致平均薪資下降。",
"航運業","2606","裕民","295333","177","1669","1271","1453","1115","5.79","1321","15.90","N","N","N","",
"航運業","2607","榮運","888016","1008","881","836","864","822","1.00","1321","15.90","N","N","N","",
"航運業","2608","嘉里大榮","2918812","4178","699","668","677","651","2.99","1321","15.90","N","N","N","",
"航運業","2609","陽明","4182095","1519","2753","1374","2429","1243","48.73","1321","15.90","N","N","N","",
"航運業","2610","華航","16964113","9810","1729","1503","1241","990","1.67","1321","15.90","N","N","N","",
"航運業","2611","志信","23567","39","604","563","560","513","1.69","1321","15.90","N","N","N","",
"航運業","2612","中航","60819","47","1294","1230","1193","1116","5.27","1321","15.90","N","N","N","",
"航運業","2613","中櫃","415955","699","595","545","580","539","1.63","1321","15.90","N","N","N","",
"其他","2614","東森","250590","235","1066","1035","1003","942","1.37","908","4.11","N","N","N","",
"航運業","2615","萬海","2632972","1031","2554","1577","2380","1461","42.35","1321","15.90","N","N","N","",
"油電燃氣業","2616","山隆","908340","1103","824","814","776","808","3.06","1264","4.63","N","N","N","",
"航運業","2617","台航","267684","207","1293","1140","1100","956","3.16","1321","15.90","N","N","N","",
"航運業","2618","長榮航","10522410","8464","1243","1178","727","681","1.31","1321","15.90","N","N","N","",
"航運業","2630","亞航","651796","1033","631","615","596","585","0.53","1321","15.90","N","N","N","",
"航運業","2633","台灣高鐵","4186182","4660","898","934","812","838","0.64","1321","15.90","N","N","N","",
"航運業","2634","漢翔","4574763","5106","896","880","762","751","0.59","1321","15.90","N","N","N","",
"航運業","2636","台驊投控","231840","319","727","620","552","506","30.03","1321","15.90","N","Y","N","本公司員工與同業員工組成結構差異很大，本公司同業大多為航空公司及船公司，其員工結構主要為機師、空姐、船員，以及航太業專門技術人員等，屬於工時長、高風險性及技術門檻高之職務，故其薪資原本就較一般公司高。",
"航運業","2642","宅配通","1132625","1843","615","587","576","558","2.52","1321","15.90","N","N","N","路線貨運公會成員包括：統一速達、新竹物流、嘉里大榮、通盈、祥億等及我司。證交所類別與路線貨運公會有差異。我司員工3.5頓貨車司機為主，市場行情年平均薪資46.2萬~50.4萬，110年平均薪61.5萬(109年58.7萬↑4.8%)",
"觀光餐旅","2701","萬企","6852","15","457","433","431","419","0.19","545","1.15","Y","N","N","本公司營收來自租賃及育樂，租賃之招商、訂定係主管之職責，而育樂收入係受院線片強檔卡司陣容等因素影響。非主管之員工多從事一般事務工作，除有固定薪資保障外，並享有年終獎金、退休金、勞健保等一般員工福利。",
"觀光餐旅","2702","華園","31941","73","438","416","368","344","16.53","545","1.15","Y","Y","N","員工核薪依薪資級距核訂，飯店業基層員工居多佔人力半數以上，且業界人員流動率高新進員工較多故拉低平均薪資。",
"觀光餐旅","2704","國賓","524247","893","587","575","474","471","-0.24","545","1.15","N","N","N","",
"觀光餐旅","2705","六福","347092","711","488","453","425","394","-1.46","545","1.15","Y","N","N","因旅館及遊樂園人力主要以基層人力為主，且任用實習生較多，其薪資為法定基本工資，使平均薪資較低。
110年度為使員工薪資更具競爭力，已全面調整基層人員及實習生薪資。",
"觀光餐旅","2706","第一店","11897","28","425","420","406","389","0.16","545","1.15","Y","N","N","本公司營業收入來自租賃及旅遊，租賃之作業由主管負責，旅遊收入係受大環境及政府政策推動所影響。本公司非主管員工係從事一般基本工作，除有固定薪資保障，並享有津貼、員工酬勞、退休金、勞健保等福利。",
"觀光餐旅","2707","晶華","748046","1227","610","607","495","498","17.09","545","1.15","N","N","N","",
"觀光餐旅","2712","遠雄來","144086","292","493","492","395","387","-0.20","545","1.15","Y","N","N","1.員工薪資依公司薪資架構核定
2.任用實習生人數約40名，其薪資為法定基本工資，使平均薪資較低
3.飯店人力結構以基層人力為主，佔公司人數50%以上，使平均薪資較低
4.每年進行同業薪資調查，使員工薪資具競爭力",
"觀光餐旅","2722","夏都","152980","365","419","398","359","346","0.18","545","1.15","Y","N","N","本公司為旅館及餐飲業，由於直接服務人員佔比高，且因配合政府推行大專院校建教實習合作，故非擔任主管職務之平均薪資較低。",
"觀光餐旅","2727","王品","1707137","2872","594","606","502","519","-1.40","545","1.15","N","N","N","",
"觀光餐旅","2731","雄獅","529663","1245","425","468","390","410","-6.43","545","1.15","Y","N","N","旅遊業受新冠肺炎疫情影響，配合政府防疫政策，暫停出境旅遊業務。疫情期間轉型深耕國內旅遊，提撥部份業績獎金予同仁，以達激勵留才之目標。後續開放出境業務預期營收成長，將提升員工業績獎金與整體所得。",
"觀光餐旅","2739","寒舍","705516","1277","552","538","465","454","-6.45","545","1.15","N","N","N","",
"觀光餐旅","2748","雲品","319691","585","546","553","479","486","-0.38","545","1.15","N","N","N","",
"觀光餐旅","2753","八方雲集","371656","471","789","0","721","0","8.74","545","1.15","N","N","N","",
"金融保險業","2801","彰銀","7915172","6162","1285","1223","1194","1133","0.84","1337","2.79","N","N","N","",
"金融保險業","2809","京城銀","704814","833","846","791","763","723","5.02","1337","2.79","N","Y","N","金融業以存戶安全與金融穩定為優先原則。本行追求淨值穩定的成長，扎實及保守的資產品質與高度的流動性，以不負金融特許執照的社會責任。薪金以員工安居樂業，生活穩定為目標。不以各類型不同金融業的薪金來互相競爭",
"金融保險業","2812","台中銀","2569332","2428","1058","1032","876","867","1.10","1337","2.79","N","N","N","",
"金融保險業","2816","旺旺保","1043109","1038","1005","1021","786","793","3.12","1337","2.79","N","Y","N","此統計涵蓋金控、銀行、證券、產險、壽險，各業者之資本與經營規模差異甚大，實難合理比較員工實質薪資水準。本公司盈餘較去年減少，惟與產險同業相較，本公司員工薪資、獎金並未有異常低於同業之不合理情事。",
"金融保險業","2820","華票","219775","139","1581","1504","1386","1316","1.38","1337","2.79","N","N","N","",
"金融保險業","2832","台產","811439","845","960","949","728","715","1.03","1337","2.79","N","N","N","",
"金融保險業","2834","臺企銀","6023523","5040","1195","1127","1069","1007","0.66","1337","2.79","N","N","N","",
"金融保險業","2836","高雄銀","1213012","1024","1185","1147","1085","1065","0.78","1337","2.79","N","N","N","",
"金融保險業","2838","聯邦銀","3086077","3681","838","769","737","669","1.21","1337","2.79","N","N","N","",
"金融保險業","2845","遠東銀","2582181","2213","1167","1200","1037","1046","0.84","1337","2.79","N","N","Y","110年發放平均數YoY-2.8%，係依109年經營績效計算的變動獎金減少。惟為肯定同仁付出與努力，已獲董事會核准提高獎金水準，110年持續辦理年度調薪，使平均薪酬僅較前一年度些微減少，落實照護員工之企業社會責任。",
"金融保險業","2849","安泰銀","1314989","1401","939","884","803","751","1.19","1337","2.79","N","N","N","",
"金融保險業","2850","新產","1881764","1623","1159","1115","871","857","7.13","1337","2.79","N","Y","N","金融保險業涵蓋範圍為金控、銀行、保險、證券等，各行業特性及規模差異甚大，不易有一致比較基礎，本公司致力於將經營績效回饋員工及股東，故員工平均薪資、獎金、酬勞均較前年度提昇，確實落實員工福祉政策。",
"金融保險業","2851","中再保","192440","118","1631","1398","1479","1186","3.50","1337","2.79","N","N","N","",
"金融保險業","2852","第一保","848689","816","1040","1018","786","782","1.84","1337","2.79","N","N","N","",
"金融保險業","2855","統一證","2392920","1343","1782","1383","1163","948","2.75","1337","2.79","N","N","N","",
"金融保險業","2867","三商壽","1391937","1597","872","878","743","772","0.42","1337","2.79","N","N","N","",
"金融保險業","2880","華南金","12646534","9494","1332","1198","1141","1036","1.30","1337","2.79","N","N","N","",
"金融保險業","2881","富邦金","24713289","17204","1436","1356","1136","1091","12.49","1337","2.79","N","N","N","2021年度申報基礎包含日盛銀行及日盛證券",
"金融保險業","2882","國泰金","26804306","20311","1320","1350","1088","1074","10.34","1337","2.79","N","Y","Y","本年度保單銷售受疫情影響較大，平均薪資係受外勤業務薪酬水準波動較大及訓練費用下降所致，內勤員工薪資則穩定成長",
"金融保險業","2883","開發金","10733185","7313","1468","1268","1143","1026","2.34","1337","2.79","N","N","N","",
"金融保險業","2884","玉山金","9503143","8135","1168","1091","1069","1015","1.54","1337","2.79","N","N","N","",
"金融保險業","2885","元大金","14854744","9216","1612","1276","1346","1057","2.87","1337","2.79","N","N","N","",
"金融保險業","2886","兆豐金","11209413","7728","1450","1427","1173","1134","1.89","1337","2.79","N","N","N","",
"金融保險業","2887","台新金","9723836","7482","1300","1239","1034","992","1.63","1337","2.79","N","N","N","",
"金融保險業","2888","新光金","9573140","7989","1198","1077","1017","892","1.67","1337","2.79","N","N","N","",
"金融保險業","2889","國票金","2000089","1411","1417","1162","1010","857","1.30","1337","2.79","N","N","N","",
"金融保險業","2890","永豐金","10040430","7366","1363","1209","1116","1018","1.44","1337","2.79","N","N","N","",
"金融保險業","2891","中信金","19963770","12824","1557","1437","1259","1165","2.73","1337","2.79","N","N","N","",
"金融保險業","2892","第一金","10575980","8171","1294","1208","1180","1103","1.52","1337","2.79","N","N","N","",
"金融保險業","2897","王道銀行","872885","698","1251","1169","1023","986","0.63","1337","2.79","N","N","N","",
"貿易百貨","2901","欣欣","14764","26","568","671","518","605","0.07","740","4.00","N","N","N","",
"貿易百貨","2903","遠百","889554","1270","700","715","653","669","0.86","740","4.00","N","N","N","",
"其他","2904","匯僑","40230","60","671","768","655","699","1.03","908","4.11","N","N","N","",
"貿易百貨","2905","三商","1405213","1607","874","883","742","771","2.19","740","4.00","N","N","Y","本公司依據公司章程之規定，按年度獲利狀況核定員工酬勞，並依員工個人績效核定績效&#22892;金及年終獎金，因110年度員工人數增加，且多屬新進基層人員，故員工薪資平均數略降1%。",
"貿易百貨","2906","高林","61466","109","564","586","507","536","0.43","740","4.00","N","N","Y","本公司2021年『非擔任主管職務之全時員工薪資』年度平均薪資較前一年度減少
同時EPS又較前一年度增加2.8倍。
主因為平均薪資計算方式包含年終獎金及紅利，而2021年之年終獎金及員工紅利會顯現在2022年之年度所得。",
"貿易百貨","2908","特力","293475","317","926","991","795","847","1.58","740","4.00","N","N","N","",
"貿易百貨","2910","統領","38080","68","560","572","514","519","0.80","740","4.00","N","N","Y","EPS較去年增加，主因110年子公司減資，投資損失減少課稅所得，致所得稅費用減少，使得110年度淨利增加，因疫情仍持續擴大影響百貨營運，惟營業淨利110年度131,387仟元較109年度161818仟元減少。",
"貿易百貨","2911","麗嬰房","341528","716","477","477","434","435","-1.32","740","4.00","Y","N","N","本公司屬於勞力密集產業，基層作業員及銷售員佔76%。薪資包括本薪、獎金、加班費及員工酬勞，本薪佔70%與市場結構與水平相當，除符合法律規定的最低標準亦反應營運成本效益。110年度營運虧損，員工薪酬亦受影響。",
"貿易百貨","2912","統一超","4773058","5117","933","978","807","827","8.52","740","4.00","N","N","N","",
"貿易百貨","2913","農林","172117","295","583","585","471","482","-1.42","740","4.00","N","N","N","",
"貿易百貨","2915","潤泰全","254498","471","540","539","420","416","22.49","740","4.00","N","Y","N","本公司獲利中轉投資收益佔比較高,若排除轉投資收益則獲利未能優於同業;又所營零售服務及量販店等屬人力需求較高行業,因受景氣等因素的影響經營績效及員工薪酬亦受影響。本公司將盡力提升營運績效,增進員工福祉。",
"貿易百貨","2945","三商家購","956740","2314","413","0","346","0","3.21","740","4.00","Y","N","N","本公司屬零售業，各職能員工薪酬與同業相當，因以直營為主門市員工達占73%，不若同業以加盟為主由加盟主雇用員工。本公司111年調整門市同仁薪資，幅度達6-8%，並將加強職能培訓，幫助員工晉升、留任，提升其薪酬福利",
"電腦及週邊設備業","3002","歐格","28705","32","897","864","875","823","-0.02","1326","6.69","N","N","N","",
"電子零組件業","3003","健和興","386116","661","584","564","521","533","4.98","913","6.80","N","N","N","",
"鋼鐵工業","3004","豐達科","265649","385","690","662","619","567","-1.84","1481","3.86","N","N","N","",
"電腦及週邊設備業","3005","神基","855794","575","1488","1586","1242","1373","7.20","1326","6.69","N","N","Y","主係因去年(110年)10月本公司以分割方式轉型為投資控股公司，全時員工對象只涵蓋本公司(神基投控)與重要子公司(神基科技)。因成員有變化所致，其變動尚屬合理，",
"半導體業","3006","晶豪科","2128429","472","4509","2106","4333","1964","17.76","1704","14.51","N","N","N","",
"光電業","3008","大立光","7774072","6784","1146","1259","842","779","139.28","1086","4.60","N","N","N","",
"電子通路業","3010","華立","485224","339","1431","1361","1155","1132","12.05","1110","6.95","N","N","N","",
"電子零組件業","3011","今皓","28800","43","670","684","540","537","0.59","913","6.80","N","N","Y","公司EPS增加係因處分子公司資產所致，業內損益與前一年度差異不大。
另本期部分儲備幹部升為主管職，使非經理人之薪資平均數減少。
綜合所述，本期非經理人之全時員工(年度)薪資平均數較前一年度減少。",
"電腦及週邊設備業","3013","晟銘電","60520","69","877","819","840","798","-0.74","1326","6.69","N","N","N","",
"半導體業","3014","聯陽","1162196","408","2849","2146","2698","2026","11.21","1704","14.51","N","N","N","",
"電子零組件業","3015","全漢","699538","711","984","908","845","735","4.03","913","6.80","N","N","N","",
"半導體業","3016","嘉晶","563136","592","951","795","851","719","1.35","1704","14.51","N","N","N","",
"電腦及週邊設備業","3017","奇鋐","511833","528","969","899","869","809","8.21","1326","6.69","N","Y","N","1.本公司非擔任主管職全時員工之平均薪資，含基層之產線人員，以致平均薪資較同業為低，但仍較去年成長。
2.本公司實施績效承諾制度，以績效結果做為獎金、晉升及調薪之參考，將持續致力員工薪酬結構之優化。",
"其他電子業","3018","隆銘綠能","44761","74","605","646","570","617","-4.18","1219","7.94","N","N","N","",
"光電業","3019","亞光","784570","822","954","753","783","647","5.34","1086","4.60","N","Y","N","係因本公司非擔任主管職務之全時員工資訊包含本國人及外藉人士；扣除外藉人士，本國人薪資總額為746,233仟元，員工人數加權平均為737人，員工薪資-平均數(仟元/人)為1,012仟元，本國員工薪酬接近同業平均薪資。",
"電子零組件業","3021","鴻名","112248","162","693","680","561","550","1.41","913","6.80","N","N","N","",
"電腦及週邊設備業","3022","威強電","315179","374","843","839","795","776","4.90","1326","6.69","N","N","N","",
"電子零組件業","3023","信邦","685635","1013","677","695","498","504","10.00","913","6.80","N","Y","Y","國內有工廠OP約占50 %，不宜與國內沒有工廠的公司評比。獲利75% 來自海外轉投資收益，來自國內EPS 2.47 低於同業平均。產線員工月均薪34 K，優於法定工資 1.3 倍。IDL年均薪 931 K優於同業平均。",
"光電業","3024","憶聲","44223","51","867","712","822","673","0.75","1086","4.60","N","N","N","",
"通信網路業","3025","星通","148082","147","1007","958","844","789","0.47","1144","2.39","N","N","N","",
"電子零組件業","3026","禾伸堂","857377","987","869","837","646","626","12.36","913","6.80","N","Y","N","本公司定期參酌產業人才市場薪資水準，衡量公司薪資在就業市場競爭力。
110年所申報非擔任主管職務的全時員工人數中，5成多員工為產線作業人員，因此薪資平均數869仟元低於同業水準913仟元。",
"通信網路業","3027","盛達","88252","112","788","772","716","704","0.28","1144","2.39","N","N","N","",
"電子通路業","3028","增你強","331307","316","1048","973","923","858","4.10","1110","6.95","N","N","N","",
"資訊服務業","3029","零壹","268693","256","1050","983","849","830","4.24","952","2.48","N","N","N","公司每年提獲利4%作為員工紅利與員工共享並參與市場薪資評估，考量評估結果與整體薪酬水準、國內外經濟趨勢結合個人績效予調薪，維持具競爭力之薪酬政策。本公司年度平均調薪幅度為4.5%，其中個人最高調幅為20%。",
"其他電子業","3030","德律","570010","488","1168","1146","1019","968","5.02","1219","7.94","N","N","N","",
"光電業","3031","佰鴻","54341","64","849","773","761","698","1.45","1086","4.60","N","N","N","",
"電子零組件業","3032","偉訓","124110","128","970","1100","881","991","2.63","913","6.80","N","N","N","",
"電子通路業","3033","威健","610007","452","1350","1107","1191","936","4.54","1110","6.95","N","N","N","",
"半導體業","3034","聯詠","12301279","2463","4994","3175","4018","2732","63.87","1704","14.51","N","N","N","",
"半導體業","3035","智原","1214866","586","2073","1618","1633","1365","4.65","1704","14.51","N","N","N","",
"電子通路業","3036","文曄","1179565","859","1373","1281","1088","1049","9.96","1110","6.95","N","N","N","",
"電子零組件業","3037","欣興","10699203","12358","866","753","689","646","8.98","913","6.80","N","Y","N","欣興積極在台擴廠，提供就業機會遠高於同業，110年申報非擔任主管職務之全時員工中，直接人員約佔72%，薪資平均數在PCB產業屬前段水準。
本公司整體薪酬視營運成果、個人績效及參酌產業人才市場薪資水準訂定。",
"光電業","3038","全台","519782","837","621","577","535","492","1.60","1086","4.60","N","N","N","1.公司營運績效持續提高，員工薪資平均數有顯著成長。
2.本公司主要以台灣為生產基地，產線基層作業人員佔總人數比重逾半，在人力結構不同情況下，員工薪資平均數較同業水準為低。",
"其他","3040","遠見","4890","6","815","794","828","842","1.97","908","4.11","N","N","N","",
"半導體業","3041","揚智","396277","218","1818","1710","1564","1476","-0.47","1704","14.51","N","N","N","",
"電子零組件業","3042","晶技","1077149","1040","1036","821","782","669","10.06","913","6.80","N","N","N","",
"其他電子業","3043","科風","90299","205","440","530","398","408","-0.01","1219","7.94","Y","N","Y","1.110年度獲利係業外獲利，非本業獲利。
2.同年因進料成本增加及本業虧損，經評估後當年度不發放年終獎金。
3.員工人數其生產部門佔全體員工49%。
4.公司與同業EPS分別為0.12元及7.86元，未優於同業。",
"電子零組件業","3044","健鼎","791082","1188","666","664","465","435","11.15","913","6.80","N","Y","N","公司員工薪酬係參考PCB同業水準並依各廠營運貢獻與人員職級按薪酬規則所定；因所處產業特性需要，相較其他電子零組件業，公司製程直接員工比重高，且應產能需求調整人力，因直接員額較高，薪資平均數低於同業水準。",
"通信網路業","3045","台灣大","3905270","3644","1072","1060","923","914","3.90","1144","2.39","N","Y","N","本公司每年會依照營運目標達成率核定年終獎金、員工酬勞與年度調薪率，以獎勵同仁之貢獻，員工之獎酬在業界具競爭力。相較於同業，本公司員工之年資與年齡較輕，這是影響人事費用多寡原因之一。",
"電腦及週邊設備業","3046","建碁","24441","22","1111","959","1090","910","1.82","1326","6.69","N","N","N","",
"通信網路業","3047","訊舟","282578","283","999","956","888","864","-0.29","1144","2.39","N","N","N","",
"電子通路業","3048","益登","481614","358","1345","1220","1111","1041","4.63","1110","6.95","N","N","N","",
"光電業","3049","和鑫","271155","288","942","852","824","724","1.24","1086","4.60","N","N","N","",
"光電業","3050","鈺德","122041","194","629","611","579","575","0.90","1086","4.60","N","N","N","",
"光電業","3051","力特","327286","568","576","524","526","485","4.76","1086","4.60","N","Y","N","本公司主要為南科廠出售予台積電，處分業外收益於第一季進帳，上半年順利轉盈。產線集中平鎮一廠，平鎮二廠出租以賺取租金收益，持續改善財務結構。另，依勞動部公佈基本工資，配合進行調整作業，以符合法令規定。",
"建材營造","3052","夆典","68136","102","668","672","626","620","0.52","888","2.42","N","N","N","",
"食品工業","3054","立萬利","19880","21","947","973","824","858","0.55","812","2.79","N","N","Y","每股盈餘較以前年度上升主係原提列存貨跌價損失之商品幾近出售完畢以及投資活動獲利使得其他利益上升。
員工平均薪資並無顯著下降，主係因組織結構變化，已離職之員工職等較新進人員高，致員工平均薪資基數下降。",
"電子通路業","3055","蔚華科","144259","112","1288","1160","1155","1072","-3.70","1110","6.95","N","N","N","",
"建材營造","3056","總太","76432","50","1529","1234","895","627","3.01","888","2.42","N","N","N","",
"電腦及週邊設備業","3057","喬鼎","146393","124","1181","1097","1004","924","0.01","1326","6.69","N","N","N","",
"電子零組件業","3058","立德","116103","133","873","828","688","740","-2.06","913","6.80","N","N","N","",
"光電業","3059","華晶科","257194","204","1261","1242","1198","1199","0.85","1086","4.60","N","N","N","",
"電腦及週邊設備業","3060","銘異","208665","326","640","605","557","548","1.36","1326","6.69","N","N","N","",
"通信網路業","3062","建漢","154911","148","1047","970","952","917","0.07","1144","2.39","N","N","N","",
"電子零組件業","3090","日電貿","112319","130","864","786","717","671","4.59","913","6.80","N","N","N","",
"電子零組件業","3092","鴻碩","7886","8","986","1147","713","954","0.25","913","6.80","N","N","N","",
"半導體業","3094","聯傑","72035","63","1143","1120","1134","1072","0.85","1704","14.51","N","N","N","",
"數位雲端","3130","一零四","861652","725","1188","1114","1026","972","11.16","944","12.16","N","N","N","",
"通信網路業","3138","耀登","99468","81","1228","1073","946","841","5.96","1144","2.39","N","N","N","",
"光電業","3149","正達","321336","485","663","615","583","556","-0.59","1086","4.60","N","N","N","",
"生技醫療業","3164","景岳","71257","122","584","568","553","535","1.31","735","2.38","N","N","N","",
"電機機械","3167","大量","190486","237","804","723","691","639","5.51","783","2.56","N","N","N","",
"半導體業","3189","景碩","3929040","5237","750","623","582","528","8.56","1704","14.51","N","N","N","",
"電子通路業","3209","全科","228101","210","1086","966","981","893","4.05","1110","6.95","N","N","N","",
"電子零組件業","3229","晟鈦","99353","181","549","453","486","401","-1.72","913","6.80","N","N","N","",
"電腦及週邊設備業","3231","緯創","12501928","9674","1292","1269","1101","1085","3.76","1326","6.69","N","N","N","",
"半導體業","3257","虹冠電","88628","68","1303","1280","1196","1128","5.03","1704","14.51","N","N","N","",
"建材營造","3266","昇陽","64186","63","1019","1147","1024","1139","0.25","888","2.42","N","N","N","",
"電子零組件業","3296","勝德","86612","120","722","714","667","657","-1.64","913","6.80","N","N","N","",
"其他電子業","3305","昇貿","94457","160","590","585","484","483","4.92","1219","7.94","N","N","N","",
"電子零組件業","3308","聯德","14691","23","639","560","643","478","-0.37","913","6.80","N","N","N","",
"通信網路業","3311","閎暉","146539","239","613","861","436","661","0.94","1144","2.39","N","N","Y","公司110年EPS成長而員工平均薪資下降，係因前一年度下半年資深員工退休者人數較多、110年度組織調整及因應產能需求調整產線人力配置所致。",
"電子通路業","3312","弘憶股","71672","74","969","908","872","912","3.24","1110","6.95","N","N","N","",
"電子零組件業","3321","同泰","254543","476","535","502","479","445","-0.54","913","6.80","N","N","N","",
"電子零組件業","3338","泰碩","64963","75","866","811","783","736","2.13","913","6.80","N","N","N","",
"汽車工業","3346","麗清","65783","67","982","840","702","711","1.03","776","5.81","N","N","N","",
"光電業","3356","奇偶","147766","156","947","934","848","793","1.97","1086","4.60","N","N","N","",
"電子零組件業","3376","新日興","1193139","2074","575","633","388","535","6.08","913","6.80","N","N","N","",
"通信網路業","3380","明泰","1127094","1249","902","856","825","775","0.80","1144","2.39","N","N","N","",
"光電業","3406","玉晶光","460702","524","879","974","717","809","20.52","1086","4.60","N","Y","N","本公司獲利主要來自海外轉投資收益，另台灣110年度增聘基層作業人員，其佔總人數比重增加，在前述情況下影響員工薪資平均數低於同業水準。",
"半導體業","3413","京鼎","320884","257","1249","1204","1093","1016","17.01","1704","14.51","N","Y","N","京鼎屬於半導體產業，但實際屬於半體體設備製造業，毛利率較晶圓代工廠及IC設計業者低。同仁薪資福利，公司每年皆會依經營狀況及參考同業業界條件進行調整，但調整幅度是無法與半導體晶圓代工廠及IC設計業者相比。",
"電腦及週邊設備業","3416","融程電","245138","337","727","727","593","599","5.03","1326","6.69","N","N","N","1.公司章程員工酬勞提撥率為5%至15%，110年度實際發放比率為10%。
2.本公司生產線位於台灣，製造單位員工佔總人數52.74%，從事生產組裝檢測之基層工作。
3.110年度調薪幅度為2.83%，今年度預計調薪幅度為4.2%。",
"通信網路業","3419","譁裕","120567","146","826","798","722","722","-0.33","1144","2.39","N","N","N","",
"電子零組件業","3432","台端","6573","8","822","753","651","622","0.86","913","6.80","N","N","N","",
"光電業","3437","榮創","568697","859","662","648","569","570","0.61","1086","4.60","N","N","N","",
"半導體業","3443","創意","1440389","644","2237","2036","1856","1705","10.90","1704","14.51","N","N","N","",
"半導體業","3450","聯鈞","441380","681","648","644","575","582","2.55","1704","14.51","N","N","N","",
"光電業","3454","晶睿","834464","918","909","823","721","695","2.17","1086","4.60","N","N","N","",
"光電業","3481","群創","29607727","26399","1122","893","747","675","5.53","1086","4.60","N","N","N","",
"電腦及週邊設備業","3494","誠研","107308","176","610","524","476","497","-1.57","1326","6.69","N","N","N","1.主要係減少聘雇低薪之外籍勞工所致。
2.部分台籍副總級以下：特助、廠長、經理、主任職、資深工程師同仁離職所致。",
"電子零組件業","3501","維熹","146693","260","564","559","475","445","2.92","913","6.80","N","N","N","",
"光電業","3504","揚明光","607060","821","739","731","622","581","0.23","1086","4.60","N","N","N","",
"電腦及週邊設備業","3515","華擎","669499","294","2277","1687","1937","1519","19.67","1326","6.69","N","N","N","",
"其他電子業","3518","柏騰","34729","40","868","812","819","807","0.52","1219","7.94","N","N","N","",
"電子通路業","3528","安馳","147323","132","1116","978","1029","862","4.57","1110","6.95","N","N","N","",
"半導體業","3530","晶相光","81575","53","1539","1329","1172","1189","9.61","1704","14.51","N","N","N","",
"半導體業","3532","台勝科","1685320","1341","1257","1073","1198","1011","3.64","1704","14.51","N","N","N","",
"電子零組件業","3533","嘉澤","137930","96","1437","1219","1185","1007","33.32","913","6.80","N","N","N","",
"光電業","3535","晶彩科","171860","201","855","765","750","691","1.22","1086","4.60","N","N","N","",
"光電業","3543","州巧","248255","368","675","622","566","517","1.99","1086","4.60","N","N","N","",
"半導體業","3545","敦泰","969712","362","2679","2018","1963","1740","30.23","1704","14.51","N","N","N","",
"電子零組件業","3550","聯穎","43070","53","813","779","745","737","0.96","913","6.80","N","N","N","",
"居家生活","3557","嘉威","51808","44","1177","1213","885","1151","7.74","668","5.40","N","N","N","",
"光電業","3563","牧德","306639","265","1157","938","943","819","18.51","1086","4.60","N","N","N","",
"光電業","3576","聯合再生","1127093","1695","665","668","450","552","-0.84","1086","4.60","N","N","Y","本公司秉持與員工共好理念，定期參考產業人才市場薪資水準，以提供具競爭力之薪酬制度。
110年度非主管全時員工薪資平均數低於109年，係因110年度業務需求，增補較多直接人員(整體佔比約6成)，致使薪資中位數下降。",
"半導體業","3583","辛耘","481153","544","884","821","749","707","5.23","1704","14.51","N","N","N","",
"半導體業","3588","通嘉","262325","153","1715","1465","1526","1381","6.37","1704","14.51","N","N","N","",
"光電業","3591","艾笛森","93165","147","634","580","505","443","1.00","1086","4.60","N","N","N","非經理人之全時員工薪資平均數較前一年度增加54仟元，主要係110年公司EPS較109年佳，調薪及獎金發放均增加所致。110年度本公司經營績效與員工薪酬之關聯性尚屬合理。",
"電子零組件業","3593","力銘","9144","14","653","648","643","579","0.02","913","6.80","N","N","N","",
"通信網路業","3596","智易","1316115","729","1805","1747","1598","1461","8.60","1144","2.39","N","N","N","",
"電子零組件業","3605","宏致","423189","514","823","797","634","653","4.16","913","6.80","N","N","N","",
"電子零組件業","3607","谷崧","66564","109","611","621","545","511","-2.22","913","6.80","N","N","Y","110度非主管職之全時員工薪資平均數為611元較109年度減少10仟元，主係為公司連續虧損，組織規模縮減，員工加權平均人數較109年度減少，其中年資超過5年且平均薪資較高之非主管職員工佔年度員工減少數的40%所致。",
"其他電子業","3617","碩天","293944","314","936","1079","841","970","-0.89","1219","7.94","N","N","N","",
"光電業","3622","洋華","106446","128","832","722","699","630","1.85","1086","4.60","N","N","N","",
"電子零組件業","3645","達邁","324142","392","827","796","755","716","2.32","913","6.80","N","N","N","",
"電腦及週邊設備業","3652","精聯","206035","255","808","766","730","690","1.03","1326","6.69","N","N","N","",
"電子零組件業","3653","健策","1027277","1413","727","701","612","572","9.88","913","6.80","N","Y","N","員工薪資報酬政策係依據個人績效表現、對公司貢獻度及參考同業薪資水準後決定。員工酬勞估列係考量當期獲利情形及公司資金需求規劃並兼顧股東權益，在不超過公司章程所訂範圍內估列。",
"通信網路業","3669","圓展","468165","491","953","914","773","768","7.02","1144","2.39","N","Y","N","1.我司生產主力在台灣，製造相關的人力佔本次申報人數近四成。
2.本次申報人數有三成為不足12月薪資，影響了整體非主管職之年度薪資。",
"電子零組件業","3679","新至陞","42180","65","649","663","615","645","9.70","913","6.80","N","Y","N","本公司員工薪酬依公司各項規章及辦法，給予合理報酬，惟本公司生產線製造相關員工佔全體員工比重達5成以上，致本公司薪資平均數較低, 但較去年度成長。",
"通信網路業","3682","亞太電","1345871","1796","749","760","660","673","-1.35","1144","2.39","N","N","Y","110年度平均非經理人之全時員工人數較109年度增加82人，人員新增主要在直營門市及客戶服務兩單位，而此二單位之平均薪資一般較低，致使全公司非經理人之全時員工平均薪資略為下降。",
"半導體業","3686","達能","7801","10","780","758","622","553","-0.18","1704","14.51","N","N","N","",
"通信網路業","3694","海華","181616","181","1003","956","912","877","2.05","1144","2.39","N","N","N","",
"電腦及週邊設備業","3701","大眾控","265225","294","902","844","750","710","1.32","1326","6.69","N","N","N","",
"電子通路業","3702","大聯大","1666275","972","1714","1262","1484","1067","6.61","1110","6.95","N","N","N","",
"建材營造","3703","欣陸","1249041","1627","768","776","707","731","2.22","888","2.42","N","N","Y","本公司因應工程所需，110年度僱用支領基本工資的外籍移工人數相較前一年增加近57% ，占總員工比例亦由27% 提高至36%，從而影響本集團整體薪資水準。",
"通信網路業","3704","合勤控","1858591","1724","1078","1059","895","877","2.49","1144","2.39","N","Y","N","相較109年全時員工平均薪資與中位數皆有成長，唯因110年產線技術員成長超過26%且佔全體全時員工超過20%，影響了平均薪資與薪資中位數的成長率。",
"生技醫療業","3705","永信","1093970","1417","772","817","674","713","2.77","735","2.38","N","N","N","",
"電腦及週邊設備業","3706","神達","1301846","1135","1147","1073","1001","949","10.01","1326","6.69","N","Y","N","1.本年度EPS大幅成長，係因認列一次性評價利益，若扣除此項未實現利益後之EPS為4.35。
2.本公司訂有薪資報酬政策並定期檢討 ；本年度之全時員工薪資平均數及中位數均較上年度成長。",
"綠能環保","3708","上緯投控","137238","181","758","803","620","709","2.01","801","3.89","N","N","N","",
"半導體業","3711","日月光投控","43913537","48013","915","800","726","671","14.84","1704","14.51","N","Y","N","本公司110年第四季認列處分中國子公司之業外收益對每股盈餘影響約3.5元，基於薪酬制度與實際經營績效連結之精神，該一次性盈餘並未計入110年度員工酬勞基礎，惟本公司預計自111年起就該盈餘提撥員工酬勞分年發放之。",
"電腦及週邊設備業","3712","永崴投控","282364","291","970","944","849","808","1.76","1326","6.69","N","N","N","",
"光電業","3714","富采","4093383","4638","883","0","720","0","3.21","1086","4.60","N","N","N","",
"生技醫療業","4104","佳醫","170514","191","893","859","756","741","4.30","735","2.38","N","N","N","",
"生技醫療業","4106","雃博","175799","240","732","721","631","610","1.01","735","2.38","N","N","N","",
"生技醫療業","4108","懷特","23370","33","708","704","587","597","-0.40","735","2.38","N","N","N","",
"生技醫療業","4119","旭富","144864","208","696","891","634","828","0.58","735","2.38","N","N","N","",
"生技醫療業","4133","亞諾法","62111","100","621","609","547","546","0.47","735","2.38","N","N","N","",
"生技醫療業","4142","國光生","279220","448","623","713","564","637","0.10","735","2.38","N","N","N","",
"生技醫療業","4155","訊映","57450","81","709","708","623","615","0.46","735","2.38","N","N","N","",
"生技醫療業","4164","承業醫","136484","134","1019","994","857","810","2.43","735","2.38","N","N","N","",
"塑膠工業","4306","炎洲","215116","377","571","560","537","499","1.47","1344","7.15","N","N","N","",
"紡織纖維","4414","如興","43126","44","980","933","797","699","-2.31","699","1.61","N","N","N","",
"紡織纖維","4426","利勤","266531","637","418","430","397","399","-2.15","699","1.61","Y","N","N","1.因全球疫情影響訂單量造成減產而使非固定薪資-加班費大幅減少。
2.員工薪酬除固定薪資外，另依本公司章程規定若有獲利提撥員工酬勞,
  因110年公司經營狀況為虧損,故無發放員工酬勞但仍有發放員工&#22892;金。",
"紡織纖維","4438","廣越","155348","186","835","790","772","742","6.10","699","1.61","N","N","N","",
"紡織纖維","4440","宜新實業","108462","178","609","0","620","0","5.06","699","1.61","N","Y","N","1.本公司工廠位於彰化地區,七成以上同仁為基層作業人員，且其中外籍同仁佔約三成, 造成薪資平均數表現低於同業。
2.本公司依公司營運及獲利情況調薪幅度，平均每年調薪幅度約3%~5%。",
"電機機械","4526","東台","438656","669","656","585","595","543","0.68","783","2.56","N","N","N","",
"電機機械","4532","瑞智","278537","302","922","764","791","685","1.08","783","2.56","N","N","N","",
"運動休閒","4536","拓凱","171482","244","703","709","555","593","9.16","841","6.49","N","Y","Y","主計處公告109年工業及服務業受僱員工全年總薪資中位數為50.1萬元，敝司110年度中位數尚較前述金額高出10%，故薪資金額尚屬合理。
另110年度敝司生產線開始進用大量的外籍移工，導致整體薪資平均數下滑。",
"電機機械","4540","全球傳動","524535","896","585","525","523","469","2.52","783","2.56","N","Y","N","近幾年公司除產線擴充外，同時也積極培育人才，強化技職教育向下扎根；與多間學校產學合作，大舉任用無工作經驗之建教實習生，亦是整體薪資平均數較低之原因。預期未來員工薪資平均數將可逐漸趕上同業水準甚至超越。",
"電子零組件業","4545","銘鈺","293782","482","610","582","524","495","1.16","913","6.80","N","N","N","",
"汽車工業","4551","智伸科","58822","46","1279","1078","1027","909","10.47","776","5.81","N","N","N","",
"電機機械","4555","氣立","96683","194","498","473","440","408","3.50","783","2.56","Y","Y","N","本公司屬基礎機械產業，生產線相關人員占約6成,且部分係為聘僱外籍勞工及產學實習生，致拉低總體平均。
且薪酬調查僅對台灣員工，但公司獲利包含海外子公司之投資收益等因素，並非所有獲利全由台灣公司員工所創造。",
"電機機械","4562","穎漢","165521","299","554","497","469","473","-2.01","783","2.56","N","N","N","",
"電機機械","4564","元翎","186195","321","580","475","510","476","1.75","783","2.56","N","N","N","",
"電機機械","4566","時碩工業","179052","262","683","668","541","573","2.35","783","2.56","N","N","N","",
"電機機械","4572","駐龍","89423","168","532","426","474","387","1.50","783","2.56","N","N","N","",
"電機機械","4576","大銀微系統","500305","571","876","706","762","647","2.48","783","2.56","N","N","N","",
"化學工業","4720","德淵","159860","220","727","679","658","615","0.30","879","2.08","N","N","N","本公司110年員工薪資平均數及員工薪資中位數均較109年增加。
本公司秉持共創價值、利潤分享之理念，持續進行年度調薪，並提撥績效獎金，優化同仁薪酬水準。",
"化學工業","4722","國精化","235472","288","818","716","776","689","3.73","879","2.08","N","Y","N","本公司員工薪酬依照學/經歷、經營績效、同業水準、照顧員工生活及勞基法規範核薪，逐年依公司營運政策調整薪資，重視員工福利，勞資關係融和，續會在股東權益與員工福利之間取得平衡點。",
"生技醫療業","4737","華廣","507575","934","543","534","472","464","1.45","735","2.38","N","N","N","",
"化學工業","4739","康普","98532","129","764","801","683","711","4.67","879","2.08","N","Y","Y","本公司110年獲利部份來自處分海外資產，薪資平均數較低，主係產線擴編與人力交替，新進人員於統計期內平均服務時間較短，公司已調整相關薪資配套結構另任用部分外籍移工，致拉低平均數。",
"生技醫療業","4746","台耀","690806","716","965","802","899","741","10.92","735","2.38","N","N","N","",
"化學工業","4755","三福化","310001","320","969","842","859","755","6.69","879","2.08","N","N","N","",
"化學工業","4764","雙鍵","79604","109","730","728","663","687","1.32","879","2.08","N","N","N","",
"化學工業","4766","南寶","515101","638","807","738","719","658","7.26","879","2.08","N","Y","N","本公司員工薪酬福利係參考公司營運績效、未來經營風險、發展趨勢、個人績效達成率及對公司績效的貢獻度，給予合理報酬，與經營績效有正面關聯性。
若考量本公司淨利扣除投資收益後之EPS約為2.38,並未高於同業太多。",
"化學工業","4770","上品","311074","334","931","0","753","0","13.94","879","2.08","N","N","N","",
"通信網路業","4904","遠傳","4940108","5133","962","920","837","797","2.80","1144","2.39","N","Y","N","本公司的人力政策及結構與同業不同，客服及門市人員之任用均採正職聘用。且本年度非擔
任主管職務之全體人員平均薪資較前一年度成長4.55%，中位數提升5.05%。",
"通信網路業","4906","正文","906984","953","952","1019","812","876","1.89","1144","2.39","N","N","N","",
"電子零組件業","4915","致伸","1406161","846","1662","1457","1362","1277","5.13","913","6.80","N","N","N","",
"電腦及週邊設備業","4916","事欣科","4046","6","674","695","669","578","1.29","1326","6.69","N","N","Y","110年較109年減少21仟元，因109年含優退人員資遣費。本公司營運模式、員工結構，與同業不盡相同，相應薪酬計算可能產生差異，薪酬係綜合衡量員工工作職能與績效達成，適時視營運狀況及相關法令檢討。",
"半導體業","4919","新唐","2376064","1405","1691","1273","1341","1098","7.27","1704","14.51","N","N","N","",
"電器電纜","4930","燦星網","13587","17","799","820","612","651","3.19","884","3.67","N","N","Y","本公司110年度EPS較109年度成長0.96元，係一次性不動產出售利益挹注約0.89元。
員工薪酬按員工績效、年資、職級、參考市場薪資水平及本業獲利綜合評估決定。
綜上所述，非經理人全時員工薪資平均數較前一年減少。",
"光電業","4934","太極","40388","45","898","849","835","773","-4.19","1086","4.60","N","N","N","",
"電腦及週邊設備業","4938","和碩","10400941","8418","1236","1223","984","987","7.71","1326","6.69","N","Y","N","110年度新進基層生產作業人員較多，人數比例較前一年度增加6%，若排除基層生產作業人員計算，薪資平均數未低於同業水準。",
"光電業","4942","嘉彰","207103","271","764","686","572","519","6.38","1086","4.60","N","Y","N","本公司非管理職員工人數-加權平均(人)271人，其中直接員工人數外籍勞工佔比較高，本年平均工資76.4萬元較前一年度69.8萬元增加。",
"半導體業","4952","凌通","487869","208","2346","1716","2223","1671","6.05","1704","14.51","N","N","N","",
"光電業","4956","光鋐","267778","406","660","566","566","500","1.44","1086","4.60","N","N","N","",
"光電業","4960","誠美材","816128","1065","766","679","696","637","1.15","1086","4.60","N","N","N","",
"半導體業","4961","天鈺","975571","416","2345","1657","1836","1365","33.83","1704","14.51","N","N","N","",
"半導體業","4967","十銓","204466","333","614","639","536","560","-1.02","1704","14.51","N","N","N","",
"半導體業","4968","立積","408426","276","1480","1304","1205","1073","5.26","1704","14.51","N","N","N","",
"光電業","4976","佳凌","442674","806","549","541","522","501","0.05","1086","4.60","N","N","N","",
"電子零組件業","4989","榮科","240526","215","1119","956","1071","908","3.77","913","6.80","N","N","N","",
"資訊服務業","4994","傳奇","371829","514","723","733","650","648","1.23","952","2.48","N","N","N","",
"電子零組件業","4999","鑫禾","222236","325","684","773","530","554","2.44","913","6.80","N","N","N","",
"鋼鐵工業","5007","三星","965157","1372","703","582","667","570","3.33","1481","3.86","N","N","N","",
"資訊服務業","5203","訊連","518422","369","1405","1299","1125","1010","-7.21","952","2.48","N","N","N","",
"半導體業","5222","全訊","158392","207","765","0","691","0","4.04","1704","14.51","N","N","N","",
"光電業","5234","達興材料","508546","347","1466","1417","1097","1185","6.62","1086","4.60","N","N","N","",
"光電業","5244","弘凱","22589","19","1189","0","934","0","5.05","1086","4.60","N","N","N","",
"電腦及週邊設備業","5258","虹堡","207213","293","707","639","586","538","2.51","1326","6.69","N","N","N","",
"半導體業","5269","祥碩","579038","234","2475","2636","1984","2076","46.23","1704","14.51","N","N","Y","非經理人之全時員工之酬金金額，依其職務職位、工作績效，考量該年度公司經營績效，由單位主管評量提案，提交至總經理審議核定。
另公司有增加新進人員，導致每年平均薪資會有差異，故影響薪資平均數。",
"電器電纜","5283","禾聯碩","420334","632","665","598","606","558","10.69","884","3.67","N","Y","N","公司110年平均員工薪酬已較109年提升，惟仍低於同業平均薪酬係公司成立時間相較同業晚，以產線作業員及基層員工、行政、助理等佔較多數，隨著平均年資增加、效率將隨之提高，經營績效提升，員工薪酬亦將會隨之增加。",
"半導體業","5285","界霖","162436","286","568","508","538","475","4.82","1704","14.51","N","N","N","",
"運動休閒","5306","桂盟","40166","50","803","747","691","675","15.94","841","6.49","N","Y","N","1.薪資中位數為691千元，優於主計處公布109年度全國中位數501千元達38%。薪資平均數為803千元，亦優於主計處公布109年度台南市平均數613千元達31%。
2.110年度平均薪資較109年增加8%，經營績效與員工薪酬呈正相關。",
"通信網路業","5388","中磊","1546307","1695","912","857","591","520","3.44","1144","2.39","N","Y","N","本公司致力於提升員工福利及具市場競爭力,110年度調薪幅度較109年增加。台灣為集團重要
生產基地之一,因應根留台灣,直接人工約佔全時員工1/2,較同業直接人工比例為高,故平均薪資
較同業為低。",
"電子通路業","5434","崇越","657332","430","1529","1463","1179","1105","12.63","1110","6.95","N","N","N","",
"電子零組件業","5469","瀚宇博","520128","628","828","729","730","606","7.05","913","6.80","N","Y","N","本公司生產作業為勞力密集為主，直接人力佔比高，進而影響本公司薪資平均數。110年員工薪資平均數828仟元較109年員工薪資平均數729仟元成長13.6%。",
"半導體業","5471","松翰","623304","293","2127","1750","1925","1640","8.71","1704","14.51","N","N","N","",
"光電業","5484","慧友","73060","109","670","679","584","582","-0.63","1086","4.60","N","N","Y","1.110年的車載產品訂單較109年增加，提升110年的獲利，使EPS較109年增加。
2.110年有薪資較高的非主管職員工離職，導致110年薪資平均值較109年低。",
"建材營造","5515","建國","367546","401","917","930","748","774","1.57","888","2.42","N","N","Y","110年度因應工程所需，僱用支領基本工資的外籍移工人力相較前一年(109年)增加近43%。導致平均薪資降低，亦較前一年(109年)減少。",
"建材營造","5519","隆大","84259","82","1028","872","955","816","2.73","888","2.42","N","N","N","",
"建材營造","5521","工信","201392","284","709","577","585","465","0.07","888","2.42","N","N","N","",
"建材營造","5522","遠雄","251681","130","1936","1401","1729","749","7.78","888","2.42","N","N","N","",
"建材營造","5525","順天","33391","44","759","858","777","829","-0.20","888","2.42","N","N","N","",
"建材營造","5531","鄉林","102518","145","707","647","608","543","-0.60","888","2.42","N","N","N","",
"建材營造","5533","皇鼎","26627","32","832","783","804","739","3.72","888","2.42","N","Y","N","1.110年度有員工退休、離職及新增，其中異動員工部份為資深員工所致，且部份新進員工敘薪較原職務員工略低。
2.EPS較前一年成長，係出售營建土地及處分出租資產獲利增加，該交易非屬經常發生，不影響經常性薪資。",
"建材營造","5534","長虹","35960","38","946","916","913","860","4.41","888","2.42","N","N","N","",
"航運業","5607","遠雄港","475972","469","1015","797","885","744","2.48","1321","15.90","N","N","N","",
"航運業","5608","四維航","109585","63","1739","726","1570","668","7.16","1321","15.90","N","N","N","",
"觀光餐旅","5706","鳳凰","23561","58","406","384","377","347","1.17","545","1.15","Y","Y","N","受新冠肺炎影響國外團體旅遊，使本公司本業營業收入大幅下滑，獎金等相關等津貼也大幅減少。
EPS較同業為佳係因出售不動產及業外投資得宜所致。",
"金融保險業","5876","上海商銀","3073038","2382","1290","1261","1191","1168","3.19","1337","2.79","N","Y","N","EPS高於平均，部分係轉投資權益法投資收益佔稅前盈餘達41%。同業薪資成長達7.6%，研判係部分同業實現投資利益而分配較高比重變動薪，似非屬常態，本行以薪資穩健成長為政策，員工薪資未因景氣波動受影響。",
"金融保險業","5880","合庫金","12156486","8352","1456","1362","1344","1244","1.51","1337","2.79","N","N","N","本公司依據公司章程第三十五條之一規定，按當年度獲利狀況提撥萬分之一至萬分之八為員工酬勞，及訂定「經營績效獎金及員工酬勞提撥準則」，將經營績效與成果，反映於員工薪酬中。",
"金融保險業","6005","群益證","2140539","1760","1216","942","845","737","2.42","1337","2.79","N","N","N","",
"金融保險業","6024","群益期","275388","230","1197","1209","840","820","2.33","1337","2.79","N","N","N","",
"電子零組件業","6108","競國","365561","630","580","553","546","537","1.50","913","6.80","N","N","N","",
"資訊服務業","6112","邁達特","399793","403","992","941","788","763","3.07","952","2.48","N","N","N","",
"電子零組件業","6115","鎰勝","97105","115","844","800","684","649","2.70","913","6.80","N","N","N","",
"光電業","6116","彩晶","3025776","2616","1157","941","1014","804","2.75","1086","4.60","N","N","N","",
"電腦及週邊設備業","6117","迎廣","393602","622","633","596","522","484","-0.98","1326","6.69","N","N","N","",
"光電業","6120","達運","754927","848","890","807","711","619","-0.98","1086","4.60","N","N","N","",
"電腦及週邊設備業","6128","上福","239295","424","564","509","494","440","2.64","1326","6.69","N","N","N","",
"電子零組件業","6133","金橋","25166","37","680","633","577","540","-0.48","913","6.80","N","N","N","",
"通信網路業","6136","富爾特","42848","51","840","761","739","694","1.23","1144","2.39","N","N","N","",
"其他電子業","6139","亞翔","232181","421","551","821","463","689","1.43","1219","7.94","N","N","N","",
"電子零組件業","6141","柏承","239244","407","588","525","512","464","2.88","913","6.80","N","N","N","",
"通信網路業","6142","友勁","423727","748","566","590","408","424","1.23","1144","2.39","N","N","Y","本公司110年度將中國大陸生產產能全部移轉至台灣台南廠，台南廠增聘人力需求多為生產線之基層人員，進而影響整體非主管職員工之年度平均薪資數，且本年度EPS較109年度增加係因處分中國廠房獲利所致。",
"通信網路業","6152","百一","156568","154","1017","984","882","875","0.05","1144","2.39","N","N","N","",
"電子零組件業","6153","嘉聯益","1139164","1854","614","573","543","479","-0.88","913","6.80","N","N","N","",
"電子零組件業","6155","鈞寶","119700","234","512","482","455","437","0.93","913","6.80","N","N","N","",
"光電業","6164","華興","25462","39","653","639","584","585","0.06","1086","4.60","N","N","N","",
"數位雲端","6165","浪凡","4194","6","699","630","551","482","2.60","944","12.16","N","N","N","",
"電腦及週邊設備業","6166","凌華","1051934","968","1087","1020","981","936","0.55","1326","6.69","N","N","N","",
"光電業","6168","宏齊","425860","531","802","697","702","623","1.80","1086","4.60","N","N","N","",
"光電業","6176","瑞儀","1090147","912","1195","1064","919","826","11.16","1086","4.60","N","N","N","",
"建材營造","6177","達麗","43835","48","913","864","752","756","4.03","888","2.42","N","N","N","",
"資訊服務業","6183","關貿","643793","591","1089","1059","955","952","2.84","952","2.48","N","N","N","公司依據整體營業績效，作為發放員工酬勞及年終獎金之依據，在依據公司績效辦法辦理同仁年度績效評定，並依此評定結果發放個人酬勞或年終獎金。",
"其他","6184","大豐電","46391","76","610","620","514","528","3.51","908","4.11","N","N","Y","110年度EPS增加主係因110年度認列被投資公司減資彌補虧損產生之所得稅利益，屬營業外之非經常性獲利。
另因人員異動，離職人員主係資深員工，其薪資水位高於新進同仁，致平均薪資較109年度略為減少。",
"電子通路業","6189","豐藝","234199","201","1165","1016","913","833","4.31","1110","6.95","N","N","N","",
"電子零組件業","6191","精成科","138509","64","2164","1938","1787","1617","5.79","913","6.80","N","N","N","",
"其他電子業","6192","巨路","470757","429","1097","1046","962","907","7.96","1219","7.94","N","Y","N","本公司屬其他電子產業別，此類別之上市公司產業多樣，強行比較並無實質意義。本公司每年均隨營運績效進行調薪，110年非擔任主管職務之全時員工薪資平均數及中位數均較109年成長，並無不合理之處。",
"其他電子業","6196","帆宣","1013637","740","1370","1213","1116","1058","8.24","1219","7.94","N","N","N","",
"電子零組件業","6197","佳必琪","169140","190","890","881","784","728","3.06","913","6.80","N","N","N","",
"其他電子業","6201","亞弘電","270388","452","598","573","524","564","3.38","1219","7.94","N","N","N","",
"半導體業","6202","盛群","836809","411","2036","1620","1796","1503","9.04","1704","14.51","N","N","N","",
"電子零組件業","6205","詮欣","114569","153","749","688","589","535","2.02","913","6.80","N","N","N","",
"電腦及週邊設備業","6206","飛捷","307415","344","894","796","721","647","4.77","1326","6.69","N","N","N","",
"光電業","6209","今國光","423402","828","511","490","467","448","-0.91","1086","4.60","N","N","N","",
"電子零組件業","6213","聯茂","354020","406","872","851","609","643","9.00","913","6.80","N","Y","N","公司於110/4/13發生火災，重建復工期間約5~6月，此期間訂單皆轉移至集團
海外廠生產出貨，台灣廠區同仁除無加班機會外，公司也鼓勵員工休假，並
依法進行特休排休，致員工薪資平均數下降，但獲利增加之狀況。",
"資訊服務業","6214","精誠","1734052","1803","962","941","787","781","4.90","952","2.48","N","Y","N","本公司因業務發展110年度平均人數較109年增
加，員工平均薪資年度亦成長，惟因任職未滿
一年者比重高、且主要為基層人員而影響整體
全時員工薪資平均數略低於同業1.33%。",
"其他電子業","6215","和椿","145377","135","1077","865","971","777","3.20","1219","7.94","N","N","N","",
"通信網路業","6216","居易","192056","194","990","918","865","827","1.85","1144","2.39","N","N","N","",
"電子零組件業","6224","聚鼎","228657","241","949","885","798","793","6.02","913","6.80","N","N","N","",
"光電業","6225","天瀚","4060","4","1015","935","1055","969","-0.09","1086","4.60","N","N","N","",
"光電業","6226","光鼎","32623","38","859","728","711","612","0.01","1086","4.60","N","N","N","",
"電腦及週邊設備業","6230","尼得科超眾","351624","513","685","647","553","539","4.05","1326","6.69","N","N","N","",
"電腦及週邊設備業","6235","華孚","41014","44","932","903","729","711","0.96","1326","6.69","N","N","N","",
"半導體業","6239","力成","9721554","10908","891","803","734","652","11.54","1704","14.51","N","N","N","",
"半導體業","6243","迅杰","71445","59","1211","1212","1167","1191","1.60","1704","14.51","N","N","Y","平均薪資依規定以四捨五入計算，但若以原始人數及薪資總額計算，110年薪資平均較109年增加。
公司薪酬政策會依經營狀況及參考同業條件進行調整，109年至111年調薪幅度逐年上升，將持續力努力提升整體薪酬福利。",
"半導體業","6257","矽格","1720197","2263","760","710","588","568","6.25","1704","14.51","N","N","N","",
"電子零組件業","6269","台郡","1322363","2092","632","638","560","568","8.19","913","6.80","N","Y","N","1本公司依非擔任主管職務之全時員工薪資資訊申報作業規定計算全公司薪資平均數
2本公司製程以勞力密集為主製造直接人力佔比較大,直接人力薪資比例佔全公司薪資比較高,110年製造直接人力增加更多直接人力薪資佔更高",
"半導體業","6271","同欣電","1644339","1841","893","847","620","620","15.49","1704","14.51","N","Y","N","非擔任主管職務之全時員工之酬金包括薪資、獎金及員工酬勞，係依公司經營績效、員工之績效考核及對公司之貢獻度來考量。",
"電腦及週邊設備業","6277","宏正","707668","651","1087","1098","929","923","5.33","1326","6.69","N","N","N","",
"光電業","6278","台表科","598211","899","665","628","539","513","12.70","1086","4.60","N","Y","N","本公司非擔任主管職員工薪資低於同業，主因本公司在產業鏈中屬製造生產端，產線作業員比例大於同業，在人力結構不同的情況下，非經理人之全時員工薪資低於同業。",
"電子通路業","6281","全國電","1263290","1614","783","751","715","692","6.05","1110","6.95","N","N","N","",
"電子零組件業","6282","康舒","1511504","1530","988","983","767","777","1.17","913","6.80","N","N","N","",
"其他電子業","6283","淳安","37854","42","901","949","762","936","-0.41","1219","7.94","N","N","N","",
"通信網路業","6285","啟碁","4475438","4548","984","914","736","682","3.15","1144","2.39","N","Y","N","1.通信網路業中，公司行業存有差異 (如服務業或製造業等)，故各公司之薪資結構比較基礎不盡相同。
2.啟碁係一製造公司，且產品在台製造比重高，故工廠直接人員人數多，進而影響整體非主管職員工之年度平均薪資數。",
"汽車工業","6288","聯嘉","468138","613","764","731","512","478","0.06","776","5.81","N","N","N","",
"光電業","6405","悅城","167132","250","669","578","648","548","1.51","1086","4.60","N","N","N","",
"其他電子業","6409","旭隼","163065","130","1254","1182","1077","1054","27.13","1219","7.94","N","N","N","",
"電子零組件業","6412","群電","1241068","768","1616","1488","1352","1297","7.22","913","6.80","N","N","N","",
"電腦及週邊設備業","6414","樺漢","169865","152","1118","966","1044","907","13.91","1326","6.69","N","Y","N","公司章程所載員工酬勞之範圍如有獲利，將提撥獎金為員工酬勞，提撥的比率將考量個體及合併之經營績效；另參考市場薪資水準進行調整，110年員工年薪平均111.8萬較109年度96.6萬成長逾16%。",
"通信網路業","6416","瑞祺電通","161989","239","678","731","589","636","3.00","1144","2.39","N","Y","N","本公司股本與同業相對較小，故EPS易顯示較同業為佳。另本公司除受生產製造人員人數占比影響外，為推動青年培力與學校之建教合作，每年均進用一定比例人數，於排除影響因素後，已適時檢視並提升基層員工之福利。",
"通信網路業","6426","統新","144864","238","609","643","541","555","0.30","1144","2.39","N","N","N","",
"其他電子業","6438","迅得","383347","425","902","827","910","806","10.15","1219","7.94","N","Y","N","本公司EPS較前一年成長，主要來自子公司，子公司EPS貢獻，佔本公司EPS高於54%；本公司外籍移工人數佔全公司人力約20%，拉低全公司平均薪資。",
"通信網路業","6442","光聖","258552","397","651","692","564","623","1.56","1144","2.39","N","N","Y","主要為新產品之銷售組合改變，銷貨毛利自17%增加至21%及兌換收益的加乘。新產品有較優的利潤，帶動產品轉型。同時配合新產品發展及員工生活品質，積極招工調整工時，讓員工得以休養生息。",
"光電業","6443","元晶","689184","1213","568","572","479","485","0.10","1086","4.60","N","N","Y","公司增加資本支出擴充產線設備，增加技術人員招聘，使其佔比由原先六成成長至近七成，致整體薪資的平均數略低。
本公司為照顧基層人員，於110年12月針對技術員已進行結構性調薪(調幅介於3.5～8％)。",
"電子零組件業","6449","鈺邦","90521","92","984","977","777","800","3.49","913","6.80","N","N","N","",
"其他","6464","台數科","23880","42","569","564","506","493","8.27","908","4.11","N","Y","N","本公司獲利表現較同業表現為佳，在爭取營運績效表現之際，亦相當重視員工權益，非擔任主管職務之全時員工(年度)薪資平均數近三年均為正成長，並自111年開始推行員工持股信託計畫，持續增進員工福利。",
"光電業","6477","安集","105149","219","480","494","461","472","1.16","1086","4.60","Y","N","N","本年度受太陽能產業成本激增影響，營運狀況較前一年度趨緩，雖經常性薪資仍較去年同期增加1%，惟依營運狀況提列之員工分紅大幅減少，致非經常性薪資減少16%，整體下降3%，未來將依實際營運狀況搭配整體調薪計劃調整",
"生技醫療業","6491","晶碩","1298520","1690","768","686","649","595","17.84","735","2.38","N","N","N","",
"其他","6504","南六","227064","415","547","616","500","547","1.62","908","4.11","N","N","N","",
"油電燃氣業","6505","台塑化","7970629","5157","1546","1307","1452","1205","5.19","1264","4.63","N","N","N","",
"半導體業","6515","穎崴","506291","557","909","932","763","802","14.46","1704","14.51","N","Y","N","",
"半導體業","6531","愛普*","267189","103","2594","1589","1999","1254","13.67","1704","14.51","N","N","N","",
"半導體業","6533","晶心科","350194","192","1824","1539","1537","1391","3.59","1704","14.51","N","N","N","",
"半導體業","6552","易華電","346693","659","526","500","473","447","3.91","1704","14.51","N","N","N","",
"其他電子業","6558","興能高","43004","52","827","826","721","796","0.04","1219","7.94","N","N","N","",
"電腦及週邊設備業","6579","研揚","422015","446","946","896","817","801","4.22","1326","6.69","N","N","N","",
"綠能環保","6581","鋼聯","65970","81","814","780","805","786","5.08","801","3.89","N","Y","N","本公司較接近「廢棄物處理業」，同業公司應縮小至該業別方屬合理。
本公司獎金發放金額與當年度EPS呈正相關。為持續強化競爭力，111年度已全面調整薪資。",
"橡膠工業","6582","申豐","252034","199","1267","1203","1044","1046","32.74","751","2.79","N","N","N","",
"其他","6592","和潤企業","1121128","945","1186","1023","939","798","6.10","908","4.11","N","N","N","",
"汽車工業","6605","帝寶","1712813","2925","586","502","547","459","6.85","776","5.81","N","Y","N","公司人力結構中直接員工數佔總人數之六成，其中外籍員工數佔直接員工數約四成，因此影響整體薪資平均水準。110年持續調薪及紅利獎金增加，較109年平均薪資達16%，後續仍將依營運及業界用人水準，合理提升薪酬福利。",
"其他","6625","必應","149902","257","583","594","515","511","-2.00","908","4.11","N","N","Y","110年5月疫情侵擾，配合三級警戒所有演出服務延期取消，影響更甚去年，公司不願意裁員力保人才不流失，短暫執行縮時減薪，使薪資平均數較前年減少2％，但也成就解封後公司可全力承接活動，讓每股虧損較前年減少39％",
"其他","6655","科定","308538","386","799","711","650","597","7.68","908","4.11","N","Y","N","其他行業組成多元，行業特性差異大，本公司110年非擔任主管職務之員工平均月薪約66.5千元，較主計處公布110年全體受僱人員每月平均薪資45,454元高，且較上年度增加12%。",
"光電業","6668","中揚光","284460","390","729","710","670","648","-4.02","1086","4.60","N","N","N","",
"電腦及週邊設備業","6669","緯穎","1914983","1654","1158","1161","978","881","49.46","1326","6.69","N","Y","Y","110年員工人數較去年增加15.7%(無工作經驗人數占51%)，以致薪資平均數微幅下降0.3%。",
"運動休閒","6670","復盛應用","695839","859","810","771","708","649","18.03","841","6.49","N","Y","N","公司為工業局核定A+級之3K產業(辛苦、骯髒、危險)，在少子化及就業市場無法滿足用工人數情況下，目前聘用接近於30%外籍移工大幅拉低薪資平均。對比同業非屬3K產業，失去此比較之參考意義。",
"通信網路業","6674","鋐寶科技","137836","150","919","941","770","851","0.49","1144","2.39","N","N","N","",
"其他電子業","6691","洋基工程","391015","323","1211","0","1002","0","15.83","1219","7.94","N","Y","N","本公司已於110年及111年初進行全面調薪，非擔任主管職務之全時員工平均薪資調幅分別為8.39%與5.20%。未來將持續依員工表現進行年度晉升與薪資調整，優化薪資結構。",
"其他電子業","6698","旭暉應材","81066","147","551","520","461","478","0.39","1219","7.94","N","N","N","",
"光電業","6706","惠特","576092","578","997","833","671","664","13.98","1086","4.60","N","Y","N","1.直接人員佔總人數49%(較109年增加16%)。
2.未滿整年年資人員比例達32%(較109年增加20%)，非經常性薪資未領滿。
3.如排除未滿整年資者則每人總平均薪資超過110萬元。",
"電子零組件業","6715","嘉基","75364","72","1047","1003","953","894","3.05","913","6.80","N","N","N","",
"半導體業","6719","力智","459900","245","1877","0","1573","0","15.75","1704","14.51","N","N","N","",
"其他電子業","6743","安普新","86607","102","849","1097","717","960","-0.33","1219","7.94","N","N","N","",
"居家生活","6754","匯僑設計","220982","222","995","947","879","823","3.52","668","5.40","N","N","N","",
"半導體業","6756","威鋒電子","403772","169","2389","1757","1714","1501","13.04","1704","14.51","N","N","N","依公司章程規定年度如有獲利，應提撥不低於5%為員工酬勞，將公司經營績效與員工獎酬連結，藉以激勵員工與企業共同成長。",
"半導體業","6770","力積電","11042356","7357","1501","0","1315","0","4.92","1704","14.51","N","N","N","",
"電子通路業","6776","展碁國際","284265","269","1057","981","903","879","4.28","1110","6.95","N","N","N","",
"半導體業","6789","采鈺","1734608","1256","1381","0","1086","0","7.41","1704","14.51","N","N","N","",
"造紙工業","6790","永豐實","547484","662","827","0","714","0","4.24","860","2.30","N","Y","N","本公司產線人員佔比近五成，其中12%為外籍移工，故影響平均薪資，將持續進行自動化以提升人力資本。本公司每年進行調薪，逐步提高基層薪資，並依營運成果與個人績效給予對應性報酬，員工薪酬與經營績效呈正相關。",
"通信網路業","6792","詠業","363695","435","836","0","666","0","6.60","1144","2.39","N","Y","N","本公司生產製造據點均在國內，110年直接人力佔全公司58.9%，且滿半年未滿一年佔31.78％。工廠人員佔人力總數近六成，影響本公司整體非主管職之年度薪資。",
"綠能環保","6806","森崴能源","68334","64","1068","0","781","0","3.78","801","3.89","N","N","N","",
"通信網路業","8011","台通","128154","216","593","554","553","526","-1.36","1144","2.39","N","N","N","",
"半導體業","8016","矽創","1547338","363","4263","1954","3885","1831","50.03","1704","14.51","N","N","N","",
"其他電子業","8021","尖點","212567","295","721","686","631","600","3.14","1219","7.94","N","N","N","",
"半導體業","8028","昇陽半導體","577173","810","713","741","688","714","1.68","1704","14.51","N","N","Y","(一)因110年度資歷較淺之員工佔比明顯提升
(二)員工酬勞仍按前一年度EPS發放，因此110年酬勞按109年EPS提撥。而109年EPS低於108年，故110年非擔任主管職務之全時員工薪資平均數較109年減少。",
"其他","8033","雷虎","11575","19","609","564","593","576","0.18","908","4.11","N","N","N","",
"電子零組件業","8039","台虹","615487","759","811","791","727","713","3.51","913","6.80","N","N","N","因本公司110年度進行調薪，且發放當年度業績激勵獎金、研發獎金及加發尾牙團聚金等非經常性薪資；另外，本公司亦執行持股信託制度，綜合以上因素使整體員工薪酬提高。",
"電子零組件業","8046","南電","6896435","5825","1184","1021","1147","990","16.38","913","6.80","N","N","N","",
"電子通路業","8070","長華*","132760","67","1981","1404","1312","992","2.54","1110","6.95","N","N","N","",
"電子通路業","8072","陞泰","4990","9","554","587","475","513","0.39","1110","6.95","N","N","Y","1.母公司員工結構變化：陞泰科技組織異動，將研發人員分割成立100%持有之子公司，員工屬性轉變為平均新資相對較低之總管理處內勤人員。2.獲利成長來自子公司投資利益貢獻，母公司員工無因獲利增加而薪水增加之訴求。",
"半導體業","8081","致新","878998","338","2601","1953","2470","1817","25.45","1704","14.51","N","N","N","",
"通信網路業","8101","華冠","193861","237","818","692","647","517","0.03","1144","2.39","N","N","N","",
"電子零組件業","8103","瀚荃","148412","160","928","831","790","720","4.29","913","6.80","N","N","N","",
"光電業","8104","錸寶","150986","215","702","719","597","626","2.86","1086","4.60","N","N","N","",
"光電業","8105","凌巨","1183502","1554","762","734","657","656","0.21","1086","4.60","N","N","N","",
"半導體業","8110","華東","977618","1701","575","520","505","455","0.43","1704","14.51","N","N","N","",
"電子通路業","8112","至上","209766","152","1380","1163","1238","1014","7.02","1110","6.95","N","N","N","",
"電腦及週邊設備業","8114","振樺電","199099","288","691","613","565","498","6.21","1326","6.69","N","N","N","",
"半導體業","8131","福懋科","1359827","2379","572","530","543","516","3.52","1704","14.51","N","N","N","",
"半導體業","8150","南茂","5514546","5288","1043","913","993","845","6.96","1704","14.51","N","N","N","",
"電腦及週邊設備業","8163","達方","955115","849","1125","1119","941","947","4.09","1326","6.69","N","N","N","",
"其他電子業","8201","無敵","89565","108","829","831","754","799","1.75","1219","7.94","N","N","Y","110年較109年非擔任主管職務之全時員工薪資減少，主要係較資深年資久之人員退休，新進人員較多所致。",
"電腦及週邊設備業","8210","勤誠","250618","193","1299","1302","900","1058","5.62","1326","6.69","N","N","N","",
"電子零組件業","8213","志超","565229","365","1549","1565","1337","1290","8.60","913","6.80","N","N","Y","1.員工人數增加。
2.員工酬勞給付對象涵蓋本公司從屬公司員工。",
"光電業","8215","明基材","1632294","1547","1055","930","745","728","3.03","1086","4.60","N","N","N","",
"電機機械","8222","寶一","94700","205","462","461","428","437","-1.50","783","2.56","Y","N","N","110年度本公司因連續2年受疫情影響,營收持續下滑,以致公司淨損約一億零三佰萬。
1.員工幾無加班需求,加班費大幅減少
2.公司虧損,按公司章程規定,員工酬勞為0
3.公司虧損,年終獎金減少(只發基本一個月本薪)",
"電子零組件業","8249","菱光","95504","67","1425","1308","1198","1104","1.50","913","6.80","N","N","N","",
"半導體業","8261","富鼎","220104","116","1897","1129","1512","948","8.03","1704","14.51","N","N","N","",
"半導體業","8271","宇瞻","474674","438","1084","869","959","729","4.81","1704","14.51","N","N","N","",
"綠能環保","8341","日友","324837","345","942","943","705","681","8.47","801","3.89","N","N","N","",
"航運業","8367","建新國際","317264","417","761","686","686","661","7.10","1321","15.90","N","N","N","",
"電機機械","8374","羅昇","103110","109","946","820","836","724","1.32","783","2.56","N","N","N","",
"綠能環保","8422","可寧衛","67056","80","838","749","647","586","10.59","801","3.89","N","Y","N","(1)其他行業別組成複雜，彼此間
行業特性差異大，綜合比較易失真。

(2)本公司非擔任主管職務之全時
員工薪資水平已逐年遞增，將再檢
討本項薪資水平。",
"綠能環保","8438","昶昕","142033","217","655","0","559","0","3.56","801","3.89","N","N","N","1.本公司薪資福利參酌目前人力市場狀況及公司經營狀況，以提升人才競爭力。
2.藉由年中及年終兩次評價與考核，作為薪酬調整參考與職涯發展規劃作有效聯結。",
"貿易百貨","8443","阿瘦","225112","440","512","531","461","487","-3.90","740","4.00","N","N","N","",
"數位雲端","8454","富邦媒","1982477","2287","867","807","743","690","18.02","944","12.16","N","N","N","",
"運動休閒","8462","柏文","750515","1438","522","699","455","601","-1.91","841","6.49","N","N","N","",
"其他","8463","潤泰材","200102","311","643","617","555","548","-0.69","908","4.11","N","N","N","",
"居家生活","8464","億豐","317064","231","1373","1262","1095","1030","18.15","668","5.40","N","N","N","",
"綠能環保","8473","山林水","285510","549","520","517","464","449","1.36","801","3.89","N","N","N","",
"運動休閒","8478","東哥遊艇","477596","557","857","721","794","664","9.55","841","6.49","N","Y","N","因應未來營運成長及持續強化競爭力，110年員工薪資平均數比109年員工薪資平均數增加18.9%，當經營績效佳，亦會反映於員工整體薪酬中，如公司年度有獲利，將提撥不低於1%為員工酬勞。",
"其他","8481","政伸","267758","241","1111","1057","1022","977","6.10","908","4.11","N","N","N","",
"油電燃氣業","8926","台汽電","141890","119","1192","1181","1029","1003","1.52","1264","4.63","N","N","N","本公司訂定績效考核辦法及調薪、獎金、員工酬勞制度(含經理人)，依據部門KPI達成情形與個人績效表現進行經理人與員工績效考核，並將績效考核結果與調薪、績效獎金、員工酬勞相連結。",
"觀光餐旅","8940","新天地","194477","356","546","535","462","469","-1.74","545","1.15","N","N","N","",
"電機機械","8996","高力","347964","460","756","712","716","671","1.67","783","2.56","N","N","N","",
"其他","9902","台火","4678","7","668","577","710","618","1.15","908","4.11","N","N","N","",
"運動休閒","9904","寶成","2500506","3076","813","760","598","549","4.90","841","6.49","N","N","N","",
"其他","9905","大華","199763","299","668","587","625","548","1.97","908","4.11","N","N","N","",
"建材營造","9906","欣巴巴","34454","51","676","687","558","601","3.14","888","2.42","N","Y","Y","本年員工薪資總額與109年30217仟元相比，給付總數上升，惟平均數較去年下降，係本年公司營運所需，補充較多人力，其多屬非擔任主管職。EPS較同業提升，係公司採全部完工法入帳，亦證明過去預售成績穩定紮實。",
"其他","9907","統一實","912721","1108","824","714","791","710","1.17","908","4.11","N","N","N","",
"油電燃氣業","9908","大台北","244179","239","1022","1011","978","979","1.75","1264","4.63","N","N","N","",
"運動休閒","9910","豐泰","2984439","2586","1154","1143","862","843","5.15","841","6.49","N","N","N","",
"居家生活","9911","櫻花","687150","919","748","714","637","615","4.62","668","5.40","N","N","N","",
"電腦及週邊設備業","9912","偉聯","27401","32","856","821","774","793","0.37","1326","6.69","N","N","N","",
"運動休閒","9914","美利達","1137206","1213","938","869","773","718","15.55","841","6.49","N","N","N","",
"其他","9917","中保科","1719472","2359","729","713","677","674","5.73","908","4.11","N","Y","N","本公司所經營業務多元化，非單一營運市場，人力類別及薪資結構複雜，與所謂「同業」事業屬性多不相同。且月底到/離職員工均計算為半月薪資也算1人。以上各因素均影響薪資平均數。",
"油電燃氣業","9918","欣天然","159531","170","938","983","865","890","1.92","1264","4.63","N","N","Y","本公司員工薪酬，依據公司章程、公司工作規則及董事會通過提撥標準，相關薪資係參考同業水準訂定，獎金給付視公司獲利與經營績效參考同業水準支付。110年主要係部份資深員工退休，致整體員工平均薪資略為下降。",
"其他","9919","康那香","332706","603","552","652","484","573","0.50","908","4.11","N","N","N","",
"運動休閒","9921","巨大","2410188","2753","875","730","710","605","15.81","841","6.49","N","Y","N","近年勞動人口減少, 勉以加入新鮮人及外籍勞動力補替,追趕製造生產力, 其薪資低於平均薪資, 造成數據下降
但我司連年成長至少13%,今年逆勢成長近20%, 說明本公司營運績效成長與員工貢獻薪資正向連動",
"居家生活","9924","福興","700221","1268","552","576","466","488","3.54","668","5.40","N","N","N","",
"其他","9925","新保","1116381","1693","659","642","609","587","2.50","908","4.11","N","N","N","",
"油電燃氣業","9926","新海","184589","151","1222","1207","1279","1297","2.50","1264","4.63","N","N","N","",
"其他","9927","泰銘","92163","138","668","697","633","658","4.00","908","4.11","N","N","Y","子公司供獻獲利占EPS之28%。另本公司員工薪資是由「固定薪資」與「變動薪資」構成。而「變動薪資」係依據前一年度經營績效來評定核發，因此獎金發放年度與績效貢獻年度產生有時間差。",
"其他","9928","中視","274017","401","683","687","623","620","-0.46","908","4.11","N","N","N","",
"其他","9929","秋雨","55641","111","501","512","470","474","0.05","908","4.11","N","N","N","",
"綠能環保","9930","中聯資源","332371","243","1368","1374","1259","1285","2.86","801","3.89","N","N","N","",
"油電燃氣業","9931","欣高","92354","103","897","864","820","813","2.15","1264","4.63","N","N","N","",
"其他","9933","中鼎","3015901","2532","1191","1141","1074","1022","2.15","908","4.11","N","N","N","",
"居家生活","9934","成霖","68034","109","624","670","589","647","0.04","668","5.40","N","N","N","",
"居家生活","9935","慶豐富","326014","599","544","617","478","617","0.46","668","5.40","N","N","N","",
"油電燃氣業","9937","全國","502916","1033","487","475","393","398","2.62","1264","4.63","Y","N","N","因行業特性，工讀生及加油員佔員工總人數76%，員工身分常態性由部分工時轉換為全時員工，本統計資料為滿6個月之未年化全時員工平均薪資，未採計部分工時期間薪資，以致低於油電燃氣業同業，然與加油站同業薪資相當。",
"其他","9938","百和","657953","981","671","625","525","486","6.91","908","4.11","N","Y","N","1.本公司110年度員工薪資平均數超過50萬元，惟因產業別為”其它”，難以找到同產業別比較。
2.110年度員工薪酬較109年薪酬增加7.4%，主要為因應未來營運成長及持續強化競爭力，依員工績效對個別員工進行薪酬調整",
"其他","9939","宏全","876955","1354","648","626","599","577","6.83","908","4.11","N","Y","N","本公司產業為傳統製造業，所需生產線人力佔總人數約59%、現場流動性較高且外籍員工佔生產線人力1/5，故整體平均數拉低；將持續積極提升薪資福利制度、培育優秀人才、建立安全、舒適的職場環境等方式提高員工滿意度。",
"其他","9940","信義","5726135","4535","1263","1142","945","834","3.19","908","4.11","N","N","N","",
"其他","9941","裕融","853052","664","1285","1152","1063","988","12.96","908","4.11","N","N","N","",
"其他","9942","茂順","526561","929","567","499","518","441","6.49","908","4.11","N","Y","N","本公司地處南投,屬傳統製造業且產線同仁比例近八成,但每年仍會依據政府法令與個人績效表現調薪,並經薪資調查給予同仁合理的薪酬。",
"觀光餐旅","9943","好樂迪","384676","918","419","509","374","469","0.43","545","1.15","Y","N","N","受COVID-19疫情影響，本公司110.05.15-110.10.04配合政策停業143天，期間員工多以請假或減沙排班因應 ，進而降低薪資及獎金之領取，造成整體薪資平均數偏低。",
"其他","9944","新麗","130804","215","608","597","525","489","4.71","908","4.11","N","N","N","",
"其他","9945","潤泰新","152809","234","653","620","376","359","7.98","908","4.11","N","Y","N","本公司獲利來源中，轉投資收益佔比較高，若排除此部分，獲利表現未優於同業。而量販事業受電商崛起，業績下滑致虧損，此部分人力較多，平均薪資不易拉升。本公司盡力改善量販營運績效，以回饋員工並提升員工福祉。",
"建材營造","9946","三發地產","33349","40","834","840","771","781","0.68","888","2.42","N","N","Y","本公司認列營收採全部完工法，110年度因完工認列營收增加以致公司EPS增長，獲利表現較佳。在永續發展前提下，本公司獎酬策略係以前一年經營績效評估，110年較佳經營績效將於111年員工薪酬績效考量。",
"綠能環保","9955","佳龍","25311","48","527","587","429","413","-0.95","801","3.89","N","N","Y","1. 本公司110年度，雖較前年度EPS增加0.24
   ，惟仍屬於虧損狀況。
2. 非擔任主管職務之員工薪資平均數較前一
   年度減少56仟元（下降9.6%），主要為部
   份薪資高於平均數之員工離職所致。",
"鋼鐵工業","9958","世紀鋼","217430","315","690","653","638","593","5.46","1481","3.86","N","Y","N","1.本公司為鋼構製造業，與鋼鐵業之營業項目並不同，因鋼鐵業營收為材料生產及銷售，然與本公司並不相同。
2.因鋼鐵業項目及技術與本公司之項目與技術有不同之差異性，故其薪資平均數亦不同，無法以同業水準做比較。",