產業類別,公司代號,公司名稱,非擔任主管職務之全時員工資訊-員工薪資總額(仟元),非擔任主管職務之全時員工資訊-員工人數-年度平均(人),非擔任主管職務之全時員工資訊-員工薪資-平均數(仟元/人)-113年,非擔任主管職務之全時員工資訊-員工薪資-平均數(仟元/人)-112年,員工薪資-平均數調整變動情形(%),非擔任主管職務之全時員工資訊-員工薪資-中位數(仟元/人)-113年,非擔任主管職務之全時員工資訊-員工薪資-中位數(仟元/人)-112年,員工薪資-中位數調整變動情形(%),非擔任主管職務之全時員工資訊-每股盈餘(元/股),同業公司資訊-員工薪資-平均數(仟元/人),同業公司資訊-平均每股盈餘(元/股),薪資統計情形-非經理人之全時員工薪資平均數未達50萬元,薪資統計情形-公司EPS獲利表現較同業為佳，惟非經理人之全時員工薪資平均數低於同業水準,薪資統計情形-公司EPS較前一年度成長，惟非經理人之全時員工薪資平均數較前一年度減少),薪資統計情形-公司經營績效與員工薪酬之關聯性及合理性說明,薪資統計情形-具體改善措施說明
"水泥工業","1101","台泥","1161711","1158","1003","994","0.91%","877","871","0.69%","1.45","909","1.99","N","N","N","","",
"水泥工業","1102","亞泥","499073","441","1132","1083","4.52%","988","941","4.99%","3.86","909","1.99","N","N","N","","",
"水泥工業","1103","嘉泥","73615","67","1099","869","26.47%","1023","800","27.88%","0.48","909","1.99","N","N","N","","",
"水泥工業","1104","環泥","385167","453","850","814","4.42%","792","745","6.31%","2.16","909","1.99","N","Y","N","本公司113年度EPS(2.16元)較高，主要係因營業外收入-採用權益法認列之關聯企業損益份額所致。","本公司配合證交法第四十六條第六項修改本公司公司章程。",
"水泥工業","1108","幸福","216037","363","595","593","0.34%","523","516","1.36%","1.22","909","1.99","N","N","N","","",
"水泥工業","1109","信大","220759","324","681","683","-0.29%","651","650","0.15%","1.38","909","1.99","N","N","N","","",
"水泥工業","1110","東泥","33037","43","768","763","0.66%","729","673","8.32%","0.61","909","1.99","N","N","N","","",
"食品工業","1201","味全","1024718","1299","789","728","8.38%","729","673","8.32%","0.87","872","2.95","N","N","N","","",
"食品工業","1203","味王","418464","675","620","600","3.33%","592","574","3.14%","2.36","872","2.95","N","N","N","","",
"食品工業","1210","大成","2239024","2857","784","756","3.70%","666","634","5.05%","4.21","872","2.95","N","Y","N","本公司目前營業比重以飼料為大宗佔54%，食品相對略低，僅約佔20%，與其它食品業有差異； 另又人力結構中，外籍移工佔比逾三成。","本公司依照公司營運目標的進展與獲利發放各項獎金、年終獎金，員工酬勞依年度可分配盈餘不低於2%提撥發放， 並依法於114年修訂公司章程，明訂前述員工酬勞的分配之中層員工酬勞不低於0.5%。",
"食品工業","1213","大飲","35826","85","421","398","5.78%","398","383","3.92%","8.71","872","2.95","Y","Y","N","因食安事件，目前衛生局未同意全線復工，公司營收不如預期，員工薪資平均數未達，但非主管同仁的薪資依基本工資作調整。","非主管同仁的薪資依基本工資作調整。",
"食品工業","1215","卜蜂","1714450","2353","729","712","2.39%","507","563","-9.95%","6.55","872","2.95","N","Y","N","非擔任主管職務之全時員工人數中，外勞佔比為40%，故整體薪資平均數低於同業水準","持續招聘本國籍員工,降低外勞使用人數",
"食品工業","1216","統一","6794243","5570","1220","1182","3.21%","1041","1006","3.48%","3.64","872","2.95","N","N","N","","",
"食品工業","1217","愛之味","385035","551","699","682","2.49%","603","583","3.43%","0.58","872","2.95","N","N","N","","",
"食品工業","1218","泰山","321819","502","641","595","7.73%","585","547","6.95%","1.53","872","2.95","N","N","N","","",
"食品工業","1219","福壽","386847","582","665","665","0.00%","616","606","1.65%","0.53","872","2.95","N","N","N","","",
"食品工業","1220","台榮","141840","208","682","621","9.82%","655","578","13.32%","1.18","872","2.95","N","N","N","","",
"食品工業","1225","福懋油","152832","224","682","690","-1.16%","633","631","0.32%","1.50","872","2.95","N","N","N","","",
"食品工業","1227","佳格","950603","1060","897","829","8.20%","804","736","9.24%","1.91","872","2.95","N","N","N","","",
"食品工業","1229","聯華","994674","1241","802","771","4.02%","733","703","4.27%","2.46","872","2.95","N","N","N","","",
"食品工業","1231","聯華食","1650931","2290","721","687","4.95%","630","595","5.88%","4.22","872","2.95","N","Y","N","公司基層人力佔七成以上，其中外籍移工、建教生及未全年在職人數佔37%，員工人數較去年成長3%，年資未足一年之員工佔14%，影響整體薪資平均數。本公司秉持共創價值、利潤分享之理念，將持續提升員工薪資福利。","1.根據市場薪資調查產業薪資水平，提升基層員工薪資競爭力。
2.推動培訓、輪調、升遷管道，讓員工有多元專業職涯發展提升薪資水平。
3.參考通膨指數，持續提升各類補助與津貼制度。",
"食品工業","1232","大統益","228188","140","1630","1576","3.43%","1422","1392","2.16%","8.24","872","2.95","N","N","N","","",
"食品工業","1233","天仁","501685","781","642","621","3.38%","553","530","4.34%","0.97","872","2.95","N","N","N","","",
"食品工業","1234","黑松","467040","548","852","837","1.79%","759","756","0.40%","2.36","872","2.95","N","N","N","","",
"食品工業","1235","興泰","3913","11","356","434","-17.97%","386","459","-15.90%","0.08","872","2.95","Y","N","N","1.本公司已成立50多年，老員工已退休，目前員工為年資較淺之新員工。
2.公司獲利原因為業外投資收益，本業實則處於虧損狀態。","公司依各別員工表現予以調高薪資,並不定期加發獎金以提振員工士氣。",
"食品工業","1236","宏亞","344385","647","532","527","0.95%","473","462","2.38%","-0.28","872","2.95","N","N","N","","",
"塑膠工業","1301","台塑","8572768","6204","1382","1364","1.32%","1262","1238","1.94%","-0.19","1209","-0.08","N","N","N","","",
"塑膠工業","1303","南亞","13547437","11027","1229","1188","3.45%","1139","1105","3.08%","0.42","1209","-0.08","N","N","N","","",
"塑膠工業","1304","台聚","444358","428","1038","1219","-14.85%","958","1110","-13.69%","-2.00","1209","-0.08","N","N","N","公司依據年度營運成果，參考國內業界發放水平及員工績效等綜合因素考量後，決定員工獎金分配方式與進行年度調薪。","持續掌握國內業界發放水平，同時優化員工績效管理體系，以調整及改善員工薪酬。",
"塑膠工業","1305","華夏","589253","613","961","949","1.26%","907","906","0.11%","-1.22","1209","-0.08","N","N","N","公司員工酬勞制度在公司章程中已訂定「員工酬勞不低於當年度獲利百分之一。但尚有累積虧損時，應預先保留彌補數額。」此外，本公司每月發給員工績效獎金，發放標準依當月銷售、毛利、生產力…等績效做為計算依據。","無。",
"塑膠工業","1307","三芳","507236","500","1014","848","19.58%","971","808","20.17%","3.72","1209","-0.08","N","Y","N","本公司主要生產人工皮革,鞋材佔比約90%,因113年大型賽事展開,及上游原料成本的低檔維持,助益EPS較去年同期成長約95%,本公司亦考量通貨膨漲調整員工薪資,非擔任主管職務之員工薪資平均數較去年同期成長約20%。","本公司均會參考同業水準調整員工薪資",
"塑膠工業","1308","亞聚","244964","224","1094","1283","-14.73%","1035","1199","-13.68%","-1.26","1209","-0.08","N","N","N","公司依據年度營運成果，參考國內業界發放水平及員工績效等綜合因素考量後，決定員工獎金分配方式與進行年度調薪。","持續掌握國內業界發放水平，同時優化員工績效管理體系，以調整及改善員工薪酬。",
"塑膠工業","1309","台達化","362773","352","1031","1031","0.00%","987","968","1.96%","-0.56","1209","-0.08","N","N","N","","",
"塑膠工業","1310","台苯","167926","179","938","912","2.85%","849","799","6.26%","-0.72","1209","-0.08","N","N","N","","",
"塑膠工業","1312","國喬","356024","359","992","891","11.34%","887","798","11.15%","-1.42","1209","-0.08","N","N","N","","",
"塑膠工業","1313","聯成","273507","219","1249","1233","1.30%","1145","1127","1.60%","-1.79","1209","-0.08","N","N","N","","",
"塑膠工業","1314","中石化","883484","1041","849","760","11.71%","781","699","11.73%","0.07","1209","-0.08","N","Y","N","1.依學經歷、職等及勞基法規範核薪，並逐年檢視依公司營運及獲利情況調整。
2.113年本業營收與獲利皆較112年衰退，致使中石化全時員工年度(薪資平均數)低於同業水準。","推動多元化獎酬與福利制度，將公司經營盈餘連結個人績效，並定期市場薪資調查，建立薪資調整機制，確保薪資具競爭性。未來將持續檢討並優化薪酬制度，達成「企業永續經營、員工共享成果」之目標。",
"塑膠工業","1315","達新","209716","330","636","624","1.92%","583","558","4.48%","2.15","1209","-0.08","N","Y","N","1.依學經歷、職等及薪資敘薪標準核薪，秉持共享營運績效原則，並逐年依公司營運狀況適時調整。
2.營業項目塑膠製品62.61%
3.外籍員工占全體員工14.55%
4.上述說明，成長優於同業、較同業標準低，係屬合理。","1.本公司產品多樣，塑膠製品占6成，相較同業資訊，衡量基礎不同。
2.提升整體團隊對長期績效之責任與擔當，共創營運佳績。",
"建材營造","1316","上曜","21945","29","757","719","5.29%","540","541","-0.18%","-0.79","974","2.65","N","N","N","","",
"汽車工業","1319","東陽","2802676","3518","797","748","6.55%","648","630","2.86%","7.40","892","5.84","N","Y","N","公司為汽車上游零組件業，勞力密集生產型態，其中外籍員工佔比約四成，影響整體平均薪資水準；每年依營運及獲利持續調薪，近年平均年薪自58.9萬(2018年)調至79.7萬(2024年)，增幅約35%。2024年人事費用成長5.25%。","公司後續仍將視營運狀況不斷檢討、提升員工薪酬福
利，2025年人事費用成長預計可達5.5%",
"塑膠工業","1321","大洋","347274","442","786","764","2.88%","728","710","2.54%","0.76","1209","-0.08","N","Y","N","財報所示之淨利來源實非本業而係業外收益所致，惟業外收益為非經常性收入、抑或為評價利益，故難成為穩定之經濟來源或轉化為員工薪酬發放之基礎。","待本業獲利回升將優先檢視薪資結構與同仁福祉，善盡企業責任。",
"塑膠工業","1323","永裕","408895","687","595","601","-1.00%","529","551","-3.99%","2.58","1209","-0.08","N","Y","Y","1. 113年客戶訂單、營業毛利及營業利益大幅下降，連帶加班費、獎金減少。
2. 113年7月喪失對子公司實質控制力，產生處分投資利益約1.7億，致EPS增加約1.9元，與實質營業活
動無涉。","遵循公司章程規定，於114年員工酬勞數額中，不得少於40%應為分派予基層員工之酬勞。",
"塑膠工業","1324","地球","121307","216","562","587","-4.26%","453","481","-5.82%","0.09","1209","-0.08","N","Y","N","本公司薪資水準穩定，113年因營業額減少，薪資微幅減少,仍屬平穩。","本公司持續關注本業經營及員工之薪資福利",
"塑膠工業","1325","恆大","58056","114","509","506","0.59%","457","465","-1.72%","-0.60","1209","-0.08","N","N","N","","",
"塑膠工業","1326","台化","5885000","4179","1408","1352","4.14%","1279","1229","4.07%","0.06","1209","-0.08","N","N","N","","",
"汽車工業","1339","昭輝","172020","261","659","680","-3.09%","508","518","-1.93%","5.01","892","5.84","N","N","N","","",
"其他","1342","八貫","256708","376","683","652","4.75%","578","518","11.58%","6.27","969","3.42","N","Y","N","本公司113年因新進員工人數較多，非全年的員工人數較多，但因113年進行員工調薪，113年的非擔任主管職務員工薪資仍較112年佳。","隨員工平均年資增加，員工薪酬將依績效表現等…調整。",
"紡織纖維","1402","遠東新","4091127","3748","1092","994","9.86%","914","832","9.86%","2.00","758","1.55","N","N","N","","",
"紡織纖維","1409","新纖","1162964","1622","717","651","10.14%","662","636","4.09%","1.06","758","1.55","N","N","N","","",
"紡織纖維","1410","南染","4921","9","547","560","-2.32%","529","501","5.59%","0.57","758","1.55","N","N","Y","本公司113年EPS由0.24元成長至0.57元，惟非主管全時員工平均薪資由56萬元降至54.7萬元，主因112年組織重整，認列較高資遣費等非經常性費用致EPS偏低。現組織已趨穩定，未來員工報酬將與營運績效趨於同步。","目前公司組織已趨穩定，未來將持續提升營運績效，並確保員工報酬與公司成長同步。",
"紡織纖維","1413","宏洲","110560","167","662","605","9.42%","616","542","13.65%","-0.17","758","1.55","N","N","N","","",
"紡織纖維","1414","東和","94728","186","509","487","4.52%","468","453","3.31%","0.26","758","1.55","N","N","N","","",
"其他","1416","廣豐","4583","5","917","845","8.52%","946","855","10.64%","0.79","969","3.42","N","N","N","","",
"紡織纖維","1417","嘉裕","137127","246","557","569","-2.11%","486","540","-10.00%","-0.81","758","1.55","N","N","N","","",
"紡織纖維","1418","東華","18446","28","659","602","9.47%","545","521","4.61%","0.47","758","1.55","N","N","N","","",
"紡織纖維","1419","新紡","430975","606","711","701","1.43%","596","596","0.00%","2.90","758","1.55","N","Y","N","本公司113年擴增新部門-國軍供售服務處，使員工人數、營業收入及獲利均有成長。
薪資與工作績效、實際貢獻度及獲利成果連動，獎金主要呈現在與營運相關單位人員薪資上。","未來將持續優化績效分享制度，強化成果共享機制並精進職能與技能發展路徑，促進員工成長。",
"紡織纖維","1423","利華","23621","41","576","562","2.49%","534","498","7.23%","0.81","758","1.55","N","N","N","","",
"運動休閒","1432","大魯閣","196141","339","579","550","5.27%","495","472","4.87%","-0.47","872","5.72","N","N","N","","",
"紡織纖維","1434","福懋","1518488","2736","555","564","-1.60%","489","493","-0.81%","0.89","758","1.55","N","N","Y","此為年終獎金發放月數差異影響，年終獎金是反映上一年度績效，112年經營績效較111年差，致113年年終獎金發放金額較112年減少，造成平均數減少。","反映公司營運狀況發放薪資及獎金。",
"其他","1435","中福","5165","5","1033","799","29.29%","625","601","3.99%","-0.27","969","3.42","N","N","N","","",
"建材營造","1436","華友聯","40562","37","1096","942","16.35%","1052","837","25.69%","19.93","974","2.65","N","N","N","","",
"其他","1437","勤益控","17181","21","818","772","5.96%","485","455","6.59%","3.25","969","3.42","N","N","N","","",
"建材營造","1438","三地開發","4119","7","588","467","25.91%","573","436","31.42%","-1.54","974","2.65","N","N","N","","",
"建材營造","1439","雋揚","6598","10","660","769","-14.17%","641","786","-18.45%","1.74","974","2.65","N","N","N","","",
"紡織纖維","1440","南紡","536440","879","610","619","-1.45%","558","556","0.36%","-0.34","758","1.55","N","N","N","","",
"紡織纖維","1441","大東","14471","24","603","608","-0.82%","547","551","-0.73%","1.63","758","1.55","N","Y","Y","因公司本業仍處於虧損階段，113年獲利係受惠轉投資高額股利分派所致，非本業績效產生，公司秉持「績效導向、公平合理」的薪酬原則，將個人績效作為薪酬調整與職涯發展的核心依據。","未來將持續優化績效與薪酬連動的清晰度與彈性，使高績效者獲得更具競爭力的報酬，強化留才與激勵效果。",
"建材營造","1442","名軒","39334","31","1269","1047","21.20%","1099","1021","7.64%","7.17","974","2.65","N","N","N","","",
"其他","1443","立益物流","62878","93","676","657","2.89%","675","650","3.85%","1.81","969","3.42","N","N","N","","",
"紡織纖維","1444","力麗","502368","924","544","513","6.04%","472","446","5.83%","0.28","758","1.55","N","N","N","","",
"紡織纖維","1445","大宇","172558","284","608","689","-11.76%","552","587","-5.96%","-1.52","758","1.55","N","N","N","","",
"紡織纖維","1446","宏和","24471","37","661","637","3.77%","535","515","3.88%","9.82","758","1.55","N","Y","N","本公司薪酬制度除保障年薪12個月及年終獎金外，營運獲利則另發放員工酬勞。","本公司113年度獲利主係處分板橋建案所致，此為非經常性之獲利，且公司本業獲利並未優於同業。",
"紡織纖維","1447","力鵬","767574","1257","611","558","9.50%","553","505","9.51%","0.04","758","1.55","N","N","N","","",
"紡織纖維","1449","佳和","434939","750","580","527","10.06%","555","494","12.35%","0.93","758","1.55","N","N","N","","",
"紡織纖維","1451","年興","169208","200","846","518","63.32%","698","470","48.51%","1.22","758","1.55","N","N","N","","",
"紡織纖維","1452","宏益","141546","213","665","565","17.70%","574","483","18.84%","0.64","758","1.55","N","N","N","","",
"建材營造","1453","大將","6122","10","612","565","8.32%","596","596","0.00%","0.02","974","2.65","N","N","N","","",
"紡織纖維","1454","台富","213719","383","558","557","0.18%","503","507","-0.79%","0.10","758","1.55","N","N","N","","",
"紡織纖維","1455","集盛","771076","1225","629","603","4.31%","568","548","3.65%","0.01","758","1.55","N","N","N","","",
"建材營造","1456","怡華","13041","22","593","561","5.70%","588","556","5.76%","1.11","974","2.65","N","N","N","本公司113年度員工薪酬較之112年度平均成長5.7%，主要產業為不動產部，次要為紡織部，113年紡織部毛利率5%、平均薪資60.5萬元，113年不動產部毛利率44%，其平均薪資59.3萬元，員工薪酬主係以整體營運考量。","本公司將適時視市場薪資動態、整體經濟及產業景氣變動、政府法令規定之必要而有所調整員工薪酬，並依據其學經歷、專業知識及技術、專業年資經驗
及個人績效表現而定，依公司營運績效及員工個人績效表現發放獎金。",
"紡織纖維","1457","宜進","13526","16","845","821","2.92%","759","732","3.69%","0.91","758","1.55","N","N","N","","",
"紡織纖維","1459","聯發","50676","105","483","449","7.57%","404","394","2.54%","0.68","758","1.55","Y","N","N","因作業人員以外籍勞工為主，故整體薪資平均數低於同業水準。","重新配置人力結構，依據未來營運成果調整。",
"紡織纖維","1460","宏遠","743681","1357","548","522","4.98%","492","470","4.68%","-0.41","758","1.55","N","N","N","","",
"紡織纖維","1463","強盛新","83584","150","557","515","8.16%","521","465","12.04%","3.28","758","1.55","N","Y","N","本公司113年度獲利主要來自出售子公司土地收益4.54億元所挹注，本業仍屬虧損，故雖EPS較同業為優，但非經理人之薪資，仍不及同業水準。","除從業務面著手改善本業獲利外，114年度規劃大幅調整薪資待遇，期與市場相符。",
"紡織纖維","1464","得力","402651","694","580","554","4.69%","526","489","7.57%","1.04","758","1.55","N","N","N","","",
"紡織纖維","1465","偉全","80942","146","554","531","4.33%","491","477","2.94%","0.65","758","1.55","N","N","N","","",
"紡織纖維","1466","聚隆","177768","291","611","570","7.19%","606","550","10.18%","0.14","758","1.55","N","N","N","","",
"紡織纖維","1467","南緯","108822","155","702","660","6.36%","629","583","7.89%","0.46","758","1.55","N","N","N","","",
"紡織纖維","1468","昶和","23019","38","606","543","11.60%","542","522","3.83%","0.94","758","1.55","N","N","N","","",
"紡織纖維","1470","大統新創","142103","224","634","560","13.21%","547","473","15.64%","1.13","758","1.55","N","N","N","","",
"電子零組件業","1471","首利","18457","24","769","740","3.92%","818","768","6.51%","0.04","994","6.57","N","N","N","","",
"建材營造","1472","三洋實業","29735","36","826","803","2.86%","665","651","2.15%","3.31","974","2.65","N","Y","N","主係今年度持續取得公共工程最有利標，及在建工程工期較長所致。
本公司營運方面循序漸進穩定成長，員工薪資平均數較去年度略有提升，今後會持續提升員工薪資水準，與員工共享公司成就。","未來隨著完工工程數量增加，以完工工程績效連動獎金機制，依實際完成情形發放獎金，持續提升員工薪資水準。
公司亦有訂定制度化加薪辦法，每年依公司營運成果予員工加薪。",
"紡織纖維","1473","台南","207514","320","648","589","10.02%","558","493","13.18%","3.02","758","1.55","N","Y","N","1.本公司薪酬制度除保障年薪13個月外，營運獲利另發放員工績效獎金。
2.基層作業與縫製相關人員占比四成以上，且外勞占比超過5%以上，因基層直接作業人員占比高致平均薪資較低。","1. 本公司將繼續提升營運績效，提高員工薪酬。
2. 將積極規劃相關薪酬政策，且依個人績效、年資條件不同而有差異。",
"紡織纖維","1474","弘裕","243990","423","577","548","5.29%","539","503","7.16%","0.82","758","1.55","N","N","N","","",
"紡織纖維","1475","業旺","7622","10","762","580","31.38%","647","586","10.41%","7.22","758","1.55","N","N","N","","",
"紡織纖維","1476","儒鴻","1880681","1705","1103","953","15.74%","961","833","15.37%","24.20","758","1.55","N","N","N","","",
"紡織纖維","1477","聚陽","1294849","795","1629","1508","8.02%","1443","1381","4.49%","16.68","758","1.55","N","N","N","","",
"電機機械","1503","士電","2303679","2134","1080","1024","5.47%","892","842","5.94%","5.81","864","3.85","N","N","N","","",
"電機機械","1504","東元","2063474","2066","999","920","8.59%","793","748","6.02%","2.73","864","3.85","N","N","N","","",
"電機機械","1506","正道","140654","261","539","562","-4.09%","492","508","-3.15%","0.14","864","3.85","N","N","N","","",
"汽車工業","1512","瑞利","62982","111","567","585","-3.08%","472","503","-6.16%","-0.68","892","5.84","N","N","N","","",
"電機機械","1513","中興電","1717380","1824","942","907","3.86%","828","773","7.12%","7.33","864","3.85","N","N","N","","",
"電機機械","1514","亞力","643620","659","977","943","3.61%","846","809","4.57%","3.04","864","3.85","N","N","N","","",
"電機機械","1515","力山","347168","661","525","524","0.19%","431","434","-0.69%","1.76","864","3.85","N","N","N","","",
"其他","1516","川飛","1378","2","689","970","-28.97%","689","862","-20.07%","-6.13","969","3.42","N","N","N","","",
"電機機械","1517","利奇","254606","562","453","395","14.68%","409","345","18.55%","-0.42","864","3.85","Y","N","N","113年度因自行車產業市場需求回溫，訂單回升，產能規模效能提升，致113年度員工薪資較112年度提高。
惟經濟環境仍充滿不確定性與多重挑戰，獲利情形仍不如預期，待營運穩定增長，以增加公司獲利並提升員工福利。","配合自行車產業透過積極調整庫存和生產模式，加強財務風險管控，更要全力投入ESG和永續發展的工程，為提升市場競爭力做足準備。",
"電機機械","1519","華城","1720072","996","1727","1546","11.71%","1159","1113","4.13%","14.93","864","3.85","N","N","N","","",
"汽車工業","1521","大億","461563","766","603","642","-6.07%","541","585","-7.52%","1.15","892","5.84","N","N","Y","公司112年稅前利益78,755千元，其中認列投資損失176,667千元，113年稅前利益82,901千元，其中認列投資損失761千元，因此扣除業外之認列之投資損失，公司本身113年獲利並未較112年增加。","公司依循勞基法各項規定，且並無獲利增加但薪資平均數及薪資中位數較前一年減少之情形",
"汽車工業","1522","堤維西","1046080","1594","656","618","6.15%","585","562","4.09%","4.76","892","5.84","N","N","N","","",
"汽車工業","1524","耿鼎","278179","404","689","633","8.85%","594","545","8.99%","3.61","892","5.84","N","N","N","","",
"汽車工業","1525","江申","201782","304","664","644","3.11%","613","589","4.07%","4.12","892","5.84","N","N","N","","",
"電機機械","1526","日馳","86991","149","584","544","7.35%","460","401","14.71%","-0.91","864","3.85","N","N","N","","",
"電機機械","1527","鑽全","403120","625","645","576","11.98%","568","471","20.59%","3.21","864","3.85","N","N","N","","",
"電機機械","1528","恩德","135590","204","665","710","-6.34%","580","608","-4.61%","-0.81","864","3.85","N","N","N","","",
"電機機械","1529","樂事綠能","36989","70","528","484","9.09%","506","461","9.76%","-0.13","864","3.85","N","N","N","","",
"電機機械","1530","亞崴","221867","320","693","649","6.78%","638","608","4.93%","4.68","864","3.85","N","Y","N","113年度獲利係為業外挹注。本公司仍依績效考核結果做為薪資調整依據，並配合各項獎金辦法推行，致力提昇員工之薪酬。","1.建立合理的薪酬結構符合市場水準,才能吸引優秀人才，進而提升企業的競爭力。
2.提供員工培訓機會，提升其專業技能，在薪酬上給予相應的回報。",
"電機機械","1531","高林股","89541","113","792","748","5.88%","712","687","3.64%","0.47","864","3.85","N","N","N","","",
"電機機械","1532","勤美","243959","304","802","775","3.48%","645","610","5.74%","3.05","864","3.85","N","N","N","本公司致力全方位員工獎酬與福利規劃，提供優於法令之全薪家庭照顧假與生理假，並將托育補助擴及至子女滿12歲；一般員工獎酬多與工作績效表現連結，考量公司整體獲利與薪酬變化，與同業相比趨勢尚屬合理。","公司秉持與經營成果連動的原則，持續承諾優化員工整體獎酬政策；同時，配合政府法定基本薪資調整，同步檢視內部薪資結構，打造具競爭力非主管員工薪資與全方位照護員工的職場環境。",
"汽車工業","1533","車王電","232109","394","589","566","4.06%","514","482","6.64%","-1.11","892","5.84","N","N","N","","",
"電機機械","1535","中宇","1450050","1250","1160","1135","2.20%","1091","1039","5.00%","4.06","864","3.85","N","N","N","","",
"汽車工業","1536","和大","530321","895","593","607","-2.31%","576","582","-1.03%","0.70","892","5.84","N","N","N","","",
"電機機械","1537","廣隆","94678","110","861","784","9.82%","695","641","8.42%","11.75","864","3.85","N","Y","N","本公司考量年資與績效考核，分配年終獎金及依章程提撥之員工酬勞予員工，以激勵員工共同為公司目標努力。本公司113年度非擔任主管之員工薪資平均數較前一年度增加77千元，增幅9.82%，經營績效與員工薪資呈正相關。","在營運績效成長的同時，持續重視及增進基層員工的薪資福利。未來將持續推動福利政策增加員工福祉。",
"電機機械","1538","正峰","11942","17","702","594","18.18%","400","437","-8.47%","-1.70","864","3.85","N","N","N","","",
"電機機械","1539","巨庭","68247","137","498","461","8.03%","445","409","8.80%","1.41","864","3.85","Y","N","N","本公司是傳統產業木工機OEM其毛利偏低,
本公司113年初整體調薪平均5%。","積極研發降低成本提高毛利率,
提高員工酬勞比率,已修改公司章程
員工酬勞數額將高於50%分派於基層員工。",
"電機機械","1540","喬福","52502","84","625","600","4.17%","588","569","3.34%","2.12","864","3.85","N","N","N","","",
"電機機械","1541","錩泰","177493","355","500","485","3.09%","428","413","3.63%","1.06","864","3.85","N","N","N","","",
"電機機械","1558","伸興","173602","230","755","821","-8.04%","703","739","-4.87%","6.81","864","3.85","N","Y","Y","一、112年營運績效遞延發放
112年經營結果(EPS 3.81)於113年度變動獎金發放，整體較112年少54%。
二、新進人員不足年薪資影響
113年度新人較112年多92%，新人年薪資未足年致降低整體薪資平均數。","一、定期市場薪資調查，內外部薪資水準檢視與校準
二、營運績效成長，113年度EPS$6.81獲利表現優於往年，將於114年度員工變動薪資中同步正向呈現，預期114年度員工薪酬平均數將高於113年。",
"電機機械","1560","中砂","1416878","1658","855","809","5.69%","782","740","5.68%","7.10","864","3.85","N","Y","N","本公司員工薪酬每年定期參酌外部薪資水準給予合理調薪,然因本公司為製造業， 直接人工佔比較高，直接人工佔非主管職總人數比例為約58%，外籍移工佔直接人工約20%，故影響薪資平均數。","本公司每年定期檢討薪酬，113年度平均員工薪資較112年度增加11.3%；本公司將繼續提升營運績效，持續優化薪酬福利。",
"汽車工業","1563","巧新","853364","1412","604","0","0.00%","568","0","0.00%","3.30","892","5.84","N","N","N","","",
"汽車工業","1568","倉佑","199194","335","595","597","-0.34%","540","544","-0.74%","1.59","892","5.84","N","N","N","本公司113年度之固定獎酬呈正向成長，惟因受獲利影響，而使相關變動獎酬減少，本公司無薪資費用與經營績效不相當的情況發生","建立與經營績效連動的變動獎酬制度，讓員工在公司成長時獲得實質回饋，提升工作動力與向心力，形成公司與員工雙贏的正向循環",
"電子零組件業","1582","信錦","238878","195","1225","1091","12.28%","1107","984","12.50%","7.13","994","6.57","N","N","N","","",
"電機機械","1583","程泰","305522","391","781","721","8.32%","714","672","6.25%","11.37","864","3.85","N","Y","N","113年公司因受俄烏戰爭等因素影響，本業營收、獲利均較112年下滑，其獲利主要來自業外投資股票之評價利益，與員工績效無直接關聯；另雖工具機大環境不佳，公司仍努力提升員工薪資，113年的平均薪資已較112年成長8%。","本公司將持續強化產品競爭力並且降低營業成本，來增加本業營收及獲利，確保員工薪酬能獲得提升。",
"汽車工業","1587","吉茂","89156","179","498","469","6.18%","450","439","2.51%","-0.47","892","5.84","Y","N","N","1.本公司工廠位於彰化地區地處偏鄉，人才要求不易致外籍員工人數較高拉低平均薪資，造成薪資平均數表現較低。
2.本公司依公司營運及獲利情況調薪幅度。","113年調薪幅度約0%~5.8%。",
"電機機械","1597","直得","190781","309","617","553","11.57%","537","459","16.99%","1.08","864","3.85","N","N","N","","",
"運動休閒","1598","岱宇","321358","579","555","538","3.16%","485","471","2.97%","0.45","872","5.72","N","N","N","","",
"電器電纜","1603","華電","346945","571","608","581","4.65%","521","510","2.16%","2.85","891","1.33","N","Y","N","員工酬金組合主要包含基本固定薪資、獎金及福利，依據個人能力、對公司貢獻度、績效表現、所任職位之市場價值及考量公司未來營運風險後決定，與經營績效正相關，隨效率提高，經營績效提升，員工薪酬亦將會隨之增加。","本公司114年章程將會修改員工酬勞增加幅度，待股東會通過。",
"電器電纜","1604","聲寶","602631","709","850","824","3.16%","763","744","2.55%","2.09","891","1.33","N","Y","N","聲寶為深耕本土經營，斥資27億建置台南新廠；近年因產線陸續遷移，造成許多資深同仁離退，並吸引大量新進人力加入；另為鞏固產品售後服務，服務團隊亦大量引進新血；造成有非主管職平均薪資略低於業界平均之情形。","針對新進員工逐步進行薪酬調整與福利優化的計畫，
配合公司原有之內部升遷機會與培訓資源，
逐漸提升新進員工的薪酬向平均薪資靠攏。",
"電器電纜","1605","華新","3075107","2766","1112","1094","1.65%","921","889","3.60%","0.69","891","1.33","N","N","N","","",
"電器電纜","1608","華榮","332549","402","827","779","6.16%","800","757","5.68%","1.55","891","1.33","N","Y","N","本公司113年獲利，部份來自於營業外股利收入，此部份獲利與員工績效並無顯著關聯；另EPS之計算，分母股數扣除了庫藏股數，若不扣除庫藏股數，EPS則為1.04，並未高於同業。","本公司員工薪酬均依照公司章程及相關法令規定發放之。",
"電器電纜","1609","大亞","615207","614","1002","1300","-22.92%","947","1186","-20.15%","2.09","891","1.33","N","N","N","員工薪酬組合主要包含基本固定薪資、獎金及福利，其中獎金連結績效考核，依個人績效表現、目標達成率、貢獻之價值與營運績效給予合理報酬。","不適用",
"電器電纜","1611","中電","531","1","531","462","14.94%","531","462","14.94%","0.50","891","1.33","N","N","N","","",
"電器電纜","1612","宏泰","303727","247","1230","1038","18.50%","961","932","3.11%","2.38","891","1.33","N","N","N","","",
"電器電纜","1614","三洋電","535892","924","580","574","1.05%","543","552","-1.63%","0.83","891","1.33","N","N","N","","",
"電器電纜","1615","大山","192638","256","752","691","8.83%","689","620","11.13%","3.96","891","1.33","N","Y","N","113年績效良好，亦同步調增員工薪資 ，非擔任主管職務之全時員工薪資中位數較112年提升11.13%，惟外籍員工占全體員工22.3% ，成長優於同業、較同業標準低，尚屬合理。","113年度員工薪資平均數較112年度成長8.83%，今後仍持續提升員工薪資水準，與員工共享公司成就。",
"電器電纜","1616","億泰","148985","198","752","697","7.89%","643","620","3.71%","2.04","891","1.33","N","Y","N","員工酬金組合主要包含基本固定薪資、獎金及福利，其中獎金連結績效考核，依個人績效表現、目標達成率、貢獻之價值與營運績效
給予合理報酬。","本公司已於114年度，依據員工113年度績效考核，調整全體員工薪資2%-3%",
"電器電纜","1617","榮星","143805","226","636","625","1.76%","577","563","2.49%","0.55","891","1.33","N","N","N","","",
"電器電纜","1618","合機","186880","208","898","794","13.10%","802","713","12.48%","3.71","891","1.33","N","N","N","","",
"食品工業","1702","南僑","45990","36","1278","1185","7.85%","943","861","9.52%","4.07","872","2.95","N","N","N","","",
"生技醫療業","1707","葡萄王","438396","519","845","845","0.00%","769","736","4.48%","9.78","841","3.76","N","N","N","","",
"化學工業","1708","東鹼","180263","168","1073","720","49.03%","919","650","41.38%","3.91","909","2.00","N","N","N","","",
"化學工業","1709","和益","355019","210","1691","1175","43.91%","1556","1063","46.38%","1.54","909","2.00","N","N","N","","",
"化學工業","1710","東聯","390463","366","1067","1030","3.59%","994","977","1.74%","0.02","909","2.00","N","N","N","","",
"化學工業","1711","永光","886991","1224","725","718","0.97%","693","682","1.61%","0.44","909","2.00","N","N","N","","",
"化學工業","1712","興農","1029946","1342","767","752","1.99%","688","666","3.30%","2.50","909","2.00","N","Y","N","本公司依經營成果、整體經濟情勢及定期參考市場薪資水準，提供具競爭力且合理之報酬。惟因本公司人力結構與同業略有不同，致影響薪酬水準。","為確保員工薪酬具市場競爭力，本公司每年辦理全員薪資調整，依據市場薪資趨勢及整體營運狀況進行薪酬校準，持續提升員工獎薪福利，共享公司經營成果。",
"化學工業","1713","國化","74887","84","892","838","6.44%","855","793","7.82%","10.31","909","2.00","N","Y","N","去年EPS提升主因為處分土地及投資收益，屬非常態，本業仍虧損。歷年員工平均薪資均高於同業，具合理性。","公司員工薪給參照薪資市場行情、公司營運狀況及組織結構核定薪資。並適時視市場薪資動態、整體經濟及產業景氣變動、政府法令規定之必要而調整薪資。",
"化學工業","1714","和桐","85383","103","829","781","6.15%","687","643","6.84%","0.41","909","2.00","N","N","N","","",
"化學工業","1717","長興","1779124","1838","968","911","6.26%","844","796","6.03%","1.56","909","2.00","N","N","N","","",
"化學工業","1718","中纖","368487","563","655","654","0.15%","611","608","0.49%","0.02","909","2.00","N","N","N","","",
"生技醫療業","1720","生達","717713","799","898","879","2.16%","771","760","1.45%","4.93","841","3.76","N","N","N","","",
"化學工業","1721","三晃","333438","454","734","709","3.53%","694","675","2.81%","-0.98","909","2.00","N","N","N","","",
"化學工業","1722","台肥","845118","631","1339","1514","-11.56%","1187","1352","-12.20%","2.01","909","2.00","N","N","N","","",
"化學工業","1723","中碳","448802","292","1537","1470","4.56%","1432","1368","4.68%","5.20","909","2.00","N","N","N","","",
"化學工業","1725","元禎","65369","83","788","716","10.06%","692","623","11.08%","1.91","909","2.00","N","N","N","","",
"化學工業","1726","永記","552151","682","810","778","4.11%","737","711","3.66%","5.28","909","2.00","N","Y","N","本公司股本較小，且營運多為勞力密集的生產型態而雇有外籍勞工，是以影響每股盈餘及平均薪資的計算。","未來依公司政策及營運狀況調整薪資並透過多項員工福利措施回饋予員工，期許員工薪酬與經營績效相對應。",
"化學工業","1727","中華化","160449","226","710","611","16.20%","651","577","12.83%","0.51","909","2.00","N","N","N","","",
"化學工業","1730","花仙子","120141","126","954","899","6.12%","823","817","0.73%","3.95","909","2.00","N","N","N","","",
"生技醫療業","1731","美吾華","140972","187","754","721","4.58%","668","614","8.79%","1.30","841","3.76","N","N","N","","",
"化學工業","1732","毛寶","78057","141","554","524","5.73%","469","450","4.22%","0.30","909","2.00","N","N","N","","",
"生技醫療業","1733","五鼎","400559","636","630","587","7.33%","522","459","13.73%","1.28","841","3.76","N","N","N","","",
"生技醫療業","1734","杏輝","490797","763","643","640","0.47%","561","532","5.45%","1.68","841","3.76","N","N","N","","",
"化學工業","1735","日勝化","164521","187","880","788","11.68%","784","703","11.52%","0.97","909","2.00","N","N","N","","",
"運動休閒","1736","喬山","942374","1196","788","719","9.60%","638","599","6.51%","8.02","872","5.72","N","Y","N","本公司基層人力約佔總人數七成，其中外籍移工、勞務外遣人員及在職未滿一年約佔30%。且113年度因部分產品生產策略調整，新進人員較多；新進人員平均薪資及變動獎金較低，影響整體薪資平均數。","未來本公司仍會秉持價值共享、利潤分享之理念，持續提升員工薪資福利。",
"食品工業","1737","臺鹽","478711","457","1048","1012","3.56%","954","924","3.25%","1.86","872","2.95","N","N","N","","",
"生技醫療業","1752","南光","384209","617","623","579","7.60%","550","506","8.70%","2.41","841","3.76","N","N","N","","",
"生技醫療業","1760","寶齡富錦","278787","355","785","742","5.80%","645","598","7.86%","1.45","841","3.76","N","N","N","","",
"生技醫療業","1762","中化生","218917","313","699","861","-18.82%","648","758","-14.51%","0.95","841","3.76","N","N","N","","",
"化學工業","1773","勝一","475363","447","1063","1014","4.83%","946","870","8.74%","7.21","909","2.00","N","N","N","","",
"化學工業","1776","展宇","63262","95","666","622","7.07%","624","498","25.30%","0.78","909","2.00","N","N","N","","",
"生技醫療業","1783","和康生","108184","133","813","774","5.04%","670","607","10.38%","2.13","841","3.76","N","N","N","","",
"生技醫療業","1786","科妍","71526","95","753","715","5.31%","685","616","11.20%","3.51","841","3.76","N","N","N","","",
"生技醫療業","1789","神隆","625892","707","885","853","3.75%","829","780","6.28%","0.43","841","3.76","N","N","N","","",
"生技醫療業","1795","美時","750018","680","1103","1143","-3.50%","815","840","-2.98%","19.35","841","3.76","N","N","Y","因應業績成長、配合產能的擴充，本公司於113年度增聘近百名基層員工，使基層員工比例提升，致平均薪資微幅下降","公司參與市場薪資調查, 並於新進員工敘薪、年度調薪、獎金以及各項薪酬活動中保持員工薪酬的競爭性",
"玻璃陶瓷","1802","台玻","2564362","3761","682","613","11.26%","647","583","10.98%","-0.54","670","-0.27","N","N","N","","",
"建材營造","1805","寶徠","10920","13","840","706","18.98%","780","675","15.56%","2.96","974","2.65","N","Y","N","本公司113年度因建案完工入帳，致EPS大幅成長創歷年新高，非經理人之全時員工薪資平均數雖低於同業水準，但較112年度成長19%。","未來公司營運預期漸趨穩定，並將依證券交易法第14條第6項規定於114年修訂公司章程，訂明如有年度盈餘應提撥一定比例員工酬勞分派予基層員工，以提升員工薪資水準，共享公司營運績效。",
"玻璃陶瓷","1806","冠軍","433506","669","648","675","-4.00%","588","603","-2.49%","0.31","670","-0.27","N","Y","Y","非擔任主管職務之全時員工以工廠基層員工為主，因113年度進行部分產線整改停產使得員工加班費大幅減少，及113年度部分高薪資深員工離退，新進外籍員工比例增加，致薪資平均數較前一年度減少，惟評估變動尚屬合理。","冠軍公司已於114年3月起調薪平均調幅為3%~5%，未來將依公司政策及營運狀況調整薪資報酬方案並透過多項員工福利措施回饋予員工，期許員工薪酬與經營績效相對應。",
"建材營造","1808","潤隆","70229","80","878","1067","-17.71%","783","947","-17.32%","2.28","974","2.65","N","N","N","","",
"玻璃陶瓷","1809","中釉","168437","225","749","720","4.03%","642","622","3.22%","0.33","670","-0.27","N","N","N","","",
"玻璃陶瓷","1810","和成","552125","924","598","584","2.40%","525","508","3.35%","0.19","670","-0.27","N","Y","N","公司仍在台生產，生產主力仍在台灣，故基層人員及外籍移工人員佔相當比率，相對於其他不在台生產廠商或磁磚業少用人力，公司相對有較高比例基層作業員及移工，故平均薪資跟著被拉低。","因公司尚有獲利,預計於下半年度調薪,以提高人員平均薪資.",
"玻璃陶瓷","1817","凱撒衛","124675","154","810","757","7.00%","687","633","8.53%","4.37","670","-0.27","N","N","N","","",
"造紙工業","1903","士紙","26394","44","600","560","7.14%","576","531","8.47%","-0.08","799","0.40","N","N","N","","",
"造紙工業","1904","正隆","2971238","3516","845","844","0.12%","793","786","0.89%","0.55","799","0.40","N","N","N","","",
"造紙工業","1905","華紙","1480926","1994","743","727","2.20%","691","673","2.67%","-0.23","799","0.40","N","N","N","","",
"造紙工業","1906","寶隆","5939","8","742","734","1.09%","820","805","1.86%","0.25","799","0.40","N","N","N","","",
"造紙工業","1907","永豐餘","3434534","4376","785","775","1.29%","703","691","1.74%","0.98","799","0.40","N","Y","N","本公司改制投控公司多年，獲利來自投資收益；113年造紙相關重要子公司獲利貢獻仍低，公司雖連年辦理調薪，惟仍受年度獎金較前一年度減少(因連結相關公司損益表現計算)而影響年薪平均數。","透過加速設備自動化提升機台生產效益、盤點作業流程與人力、控管費用支出等方式，改善造紙相關子公司獲利狀況，期能創造更大的調薪空間，並透過年度獎金發放共享經營成果，進而提高整體薪酬待遇。",
"造紙工業","1909","榮成","745399","963","774","751","3.06%","740","721","2.64%","-0.28","799","0.40","N","N","N","","",
"鋼鐵工業","2002","中鋼","12416648","9639","1288","1240","3.87%","1215","1156","5.10%","0.13","1016","0.69","N","N","N","","",
"鋼鐵工業","2006","東和鋼鐵","2235933","2026","1104","1136","-2.82%","1041","1073","-2.98%","6.13","1016","0.69","N","N","N","","",
"鋼鐵工業","2007","燁興","293157","430","682","625","9.12%","657","588","11.73%","-2.04","1016","0.69","N","N","N","","",
"鋼鐵工業","2008","高興昌","113817","196","581","550","5.64%","507","480","5.63%","0.26","1016","0.69","N","N","N","","",
"鋼鐵工業","2009","第一銅","153304","228","672","548","22.63%","658","524","25.57%","0.74","1016","0.69","N","Y","N","本公司113年獲利，主要來自於營業外股利收入，此部份獲利與員工績效並無顯著關聯。","本公司員工薪酬均依照公司章程及相關法令規定發放之。",
"鋼鐵工業","2010","春源","1048475","1377","761","717","6.14%","654","623","4.98%","1.65","1016","0.69","N","Y","N","1.本公司113年EPS1.65元較112年1.35元增加0.3元，113年非擔任主管職務之全時員工薪資平均數761仟元/人較112年717仟元/人增加44仟元/人，薪酬與公司績效成正比。
2.外籍移工佔員工人數比為26%，以致薪資平均數較低。","配合政府調薪政策，使公司經營績效與員工薪酬有正向聯結。",
"鋼鐵工業","2012","春雨","311233","480","648","664","-2.41%","569","538","5.76%","1.03","1016","0.69","N","Y","Y","1.本公司本年度獲利主係來自採用權益法認列之投資利益，若排除前述投資利益後之獲利比較，並無獲利表現優於同業公司之情事。
2.非經理人之全時員工薪資平均數較前一年度略有下降，主係因部分資深員工離職所致。","本公司將定期進行同業薪資水準調查與內部薪酬結構檢視，作為調薪依據，以提升員工薪資競爭力。",
"鋼鐵工業","2013","中鋼構","789469","450","1754","1679","4.47%","1578","1502","5.06%","2.70","1016","0.69","N","N","N","","",
"鋼鐵工業","2014","中鴻","882529","1064","829","830","-0.12%","794","796","-0.25%","-0.62","1016","0.69","N","N","N","","",
"鋼鐵工業","2015","豐興","970050","935","1037","1015","2.17%","954","928","2.80%","4.26","1016","0.69","N","N","N","","",
"鋼鐵工業","2017","官田鋼","146187","258","567","506","12.06%","496","440","12.73%","0.28","1016","0.69","N","N","N","","",
"鋼鐵工業","2020","美亞","260524","321","812","819","-0.85%","694","694","0.00%","3.09","1016","0.69","N","Y","N","本公司113年度獲利扣除業外賠償收入後，本公司非經理人之全時員工薪資平均數無低於同業水準。","強化人員的升遷調薪制度及員工的績效獎金，並配合章程訂明以年度盈餘提撥一定比率為基層員工調整薪資或分派酬勞之相關事項，獲利提撥其中不低於百分之十分派予基層員工。",
"鋼鐵工業","2022","聚亨","61251","101","606","569","6.50%","567","522","8.62%","-0.49","1016","0.69","N","N","N","","",
"鋼鐵工業","2023","燁輝","1205958","1381","873","866","0.81%","852","842","1.19%","-0.81","1016","0.69","N","N","N","","",
"鋼鐵工業","2024","志聯","79945","140","571","519","10.02%","528","481","9.77%","0.16","1016","0.69","N","N","N","","",
"鋼鐵工業","2025","千興","36007","62","581","568","2.29%","570","549","3.83%","-1.42","1016","0.69","N","N","N","","",
"鋼鐵工業","2027","大成鋼","732398","994","737","480","53.54%","639","458","39.52%","1.53","1016","0.69","N","Y","N","公司主要的獲利係來自海外子公司
員工薪酬係按照集團獲利狀況整體考量予以分配
另外考量台灣實際通膨狀況","已於114年2月調整薪資",
"鋼鐵工業","2028","威致","292238","362","807","784","2.93%","768","737","4.21%","0.98","1016","0.69","N","Y","N","非擔任主管職務之全時員工，以工廠基層員工及外籍員工為主，且外籍員工占全體員工約20%。本公司薪資一向優於政府法規，但礙於獲利(產品別與同業不盡相同)，致薪酬水平無法與一般同業一樣。","113年已修改公司章程提高員工酬勞提撥率，且113年員工薪資平均數較112年度增加2.93%，公司仍持續加強公司競爭力，增進公司獲利率，將利潤分享員工，給員工更好薪資及福利。",
"鋼鐵工業","2029","盛餘","544650","488","1116","1140","-2.11%","1034","1050","-1.52%","1.81","1016","0.69","N","N","N","","",
"鋼鐵工業","2030","彰源","399880","582","687","655","4.89%","608","581","4.65%","0.84","1016","0.69","N","Y","N","本公司113年EPS較112年增加0.66元，非擔任主管職務之全時員工薪資平均數較112年增加32仟元/人，薪酬與公司績效呈正向變動。","本公司員工酬勞含固定薪資、紅利、獎金等，依其職務及個人績效表現給予合理報酬。保障員工薪資不受產業週期變化大幅影響。公司章程訂有「公司年度如有獲利，應提撥1%為員工酬勞」，使所有員工均可分享公司經營成果。",
"鋼鐵工業","2031","新光鋼","203338","261","779","807","-3.47%","657","703","-6.54%","4.50","1016","0.69","N","Y","N","本公司已訂定合理的員工福利措施，實施性別平等薪資，並提供透明且公平的升遷管道。薪資報酬政策係依據員工的專業能力、工作貢獻度、績效表現、市場競爭性及考量公司未來營運風險等指標，並依公司章程規定。","本公司已訂定合理的員工福利措施及績效考核和薪酬制度，定期檢視工作說明書、進行工作評價，並與市場薪資比較，確保薪資具有競爭力。明確績效與薪酬的連結，並提供具體的加薪依據，能有效提升員工滿意度和忠誠度。",
"鋼鐵工業","2032","新鋼","86361","157","550","520","5.77%","526","494","6.48%","0.45","1016","0.69","N","N","N","","",
"鋼鐵工業","2033","佳大","56540","103","549","522","5.17%","538","496","8.47%","0.19","1016","0.69","N","N","N","","",
"鋼鐵工業","2034","允強","486729","712","684","605","13.06%","638","559","14.13%","-0.22","1016","0.69","N","N","N","","",
"鋼鐵工業","2038","海光","263580","395","667","622","7.23%","604","574","5.23%","0.20","1016","0.69","N","N","N","","",
"電機機械","2049","上銀","3746425","4456","841","798","5.39%","792","760","4.21%","5.57","864","3.85","N","Y","N","1.本公司生產製造主要集中於台灣，台灣總公司人力結構以一般生產人員佔多數
2.本公司外籍勞工人數佔總人數約16%，拉低整體薪資平均數
3.本公司大力推廣產學合作，產學生人數約10%，因其無加班致拉低整體薪資平均數","1依據公司營運狀況與參考外部薪資行情，規劃執行年度調薪2產學生皆以正式員工任用，持續每年度進行晉升職等作業，予以調加薪資3以智慧自動化專案逐步合理化外籍勞工進用占比；留任績優外籍勞工予以轉任中階技術工",
"電子零組件業","2059","川湖","509254","502","1014","669","51.57%","729","498","46.39%","64.59","994","6.57","N","N","N","","",
"居家生活","2062","橋椿","474029","850","558","552","1.09%","501","477","5.03%","2.72","761","7.06","N","N","N","","",
"鋼鐵工業","2069","運錩","93167","151","617","532","15.98%","550","473","16.28%","1.35","1016","0.69","N","Y","N","因外藉移工多數領基本工資且佔員工比例高，故拉低薪資平均","逐年調高員工薪資水準平圴約5%左右",
"橡膠工業","2101","南港","784961","965","813","727","11.83%","719","639","12.52%","3.53","761","1.40","N","N","N","","",
"橡膠工業","2102","泰豐","25574","38","673","711","-5.34%","675","657","2.74%","-1.01","761","1.40","N","N","Y","EPS雖提高但目前仍為虧損狀態，故無調整員工薪資。薪資平均數減少原因為資深員工離職使平均薪資下降。","待轉虧為盈時，重新檢視薪資水準以確保員工薪資競爭力。",
"橡膠工業","2103","台橡","738881","624","1184","1158","2.25%","1061","1042","1.82%","1.04","761","1.40","N","N","N","","",
"橡膠工業","2104","國際中橡","254812","242","1053","1070","-1.59%","909","935","-2.78%","-2.80","761","1.40","N","N","N","","",
"橡膠工業","2105","正新","3041150","4143","734","703","4.41%","696","664","4.82%","2.47","761","1.40","N","Y","N","本公司為輪胎製造業與其它橡膠工業產業屬性不同，現場需求大量人工作業。非擔任主管職務之全時員工平均薪資優於中部地區同產業公司，且較去年度成長4.4%","113年公司依員工工作表現予以調薪，非擔任主管職務之全時員工平均薪資調幅為4.8%。",
"橡膠工業","2106","建大","1041745","1673","623","585","6.50%","587","543","8.10%","1.30","761","1.40","N","N","N","","",
"橡膠工業","2107","厚生","118287","180","657","663","-0.91%","603","605","-0.33%","1.89","761","1.40","N","Y","Y","員工薪酬依據個別員工、部門及全公司績效獲利而有不同，並參考同業整體經濟及物價水準調整之。","本公司113年營運表現及獲利較前一年度成長,為積極留才,鼓勵員工,將於114年度為非經理人員工調薪3%。",
"橡膠工業","2108","南帝","292197","268","1090","1115","-2.24%","1009","1058","-4.63%","1.14","761","1.40","N","N","N","","",
"橡膠工業","2109","華豐","308317","505","611","570","7.19%","548","498","10.04%","1.61","761","1.40","N","Y","N","1.本公司於113年實施調薪政策，員工平均薪資較前一年度已有所提升。
2.我司為輪胎製造業，勞力需求高，與上游橡膠原料供應商之同業人力需求結構有所差別。","本公司將視每年度營運情形調整員工薪資及相關獎金與紅利之發放。",
"橡膠工業","2114","鑫永銓","54367","94","578","580","-0.34%","554","554","0.00%","5.11","761","1.40","N","Y","N","受景氣需求影響113年度營收較去年減少6%，獲利減少15%，但員工薪資平均數與去年比較並無差異。","本公司秉持共創價值分享利益，持續優化同仁薪資水準。",
"汽車工業","2201","裕隆","977842","1074","910","898","1.34%","853","847","0.71%","3.78","892","5.84","N","N","N","","",
"汽車工業","2204","中華","2299482","2203","1044","1207","-13.50%","967","1075","-10.05%","7.34","892","5.84","N","N","N","","",
"汽車工業","2206","三陽工業","2775574","2415","1149","1177","-2.38%","1085","1122","-3.30%","6.02","892","5.84","N","N","N","","",
"汽車工業","2207","和泰車","1434839","536","2677","2630","1.79%","2103","1991","5.63%","36.74","892","5.84","N","N","N","","",
"航運業","2208","台船","2643342","2763","957","956","0.10%","900","907","-0.77%","-2.20","1566","8.85","N","N","N","","",
"鋼鐵工業","2211","長榮鋼","633669","603","1051","1086","-3.22%","1021","1044","-2.20%","6.12","1016","0.69","N","N","N","","",
"汽車工業","2227","裕日車","425697","351","1213","1205","0.66%","1164","1142","1.93%","5.57","892","5.84","N","N","N","","",
"汽車工業","2228","劍麟","287066","422","680","641","6.08%","572","540","5.93%","9.51","892","5.84","N","Y","N","1.EPS主要歸功於海外子公司。2.合理性：每年參考CPI、外部薪資調查，檢視薪等表市場定位；近10年平均調薪幅度>3%。3.關聯性：自105年度起，依據年度獲利狀況發放員工酬勞；每年視經營績效決議調薪幅度與年獎發放額。","設計生產獎金、專案獎金等激勵方案，提高生產力與提供對應報酬。",
"汽車工業","2231","為升","228559","344","664","643","3.27%","567","549","3.28%","3.37","892","5.84","N","N","N","","",
"汽車工業","2233","宇隆","253353","329","770","631","22.03%","626","522","19.92%","10.96","892","5.84","N","Y","N","本公司人力結構中所屬直接員工數佔總人數之五成，其中外籍員工佔直接員工數約五成，因此影響整體薪資之平均。","透過調整集中依賴特定族群的外籍人力，進而逐步調整人力結構，並提升整體薪資結構。",
"汽車工業","2241","艾姆勒","142373","188","757","739","2.44%","687","675","1.78%","-1.98","892","5.84","N","N","N","","",
"汽車工業","2247","汎德永業","1753995","1446","1213","1117","8.59%","916","849","7.89%","23.93","892","5.84","N","N","N","","",
"汽車工業","2254","巨鎧精密-創","70689","135","524","467","12.21%","484","426","13.62%","-1.06","892","5.84","N","N","N","","",
"汽車工業","2258","鴻華先進-創","1148830","842","1364","1294","5.41%","1148","1083","6.00%","-1.23","892","5.84","N","N","N","","",
"電腦及週邊設備業","2301","光寶科","6436111","4322","1489","1414","5.30%","1246","1130","10.27%","5.21","1404","6.67","N","N","N","","",
"半導體業","2302","麗正","27825","42","663","733","-9.55%","534","557","-4.13%","0.75","1998","19.23","N","N","Y","本公司113年度EPS較112年度增加，是反映集團團隊合併營運績效，但員工薪酬查核是以個體財報為基礎，故整體而言公司集團經營績效與員工薪酬均較前一年度增加，其變動尚屬合理。","未來公司將同時強化臺灣端員工編製結構，提升產出價值，可望增加薪資水平。",
"半導體業","2303","聯電","21822036","12122","1800","1851","-2.76%","1611","1577","2.16%","3.80","1998","19.23","N","N","N","","",
"電腦及週邊設備業","2305","全友","59618","71","840","807","4.09%","802","790","1.52%","0.14","1404","6.67","N","N","N","","",
"電子零組件業","2308","台達電","22453484","12290","1827","1734","5.36%","1543","1466","5.25%","13.56","994","6.57","N","N","N","","",
"其他電子業","2312","金寶","619960","369","1680","1469","14.36%","1396","1236","12.95%","1.11","1429","9.28","N","N","N","","",
"電子零組件業","2313","華通","4376116","4468","979","912","7.35%","883","814","8.48%","4.70","994","6.57","N","N","N","","",
"通信網路業","2314","台揚","237006","261","908","850","6.82%","815","635","28.35%","-4.55","1302","3.74","N","N","N","","",
"電子零組件業","2316","楠梓電","592308","1074","551","495","11.31%","508","450","12.89%","4.28","994","6.57","N","N","N","","",
"其他電子業","2317","鴻海","10476091","3923","2670","2517","6.08%","1937","1772","9.31%","11.01","1429","9.28","N","N","N","","",
"通信網路業","2321","東訊","103990","138","754","781","-3.46%","659","644","2.33%","-1.09","1302","3.74","N","N","Y","1.薪資較高且具經驗之資深員工較少所致，進而拉低整體平均薪資。
2.113年度EPS為-1.09，雖較前一年度成長，但營運處於虧損狀態，員工薪酬亦受影響","本公司將盡力提升營運績效，彌補虧損，未來將依據獲利情形重新規劃員工之福利及薪資制度以期符合標準。",
"光電業","2323","中環","332306","529","628","623","0.80%","581","544","6.80%","-0.27","1015","1.21","N","N","N","","",
"電腦及週邊設備業","2324","仁寶","11931893","8131","1467","1402","4.64%","1348","1255","7.41%","2.30","1404","6.67","N","N","N","","",
"電子零組件業","2327","國巨","2761354","3571","773","745","3.76%","672","629","6.84%","38.13","994","6.57","N","Y","N","主因台灣地區直接人工比例高(超過50%)、人力結構和同業有差異所致，惟公司每年均實施調薪並發放績效獎金，參酌市場水平，薪酬具合理性。","公司已啟動薪酬結構檢討、強化績效連動、優化調薪機制，並推動基層員工關懷與留才方案。",
"電子零組件業","2328","廣宇","58322","41","1422","1569","-9.37%","1244","1353","-8.06%","2.00","994","6.57","N","N","N","","",
"半導體業","2329","華泰","3112910","4415","705","731","-3.56%","624","642","-2.80%","1.71","1998","19.23","N","N","N","","",
"半導體業","2330","台積電","232790994","68647","3391","2842","19.32%","2645","2248","17.66%","45.25","1998","19.23","N","N","N","","",
"電腦及週邊設備業","2331","精英","620384","557","1114","1307","-14.77%","981","1120","-12.41%","-0.16","1404","6.67","N","N","N","","",
"通信網路業","2332","友訊","513706","434","1184","1139","3.95%","1060","1040","1.92%","0.06","1302","3.74","N","N","N","","",
"半導體業","2337","旺宏","4944047","3482","1420","1382","2.75%","1199","1173","2.22%","-1.73","1998","19.23","N","N","N","","",
"半導體業","2338","光罩","361794","436","830","995","-16.58%","710","849","-16.37%","-2.21","1998","19.23","N","N","N","","",
"半導體業","2340","台亞","596234","755","790","820","-3.66%","700","711","-1.55%","-1.16","1998","19.23","N","N","N","","",
"半導體業","2342","茂矽","489215","569","860","808","6.44%","760","715","6.29%","0.58","1998","19.23","N","N","N","","",
"半導體業","2344","華邦電","5907684","3422","1726","1589","8.62%","1513","1382","9.48%","0.14","1998","19.23","N","N","N","","",
"通信網路業","2345","智邦","5080336","3295","1542","1385","11.34%","1149","982","17.01%","21.49","1302","3.74","N","N","N","","",
"電子通路業","2347","聯強","696397","574","1213","1201","1.00%","1044","1030","1.36%","5.52","1070","4.70","N","N","N","","",
"其他","2348","海悅","244487","160","1528","1255","21.75%","1271","1058","20.13%","14.43","969","3.42","N","N","N","","",
"光電業","2349","錸德","393992","565","697","665","4.81%","549","541","1.48%","0.07","1015","1.21","N","N","N","","",
"半導體業","2351","順德","951481","1348","706","692","2.02%","608","593","2.53%","3.71","1998","19.23","N","N","N","","",
"電腦及週邊設備業","2352","佳世達","2126611","1536","1385","1592","-13.00%","1192","1320","-9.70%","1.11","1404","6.67","N","N","N","","",
"電腦及週邊設備業","2353","宏碁","2529865","1443","1753","1422","23.28%","1439","1186","21.33%","1.84","1404","6.67","N","N","N","","",
"其他電子業","2354","鴻準","754089","342","2205","2266","-2.69%","1588","1553","2.25%","2.53","1429","9.28","N","N","N","","",
"電子零組件業","2355","敬鵬","2044181","2789","733","702","4.42%","648","632","2.53%","2.85","994","6.57","N","N","N","","",
"電腦及週邊設備業","2356","英業達","7193198","6240","1153","1129","2.13%","973","948","2.64%","2.03","1404","6.67","N","N","N","","",
"電腦及週邊設備業","2357","華碩","13155385","7160","1837","1691","8.63%","1473","1375","7.13%","42.27","1404","6.67","N","N","N","","",
"其他電子業","2359","所羅門","248424","262","948","895","5.92%","828","783","5.75%","0.84","1429","9.28","N","N","N","","",
"其他電子業","2360","致茂","2679005","1920","1395","1154","20.88%","1144","1001","14.29%","12.49","1429","9.28","N","Y","N","本公司所屬類別為「其他電子業」，惟本公司所營事業為量測儀器設備產業，與「其他電子業」所列之其他企業相較，不論所營事業、企業規模均差異甚大，要求本公司須就低於同業水準之情況進行說明，實屬為難。","本公司薪酬政策皆考量公司經營績效與個人績效展現，將於年度員工酬勞發放及年度調薪進行相應衡量與調整。",
"電腦及週邊設備業","2362","藍天","626440","518","1209","1206","0.25%","1116","1101","1.36%","3.02","1404","6.67","N","N","N","","",
"半導體業","2363","矽統","240462","126","1908","1414","34.94%","1574","1310","20.15%","0.81","1998","19.23","N","N","N","","",
"電腦及週邊設備業","2364","倫飛","145346","168","865","802","7.86%","691","665","3.91%","4.09","1404","6.67","N","N","N","","",
"電腦及週邊設備業","2365","昆盈","53222","51","1044","861","21.25%","955","770","24.03%","0.64","1404","6.67","N","N","N","","",
"電子零組件業","2367","燿華","3221259","4478","719","593","21.25%","669","544","22.98%","2.36","994","6.57","N","N","N","","",
"電子零組件業","2368","金像電","2094181","2366","885","877","0.91%","716","682","4.99%","11.54","994","6.57","N","Y","N","本公司113年度集團合併營收創歷史新高，獲利成長主係大陸廠營運創下佳績所致，非經理人之全時員工薪資平均數，本公司採利潤中心制並合理分配員工績效獎金。","本公司採利潤中心制並合理分配員工績效獎金，且本公司在113年度整體調薪達4.05%，並無低於業界水準。",
"半導體業","2369","菱生","1306289","2213","590","588","0.34%","539","531","1.51%","-0.45","1998","19.23","N","N","N","","",
"電機機械","2371","大同","1854209","2320","799","739","8.12%","714","659","8.35%","6.46","864","3.85","N","Y","N","1、本公司2024年度之EPS獲利表現較佳，乃因合併報表內投資公司於該年度所挹注之投資損益較往年為高。
2、2024年度員工薪資平均數已較2023年度成長約8.1%，尚屬合理。","本公司已修訂公司章程第二十四條，明訂：本公司年度有獲利時，應依法提撥不低於百分之一為員工酬勞(本項員工酬勞數額之百分之五十應為基層員工分配酬勞)。",
"其他電子業","2373","震旦行","680101","882","771","749","2.94%","671","650","3.23%","4.26","1429","9.28","N","N","N","","",
"光電業","2374","佳能","564060","470","1200","1148","4.53%","1063","1090","-2.48%","1.90","1015","1.21","N","N","N","","",
"電子零組件業","2375","凱美","32325","39","829","777","6.69%","782","730","7.12%","4.55","994","6.57","N","N","N","","",
"電腦及週邊設備業","2376","技嘉","3233771","1954","1655","1232","34.33%","1020","856","19.16%","15.03","1404","6.67","N","N","N","","",
"電腦及週邊設備業","2377","微星","4413391","2913","1515","1395","8.60%","1286","1213","6.02%","8.04","1404","6.67","N","N","N","","",
"半導體業","2379","瑞昱","20687837","5284","3915","3149","24.33%","3246","2593","25.18%","29.82","1998","19.23","N","N","N","","",
"電腦及週邊設備業","2380","虹光","325747","357","912","893","2.13%","805","803","0.25%","-1.94","1404","6.67","N","N","N","","",
"電腦及週邊設備業","2382","廣達","17629578","10444","1688","1522","10.91%","1490","1291","15.41%","15.49","1404","6.67","N","N","N","","",
"電子零組件業","2383","台光電","1117485","967","1156","1070","8.04%","888","805","10.31%","27.81","994","6.57","N","N","N","","",
"電子零組件業","2385","群光","1921597","847","2269","2099","8.10%","1990","1808","10.07%","12.43","994","6.57","N","N","N","","",
"電腦及週邊設備業","2387","精元","194305","253","768","742","3.50%","679","672","1.04%","7.81","1404","6.67","N","Y","N","薪酬主要衡量員工職能與績效達成，本公司人力結構組成相較同業不盡相同，加上公司所在當地就業市場，致薪酬成本可能存在差異。","將持續致力員工薪酬結構之優化，綜合檢討調整。",
"半導體業","2388","威盛","649509","348","1866","1692","10.28%","1652","1515","9.04%","2.07","1998","19.23","N","N","N","","",
"其他電子業","2390","云辰","47290","63","751","811","-7.40%","694","760","-8.68%","-1.25","1429","9.28","N","N","N","","",
"電子零組件業","2392","正崴","1050036","887","1184","1246","-4.98%","1046","1086","-3.68%","3.65","994","6.57","N","N","Y","113年獎金發放較112年少。說明113年發放屬於112年獲利績效，112年發放屬於111年獲利績效。因公司112年屬於母公司淨利金額，低於111年屬於母公司淨利金額，所以113年平均薪資較112年減少。","公司後續仍將視營運狀況檢討、提升員工薪酬福利。",
"光電業","2393","億光","1423323","1258","1131","927","22.01%","812","735","10.48%","6.64","1015","1.21","N","N","N","","",
"電腦及週邊設備業","2395","研華","4316797","3408","1267","1232","2.84%","1104","1059","4.25%","10.45","1404","6.67","N","Y","N","1.研華長期結合經營績效與個人績效, 除發放績效獎金與現金分紅外, 另發行員工認股權證,但此認股權證價值不被證交所列入平均薪資計算
2.研華有45%員工從事營運製造, 與同業大多將製造移往海外之組織結構不同","定期參與市場薪酬調研, 審視整體薪酬於市場水準, 並主動進行調整, 保持整體薪酬競爭力",
"電腦及週邊設備業","2397","友通","515002","597","863","819","5.37%","683","644","6.06%","3.46","1404","6.67","N","N","N","","",
"電腦及週邊設備業","2399","映泰","114485","125","916","868","5.53%","797","742","7.41%","0.04","1404","6.67","N","N","N","","",
"半導體業","2401","凌陽","435646","298","1462","1421","2.89%","1243","1246","-0.24%","0.44","1998","19.23","N","N","N","","",
"電子零組件業","2402","毅嘉","105509","167","632","592","6.76%","530","493","7.51%","2.36","994","6.57","N","N","N","","",
"其他電子業","2404","漢唐","1541756","811","1901","1577","20.55%","1674","1387","20.69%","32.94","1429","9.28","N","N","N","","",
"電腦及週邊設備業","2405","輔信","154555","159","972","956","1.67%","827","807","2.48%","0.03","1404","6.67","N","N","N","","",
"光電業","2406","國碩","104218","144","724","697","3.87%","654","625","4.64%","-0.86","1015","1.21","N","N","N","","",
"半導體業","2408","南亞科","4893276","3548","1379","1220","13.03%","1111","1054","5.41%","-1.64","1998","19.23","N","N","N","","",
"光電業","2409","友達","21244468","18212","1167","1099","6.19%","892","839","6.32%","-0.40","1015","1.21","N","N","N","","",
"通信網路業","2412","中華電","32408906","20088","1613","1526","5.70%","1573","1487","5.78%","4.80","1302","3.74","N","N","N","","",
"電子零組件業","2413","環科","359994","681","529","547","-3.29%","448","467","-4.07%","-0.44","994","6.57","N","N","N","","",
"電子通路業","2414","精技","339095","368","921","875","5.26%","825","788","4.70%","2.67","1070","4.70","N","N","N","","",
"電子零組件業","2415","錩新","26116","24","1088","1020","6.67%","949","886","7.11%","1.14","994","6.57","N","N","N","","",
"電腦及週邊設備業","2417","圓剛","254404","177","1437","1157","24.20%","1380","1114","23.88%","-0.39","1404","6.67","N","N","N","","",
"通信網路業","2419","仲琦","159150","129","1234","1266","-2.53%","1110","1105","0.45%","-0.16","1302","3.74","N","N","N","","",
"電子零組件業","2420","新巨","328250","532","617","596","3.52%","544","483","12.63%","4.36","994","6.57","N","N","N","","",
"電子零組件業","2421","建準","694186","576","1205","1082","11.37%","951","876","8.56%","5.46","994","6.57","N","N","N","","",
"其他電子業","2423","固緯","420471","439","958","995","-3.72%","869","898","-3.23%","2.42","1429","9.28","N","N","N","","",
"通信網路業","2424","隴華","22748","24","948","859","10.36%","828","712","16.29%","-3.35","1302","3.74","N","N","N","","",
"電腦及週邊設備業","2425","承啟","85884","56","1534","1036","48.07%","1292","910","41.98%","1.05","1404","6.67","N","N","N","","",
"光電業","2426","鼎元","483423","737","656","569","15.29%","573","465","23.23%","0.21","1015","1.21","N","N","N","","",
"資訊服務業","2427","三商電","610335","746","818","794","3.02%","761","741","2.70%","1.43","1064","3.99","N","N","N","","",
"電子零組件業","2428","興勤","415892","489","850","815","4.29%","656","604","8.61%","12.10","994","6.57","N","Y","N","本公司員工薪酬依公司各項規章及營運狀況給予合理報酬；惟本公司直接人員占全體員工比重近5成，致使平均薪資數較同業低。","公司每年皆依據個人實績進行調薪，另外114年度因應通膨及強化員工薪酬福利，同步實施全體員工調薪。",
"光電業","2429","銘旺科","9785","16","612","437","40.05%","577","333","73.27%","-2.17","1015","1.21","N","N","N","","",
"電子通路業","2430","燦坤","1252185","1834","683","663","3.02%","643","629","2.23%","1.61","1070","4.70","N","N","N","","",
"電子零組件業","2431","聯昌","37329","37","1009","976","3.38%","890","837","6.33%","-0.63","994","6.57","N","N","N","","",
"電腦及週邊設備業","2432","倚天酷碁-創","78959","54","1462","1476","-0.95%","1207","1277","-5.48%","1.88","1404","6.67","N","N","N","","",
"其他電子業","2433","互盛電","274878","366","751","717","4.74%","689","662","4.08%","3.28","1429","9.28","N","N","N","","",
"半導體業","2434","統懋","11271","21","537","536","0.19%","498","493","1.01%","0.14","1998","19.23","N","N","N","","",
"半導體業","2436","偉詮電","361069","278","1299","1279","1.56%","1206","1202","0.33%","1.57","1998","19.23","N","N","N","","",
"光電業","2438","翔耀","4949","10","495","515","-3.88%","481","459","4.79%","-1.71","1015","1.21","Y","N","N","113年度雖因營收成長不如預期、虧損較去年增加，整體經營面臨挑戰，但公司仍重視員工薪酬公平性與市場競爭力。","非經理人之員工平均薪資雖未達既定標準，惟針對非主管員工部分，仍依薪酬委員會決議進行個別薪資調升，以兼顧激勵與永續經營。",
"通信網路業","2439","美律","883698","687","1286","1116","15.23%","917","812","12.93%","9.26","1302","3.74","N","Y","N","產業型態不盡相同，客戶、產品、技術差異甚大，營運和品牌經營各異；113年度公司營收及經營指標達成皆較前一年度成長，而員工薪酬為依據前一年度經營績效而分配之變動獎金，故整體言之，員工平均薪資仍較去年成長。","員工固定薪酬依市場水平核敘，及按消費者物價指數評估當年度的調薪；變動薪酬則與公司經營績效連結。",
"電子零組件業","2440","太空梭","13257","17","780","857","-8.98%","748","761","-1.71%","-0.43","994","6.57","N","N","Y","薪資政策
1三節獎&#63754;參考外部總體經濟環境及公司經營績效核定。
2章程第21條：本公司應以當年度稅前利益（扣除分配員工酬勞及董事酬勞前之利益）於保留彌補累積虧損數額後，如尚有餘額應提撥酬勞以獎勵員工。","雖虧損與同期大幅縮小，但已連續三年仍處於虧損狀況。
集團在經營管理階層導之下，關注外部國際情勢發展與審慎因應，提升營收與獲利，以期獲更優獎酬。",
"半導體業","2441","超豐","3335396","4023","829","737","12.48%","688","610","12.79%","4.39","1998","19.23","N","N","N","","",
"建材營造","2442","新美齊","73730","65","1134","1154","-1.73%","972","951","2.21%","1.20","974","2.65","N","N","N","","",
"通信網路業","2444","兆勁","226229","413","548","516","6.20%","469","468","0.21%","-0.24","1302","3.74","N","N","N","","",
"半導體業","2449","京元電子","5934640","6905","859","792","8.46%","696","665","4.66%","6.36","1998","19.23","N","N","N","","",
"通信網路業","2450","神腦","1211191","1823","664","632","5.06%","630","589","6.96%","1.85","1302","3.74","N","N","N","","",
"半導體業","2451","創見","745163","948","786","763","3.01%","642","618","3.88%","5.39","1998","19.23","N","N","N","","",
"資訊服務業","2453","凌群","1119920","1120","1000","998","0.20%","907","895","1.34%","3.06","1064","3.99","N","N","N","","",
"半導體業","2454","聯發科","49853653","11566","4310","3754","14.81%","3438","3094","11.12%","66.92","1998","19.23","N","N","N","","",
"通信網路業","2455","全新","298207","281","1061","900","17.89%","747","654","14.22%","3.63","1302","3.74","N","N","N","","",
"電子零組件業","2457","飛宏","449537","392","1147","1010","13.56%","947","877","7.98%","0.48","994","6.57","N","N","N","","",
"半導體業","2458","義隆","1958589","975","2009","1864","7.78%","1835","1715","7.00%","9.57","1998","19.23","N","N","N","","",
"其他電子業","2459","敦吉","57085","56","1019","1034","-1.45%","993","977","1.64%","5.32","1429","9.28","N","N","N","","",
"電子零組件業","2460","建通","71096","113","629","590","6.61%","569","524","8.59%","-1.39","994","6.57","N","N","N","","",
"其他電子業","2461","光群雷","103408","136","760","723","5.12%","661","616","7.31%","1.59","1429","9.28","N","N","N","","",
"電子零組件業","2462","良得電","51213","41","1249","1292","-3.33%","1003","1055","-4.93%","1.49","994","6.57","N","N","N","","",
"其他電子業","2464","盟立","1255724","1110","1131","1035","9.28%","922","880","4.77%","0.52","1429","9.28","N","N","N","","",
"電腦及週邊設備業","2465","麗臺","312259","331","943","876","7.65%","836","775","7.87%","-5.26","1404","6.67","N","N","N","","",
"光電業","2466","冠西電","72069","138","522","538","-2.97%","371","360","3.06%","-0.17","1015","1.21","N","N","N","","",
"電子零組件業","2467","志聖","423321","372","1138","1133","0.44%","1051","1018","3.24%","4.80","994","6.57","N","N","N","","",
"資訊服務業","2468","華經","178962","227","788","737","6.92%","643","627","2.55%","0.96","1064","3.99","N","N","N","","",
"資訊服務業","2471","資通","324377","254","1277","1264","1.03%","1158","1123","3.12%","3.33","1064","3.99","N","N","N","","",
"電子零組件業","2472","立隆電","131840","100","1318","1163","13.33%","1376","1110","23.96%","7.01","994","6.57","N","N","N","","",
"其他電子業","2474","可成","1859854","2518","739","671","10.13%","625","564","10.82%","19.40","1429","9.28","N","Y","N","一、關聯性說明：
透過多元薪酬制度（包含固定薪資、年終及績效獎金等），使員工報酬與個人績效及公司整體營運成果能相互連動。
二、合理性評估：
參考薪資調查資料，檢視與同業及地區之薪資水準，以維持競爭力。","一、有關員工獎酬制度：
將視營運成果、整體財務狀況與人力資源政策之綜合考量，適時檢討員工獎酬制度。
二、參考市場對標機制：
持續參考產業薪資資料，作為薪酬政策調整與制度設計之依據，確保具市場競爭性。",
"電子零組件業","2476","鉅祥","506086","711","712","674","5.64%","645","598","7.86%","5.18","994","6.57","N","N","N","","",
"其他電子業","2477","美隆電","91823","105","875","734","19.21%","816","638","27.90%","1.50","1429","9.28","N","N","N","","",
"電子零組件業","2478","大毅","596034","766","778","697","11.62%","646","579","11.57%","3.13","994","6.57","N","N","N","","",
"資訊服務業","2480","敦陽科","612316","575","1065","1014","5.03%","973","941","3.40%","7.50","1064","3.99","N","N","N","","",
"半導體業","2481","強茂","1013091","1290","785","745","5.37%","610","554","10.11%","2.40","1998","19.23","N","N","N","","",
"其他電子業","2482","連宇","131231","159","825","835","-1.20%","702","663","5.88%","0.81","1429","9.28","N","N","N","","",
"電子零組件業","2483","百容","284394","543","524","501","4.59%","450","426","5.63%","0.35","994","6.57","N","N","N","","",
"電子零組件業","2484","希華","444487","684","650","635","2.36%","575","556","3.42%","0.99","994","6.57","N","N","N","","",
"通信網路業","2485","兆赫","621359","1063","585","581","0.69%","429","426","0.70%","-2.26","1302","3.74","N","N","N","","",
"光電業","2486","一詮","508626","751","677","625","8.32%","596","550","8.36%","0.08","1015","1.21","N","N","N","","",
"其他電子業","2488","漢平","132440","135","981","905","8.40%","797","742","7.41%","5.24","1429","9.28","N","N","N","","",
"光電業","2489","瑞軒","482968","355","1360","1302","4.45%","1200","1155","3.90%","1.80","1015","1.21","N","N","N","","",
"光電業","2491","吉祥全","6248","11","568","600","-5.33%","552","549","0.55%","-0.40","1015","1.21","N","N","N","","",
"電子零組件業","2492","華新科","1649746","2195","752","657","14.46%","650","595","9.24%","6.15","994","6.57","N","N","N","","",
"電子零組件業","2493","揚博","258588","271","954","1017","-6.19%","870","858","1.40%","6.05","994","6.57","N","N","Y","本公司員工薪資報酬配合公司整體營運並依據員工職責考核個人績效表現及對公司的貢獻度而訂定，113年公司EPS較前一年度略為成長，但因產線人員加班費減少故整體平均薪資下降。","因產線人員加班費減少故整體平均薪資下降，將調整產線人員工作以減少加班時數變化對薪資平均數的影響。",
"電腦及週邊設備業","2495","普安","374708","384","976","962","1.46%","855","812","5.30%","2.22","1404","6.67","N","N","N","","",
"其他","2496","卓越","3421","4","855","820","4.27%","852","665","28.12%","7.02","969","3.42","N","Y","N","1.其他行業組成多元，行業特性差異大，比較基礎較薄弱。
2.集團主要EPS貢獻來源為其重要子公司，母公司非擔任主管職務之全時員工為一般行政後勤人員。
3.113年度員工人事異動，非擔任主管職務之全時員工人數較少。","員工薪資調整計劃擬定，包含年度調薪、獎金、分紅及持股信託計劃，以期逐年提升薪資平均數，並依員工薪資外部競爭力及內部公平性進行系統性調整，以達到分享利潤及提升人力資源效能的目的。",
"汽車工業","2497","怡利電","356088","492","724","679","6.63%","646","606","6.60%","3.09","892","5.84","N","N","N","","",
"通信網路業","2498","宏達電","1206426","906","1332","1208","10.26%","1092","937","16.54%","-4.11","1302","3.74","N","N","N","","",
"建材營造","2501","國建","171562","140","1225","1032","18.70%","1095","978","11.96%","1.36","974","2.65","N","N","N","","",
"建材營造","2504","國產","655098","588","1114","1007","10.63%","1118","1001","11.69%","3.90","974","2.65","N","N","N","","",
"建材營造","2505","國揚","81361","74","1099","990","11.01%","976","915","6.67%","0.52","974","2.65","N","N","N","","",
"建材營造","2506","太設","68126","68","1002","753","33.07%","869","680","27.79%","2.04","974","2.65","N","N","N","","",
"建材營造","2509","全坤建","45191","55","822","780","5.38%","773","760","1.71%","0.21","974","2.65","N","N","N","","",
"建材營造","2511","太子","128983","179","721","782","-7.80%","660","709","-6.91%","0.19","974","2.65","N","N","N","","",
"其他","2514","龍邦","15623","18","868","966","-10.14%","777","908","-14.43%","2.83","969","3.42","N","N","Y","本公司經營績效與員工薪酬具高度正相關，除已訂定公平、公正的升遷管道，並依據員工的專業能力、績效表現，及特殊專案貢獻者，定時及不定時調整薪酬及升遷，以隨時與經營績效作連動，並激勵同仁士氣。","除依章程規定提撥員工紅利之外，每年定時年度終了考核升遷及調薪，並隨時依工作績效及個別貢獻，及時反應於薪酬及升遷上，與員工共享營運成果。",
"建材營造","2515","中工","1052243","1116","943","742","27.09%","827","665","24.36%","0.47","974","2.65","N","N","N","","",
"建材營造","2516","新建","564177","906","623","620","0.48%","507","469","8.10%","0.97","974","2.65","N","N","N","","",
"建材營造","2520","冠德","113945","73","1561","1090","43.21%","1416","989","43.17%","10.25","974","2.65","N","N","N","","",
"建材營造","2524","京城","39060","35","1116","909","22.77%","1072","820","30.73%","7.67","974","2.65","N","N","N","","",
"建材營造","2527","宏璟","23283","26","896","817","9.67%","878","831","5.66%","4.86","974","2.65","N","Y","N","因部份獎金調整於114年1月發放，致113年公司EPS獲利表現較同業為佳，惟非經理人之全時員工薪資平均數略低於同業水準。","未來年度之獎金將儘量於當年度發放。",
"建材營造","2528","皇普","37215","31","1200","794","51.13%","903","633","42.65%","3.26","974","2.65","N","N","N","","",
"建材營造","2530","華建","35255","31","1137","1135","0.18%","1104","959","15.12%","1.94","974","2.65","N","N","N","","",
"建材營造","2534","宏盛","48811","58","842","890","-5.39%","763","784","-2.68%","0.63","974","2.65","N","N","N","","",
"建材營造","2535","達欣工","692735","476","1455","1176","23.72%","1313","1115","17.76%","5.21","974","2.65","N","N","N","","",
"建材營造","2536","宏普","37302","25","1492","1434","4.04%","1427","1343","6.25%","0.61","974","2.65","N","N","N","","",
"建材營造","2537","聯上發","27142","27","1005","838","19.93%","934","869","7.48%","1.05","974","2.65","N","N","N","","",
"建材營造","2538","基泰","4306","4","1077","1639","-34.29%","1037","1075","-3.53%","0.57","974","2.65","N","N","N","","",
"建材營造","2539","櫻花建","70809","66","1073","960","11.77%","947","836","13.28%","2.85","974","2.65","N","N","N","","",
"建材營造","2540","愛山林","456853","129","3541","3659","-3.22%","1942","2817","-31.06%","3.07","974","2.65","N","N","N","","",
"建材營造","2542","興富發","253478","248","1022","1017","0.49%","788","806","-2.23%","3.13","974","2.65","N","N","N","","",
"建材營造","2543","皇昌","1146847","1448","792","719","10.15%","541","514","5.25%","5.25","974","2.65","N","Y","N","本公司申報113年度之全時員工資訊包含專案引進外籍移工，其佔全體員工比例約52%。","若不含外籍移工，本國籍員工年薪平均1,115(仟元)，本公司薪資水準己高於同業。",
"建材營造","2545","皇翔","80674","56","1441","1139","26.51%","1198","1045","14.64%","9.05","974","2.65","N","N","N","","",
"建材營造","2546","根基","747683","865","864","836","3.35%","748","767","-2.48%","7.10","974","2.65","N","Y","N","本公司人力結構之外藉移工佔比逐年升高，造成年度薪資平均數無法顯著反映隨公司經營績效成長的員工薪資漲幅。","公司每年進行年度調薪，亦持續針對同業市場薪資水準進行內部調薪",
"建材營造","2547","日勝生","83597","89","939","939","0.00%","864","830","4.10%","-0.08","974","2.65","N","N","N","","",
"建材營造","2548","華固","98037","63","1556","2073","-24.94%","1503","1960","-23.32%","4.58","974","2.65","N","N","N","","",
"建材營造","2597","潤弘","1197174","1026","1167","1146","1.83%","894","961","-6.97%","10.71","974","2.65","N","N","N","","",
"貿易百貨","2601","益航","32139","35","918","939","-2.24%","831","862","-3.60%","-0.35","873","3.91","N","N","Y","1、本公司113年業外損失較前一年度大幅減少，以致EPS上升。
2、公司個體之薪資相較前一年度為持平狀態，變動獎金微幅減少；致本公司合併非擔任主管職務之全時員工薪資平均數較前一年度減少。","修改公司章程,公司年度如有獲利,應提撥不低於1%為員工酬勞及不高於3%為董事酬勞
但公司尚有累積虧損,應先彌補數額
前項員工酬勞,就前述範圍提列不低於10%予基層員工,得以員工酬勞、調整薪資或二種方式併行方式辦理",
"航運業","2603","長榮","7227472","2865","2523","1539","63.94%","2415","1410","71.28%","64.87","1566","8.85","N","N","N","","",
"航運業","2605","新興","37878","20","1894","1396","35.67%","1634","1202","35.94%","2.56","1566","8.85","N","N","N","","",
"航運業","2606","裕民","486420","287","1695","1561","8.58%","1462","1333","9.68%","5.54","1566","8.85","N","N","N","","",
"航運業","2607","榮運","1068460","1005","1063","991","7.27%","1046","985","6.19%","2.60","1566","8.85","N","N","N","","",
"航運業","2608","嘉里大榮","2866538","3941","727","678","7.23%","689","645","6.82%","2.25","1566","8.85","N","N","N","","",
"航運業","2609","陽明","3775792","1612","2342","1284","82.40%","2048","1130","81.24%","18.38","1566","8.85","N","N","N","","",
"航運業","2610","華航","22149162","9876","2243","2075","8.10%","1722","1545","11.46%","2.38","1566","8.85","N","N","N","","",
"航運業","2611","志信","12657","15","844","659","28.07%","792","689","14.95%","1.64","1566","8.85","N","N","N","","",
"航運業","2612","中航","73515","56","1313","1192","10.15%","1173","1135","3.35%","5.13","1566","8.85","N","N","N","","",
"航運業","2613","中櫃","427103","669","638","619","3.07%","609","592","2.87%","0.84","1566","8.85","N","N","N","","",
"其他","2614","東森","224615","220","1021","943","8.27%","954","871","9.53%","1.24","969","3.42","N","N","N","","",
"航運業","2615","萬海","2353396","1280","1839","1278","43.90%","1645","1069","53.88%","16.89","1566","8.85","N","N","N","","",
"油電燃氣業","2616","山隆","448300","736","609","746","-18.36%","527","642","-17.91%","-3.43","1276","0.83","N","N","N","","",
"航運業","2617","台航","270265","213","1269","1332","-4.73%","1048","1016","3.15%","3.08","1566","8.85","N","N","N","","",
"航運業","2618","長榮航","19242646","8562","2247","1930","16.42%","1617","1379","17.26%","5.37","1566","8.85","N","N","N","","",
"航運業","2630","亞航","775784","1093","710","662","7.25%","666","612","8.82%","0.67","1566","8.85","N","N","N","","",
"航運業","2633","台灣高鐵","5627469","4742","1187","1079","10.01%","1099","991","10.90%","1.15","1566","8.85","N","N","N","","",
"航運業","2634","漢翔","5774051","5239","1102","1085","1.57%","948","906","4.64%","2.30","1566","8.85","N","N","N","","",
"航運業","2636","台驊控股","216559","332","652","706","-7.65%","567","505","12.28%","9.39","1566","8.85","N","Y","N","本公司屬輕資產物流業，與傳統航運公司在人力與資本配置差異大。薪酬設定依職務、市況與財務體質，將持續優化薪酬制度，強化激勵與永續基礎。","本公司適時調整薪資，導入獎酬連動機制。由人資與薪酬委員會定期檢視薪酬結構，參考市場與產業特性，並強化溝通與透明度，提升員工認同與留任，實踐獲利共享與永續經營。",
"航運業","2642","宅配通","1014816","1711","593","586","1.19%","555","558","-0.54%","-0.10","1566","8.85","N","N","N","","",
"航運業","2645","長榮航太","4065882","3153","1290","1260","2.38%","1292","1199","7.76%","4.90","1566","8.85","N","N","N","","",
"航運業","2646","星宇航空","4232829","3867","1095","0","0.00%","713","0","0.00%","0.53","1566","8.85","N","N","N","","",
"觀光餐旅","2701","萬企","8650","16","541","513","5.46%","498","471","5.73%","0.51","678","2.78","N","N","N","","",
"觀光餐旅","2702","華園","14912","26","574","551","4.17%","437","458","-4.59%","0.26","678","2.78","N","N","N","","",
"觀光餐旅","2704","國賓","341650","444","769","710","8.31%","630","560","12.50%","2.77","678","2.78","N","N","N","","",
"觀光餐旅","2705","六福","401850","671","599","558","7.35%","517","483","7.04%","0.46","678","2.78","N","N","N","","",
"觀光餐旅","2706","第一店","14779","32","462","456","1.32%","462","452","2.21%","0.56","678","2.78","Y","N","N","本公司營業收入來自租賃及旅遊，租賃之作業由主管負責，旅遊收入係受大環境及政府政策推動所影響。本公司非主管員工係從事一般基本工作，除有固定薪資保障，並享有津貼、員工酬勞、退休金、勞健保等福利。","積極開發新興客源市場，多元經營，增加收入，以期提高員工薪資平均數。",
"觀光餐旅","2707","晶華","884258","1245","710","699","1.57%","589","571","3.15%","10.57","678","2.78","N","N","N","","",
"觀光餐旅","2712","遠雄來","164199","315","521","551","-5.44%","442","446","-0.90%","-1.42","678","2.78","N","N","N","","",
"觀光餐旅","2722","夏都","162701","352","462","484","-4.55%","417","350","19.14%","0.03","678","2.78","Y","N","N","飯店及餐飲業基層員工佔比高，本公司基層員工佔非擔任經理人全職員工86%。","因應基本工資及參考各地區性平均薪資，已逐步調整薪資。",
"觀光餐旅","2727","王品","2642653","3755","704","729","-3.43%","584","595","-1.85%","15.66","678","2.78","N","N","N","","",
"觀光餐旅","2731","雄獅","1134054","1610","704","672","4.76%","595","543","9.58%","9.81","678","2.78","N","N","N","","",
"觀光餐旅","2739","寒舍","992101","1369","725","686","5.69%","626","586","6.83%","5.39","678","2.78","N","N","N","","",
"觀光餐旅","2748","雲品","399870","570","702","627","11.96%","585","562","4.09%","3.13","678","2.78","N","N","N","","",
"觀光餐旅","2753","八方雲集","490640","573","856","860","-0.47%","750","773","-2.98%","9.05","678","2.78","N","N","Y","本公司公司EPS較前一年度成長，惟非經理人之全時員工薪資平均數較前一年度減少，主係因全時員工年度平均人數較前一年度增加10.62%及當年度新進較多基層員工，致平均薪資微幅下降4仟元，並無重大差異。","本公司持續依營運績效及員工任職情形合理調整薪酬，兼顧提高員工福址與促進公司穩健發展。",
"金融保險業","2801","彰銀","9232178","6179","1494","1394","7.17%","1391","1302","6.84%","1.33","1525","2.64","N","N","N","","",
"金融保險業","2809","京城銀","797225","840","949","892","6.39%","867","805","7.70%","4.52","1525","2.64","N","Y","N","金融業以存戶安全與金融穩定為優先原則。本行追求淨值穩定的成長，扎實及保守的資產品質與高度的流動性，以不負金融特許執照的社會責任。薪金以員工安居樂業，生活穩定為目標。不以各類型不同金融業的薪金來互相競爭","110年至114年每年全面調薪，113年增加基層員工調薪，已全面提升薪資水準。",
"金融保險業","2812","台中銀","3264794","2641","1236","1110","11.35%","1004","936","7.27%","1.50","1525","2.64","N","N","N","","",
"金融保險業","2816","旺旺保","1172185","1031","1137","1056","7.67%","876","831","5.42%","5.46","1525","2.64","N","Y","N","此統計涵蓋金控、銀行、證券、產險、壽險，各業者之資本與經營規模差異甚大，實難合理比較員工實質薪資水準。本公司盈餘較往年成長，然員工薪資、獎金皆隨之成長，與產險同業相較，並未有異常低於同業之不合理情事。","公司每年均視歷年營運獲利情形，參考員工績效並考量同業薪資水準，評估調升員工薪資。",
"金融保險業","2820","華票","219922","140","1571","1489","5.51%","1463","1320","10.83%","1.02","1525","2.64","N","N","N","","",
"金融保險業","2832","台產","904678","841","1076","1055","1.99%","836","831","0.60%","3.21","1525","2.64","N","Y","N","金融保險業涵蓋金控、銀行、證券及產壽險等行業，市場規模及行
業特性不盡相同，薪酬水平亦有差異。本公司每股盈餘較去年成長
，同時，員工平均薪資、獎金亦較前一年度1055仟元增加，與經營
績效成正比。","公司將持續優化薪酬福利制度及增進員工薪資福利",
"金融保險業","2834","臺企銀","7278969","5225","1393","1279","8.91%","1238","1132","9.36%","1.23","1525","2.64","N","N","N","","",
"金融保險業","2836","高雄銀","1305977","1083","1206","1209","-0.25%","1061","1079","-1.67%","0.55","1525","2.64","N","N","N","","",
"金融保險業","2838","聯邦銀","3785265","3685","1027","912","12.61%","900","805","11.80%","1.16","1525","2.64","N","N","N","","",
"金融保險業","2845","遠東銀","3081944","2263","1362","1271","7.16%","1208","1136","6.34%","1.01","1525","2.64","N","N","N","","",
"金融保險業","2849","安泰銀","1434836","1389","1033","1020","1.27%","843","859","-1.86%","0.68","1525","2.64","N","N","N","","",
"金融保險業","2850","新產","1822492","1477","1234","1216","1.48%","985","973","1.23%","10.47","1525","2.64","N","Y","N","金融保險業涵蓋金控、銀行、保險、證券等，特
性、規模、薪資結構差異甚大，本公司近年員工平
均薪酬高於其它產險公司(產險業上市公司評比共四
家)，且本公司員工平均薪酬較去年提升，確實落實
員工福祉政策。","本公司每年皆有升遷調薪機制，近年亦提高進用新
進人員人數，帶來新的技能與知識，有助於推動產
業創新和升級、為青年創造就業新機，確實落實永
續經營理念。",
"金融保險業","2851","中再保","281185","157","1791","1629","9.94%","1497","1383","8.24%","3.14","1525","2.64","N","N","N","","",
"金融保險業","2852","第一保","935096","801","1167","1094","6.67%","953","853","11.72%","3.00","1525","2.64","N","Y","N","本公司每股盈餘較去年成長，員工薪資、獎金及福利等亦較去年增加，與經營績效成正比。","1.績效調薪：針對表現良好的員工提供具體獎勵與加速晉升機制，並提升中高階職位比例。
2.強化數位平台：合理控管低階行政職務人數。",
"金融保險業","2855","統一證","2585260","1384","1868","1449","28.92%","1209","961","25.81%","3.00","1525","2.64","N","N","N","","",
"金融保險業","2867","三商壽","1598111","1602","998","911","9.55%","863","789","9.38%","0.42","1525","2.64","N","N","N","","",
"金融保險業","2880","華南金","14479703","10035","1443","1360","6.10%","1246","1178","5.77%","1.68","1525","2.64","N","N","N","","",
"金融保險業","2881","富邦金","27396709","16873","1624","1442","12.62%","1293","1164","11.08%","10.77","1525","2.64","N","N","N","","",
"金融保險業","2882","國泰金","35428353","21084","1680","1443","16.42%","1298","1179","10.09%","7.29","1525","2.64","N","N","N","","",
"金融保險業","2883","凱基金","12390855","7502","1652","1359","21.56%","1293","1100","17.55%","1.97","1525","2.64","N","N","N","","",
"金融保險業","2884","玉山金","10430590","7634","1366","1283","6.47%","1229","1156","6.31%","1.63","1525","2.64","N","N","N","","",
"金融保險業","2885","元大金","16191973","9828","1648","1368","20.47%","1397","1160","20.43%","2.77","1525","2.64","N","N","N","","",
"金融保險業","2886","兆豐金","13811929","8102","1705","1562","9.15%","1446","1304","10.89%","2.35","1525","2.64","N","N","N","本公司依據公司章程第三十一條之一規定，依當年度獲利狀況扣除累積虧損後，如尚有餘額應提撥萬分之二至萬分之十五為員工酬勞，及訂定「員工獎金及酬勞發給規則」，將經營績效與成果，反映於員工薪酬中。","不適用。",
"金融保險業","2887","台新金","14307220","9468","1511","1376","9.81%","1209","1114","8.53%","1.39","1525","2.64","N","N","N","","",
"金融保險業","2888","新光金","10157065","7492","1356","1146","18.32%","1066","947","12.57%","1.25","1525","2.64","N","N","N","","",
"金融保險業","2889","國票金","1794790","1304","1376","1183","16.31%","1037","892","16.26%","0.61","1525","2.64","N","N","N","","",
"金融保險業","2890","永豐金","12294375","8057","1526","1360","12.21%","1261","1154","9.27%","1.75","1525","2.64","N","N","N","","",
"金融保險業","2891","中信金","25228573","14803","1704","1593","6.97%","1349","1314","2.66%","3.64","1525","2.64","N","N","N","","",
"金融保險業","2892","第一金","13149594","8543","1539","1397","10.16%","1402","1293","8.43%","1.81","1525","2.64","N","N","N","","",
"金融保險業","2897","王道銀行","1300980","968","1344","1317","2.05%","1109","1081","2.59%","1.00","1525","2.64","N","N","N","","",
"貿易百貨","2901","欣欣","16640","21","792","769","2.99%","705","707","-0.28%","0.41","873","3.91","N","N","N","","",
"貿易百貨","2903","遠百","930334","1181","788","798","-1.25%","732","741","-1.21%","1.65","873","3.91","N","N","N","","",
"其他","2904","匯僑","41939","54","777","683","13.76%","737","669","10.16%","1.38","969","3.42","N","N","N","","",
"貿易百貨","2905","三商","1612193","1612","1000","914","9.41%","863","786","9.80%","1.42","873","3.91","N","N","N","","",
"貿易百貨","2906","高林","90586","146","620","617","0.49%","559","571","-2.10%","0.52","873","3.91","N","N","N","","",
"貿易百貨","2908","特力","320601","321","999","963","3.74%","870","850","2.35%","0.66","873","3.91","N","N","N","","",
"貿易百貨","2910","統領","36113","55","657","664","-1.05%","599","607","-1.32%","1.13","873","3.91","N","N","N","","",
"貿易百貨","2911","麗嬰房","292657","525","557","520","7.12%","513","477","7.55%","-4.07","873","3.91","N","N","N","","",
"貿易百貨","2912","統一超","6039081","5594","1080","1083","-0.28%","908","922","-1.52%","11.10","873","3.91","N","N","Y","全時員工2024年度薪資總額增加240,264(仟元)；員工人數增加241人，高薪資深員工86人離職退休，在新進員工增加情況下，致2024年度薪資平均數較2023年度微幅減少3.7(仟元)","公司章程明定提撥年度盈餘作為基層員工分派酬勞，每年均參加外部薪資調查與調薪；變動獎金亦依年度淨利提撥比例核發，以確保薪資維持市場水準與穩定成長。",
"貿易百貨","2913","農林","121309","197","616","543","13.44%","528","489","7.98%","-0.22","873","3.91","N","N","N","","",
"貿易百貨","2915","潤泰全","253516","419","605","579","4.49%","457","440","3.86%","13.00","873","3.91","N","Y","N","本公司獲利中包含轉投資收益及投資性不動產評價利益，所佔比率較高,若排除後則獲利未能優於同業;又所營零售業務及量販店等屬人力需求較高行業,因受景氣等因素的影響經營績效及員工薪酬亦受影響。","透過有效之績效獎金辦法，激勵同仁致力提昇業績，俾使公司整體獲利增加，並與員工分享合理報償，提高員工之薪酬",
"貿易百貨","2945","三商家購","1019828","2101","485","447","8.50%","414","375","10.40%","2.02","873","3.91","Y","N","N","本公司通路以直營為主，與多數同業採加盟模式營運架構不同，其門市人員非屬企業編制人力，未納入薪資統計範圍，因此平均數相對較高。
由於超過75%的門市人力由本公司直接聘用，故平均薪資易受營運人力占比影響。","本公司113年整體平均薪資仍較前一年增漲8.5%，除強化營運品質管理，同時持續優化薪酬福利及內部晉升制度，致力於打造友善且具成長性的職涯環境，在營運績效與員工照顧間尋求平衡，建構更具韌性及永續性的企業體質。",
"電腦及週邊設備業","3002","歐格","30970","34","911","883","3.17%","833","845","-1.42%","0.05","1404","6.67","N","N","N","","",
"電子零組件業","3003","健和興","462378","701","660","667","-1.05%","605","614","-1.47%","3.88","994","6.57","N","N","Y","1、本年新進並留任至年底共160位，基層員工有96位，占所有新進60%，其影響整體薪資平均值。
2、111年營運狀況較112年好，因年度結算與發放時點，111年結算之各項獎金均發放於112年，致較113年發放高。","1、定期檢討、調整員工薪資，以符合市場薪資水準，並分享營運成果。
2、提供部門及個人績效連動的專案獎金。",
"鋼鐵工業","3004","豐達科","476645","487","979","860","13.84%","804","751","7.06%","6.88","1016","0.69","N","Y","N","該年度非主管人員平均薪資979千元，略低於同業平均1,016千元，惟總薪資總額達476,645千元，反映人均成本合理。
每股盈餘6.88元更是優於同業平均0.69元，顯示薪酬與公司營運成果整體連動合理。","導入人才盤點連結薪資、調薪與晉升，提升績效導向。
依公司營運狀況提撥年度調薪預算，優先考量非主管人員。
加強人才內部培育，鼓勵由助理技術或助理工程晉升，預計提升中位數薪資5%以上。",
"電腦及週邊設備業","3005","神基","976275","544","1795","1750","2.57%","1565","1526","2.56%","7.26","1404","6.67","N","N","N","","",
"半導體業","3006","晶豪科","1174688","556","2113","2124","-0.52%","1969","1970","-0.05%","1.80","1998","19.23","N","N","Y","本公司113年度EPS較112年度增加，而非擔任主管職務之全時員工（年度）薪資平均數較前一年度略有減少，主要係因應公司世代交替規劃,人員有所成長及年輕化所致。","為維持公司營運實力,本公司一向以具競爭力的薪酬條件為重大政策方針，並已持續多年(含112/113年)入選為「臺灣高薪100指數」成分股;未來仍將維持具競爭力的薪酬條件以廣招優秀人才。",
"光電業","3008","大立光","10025843","7601","1319","1139","15.80%","927","858","8.04%","194.17","1015","1.21","N","N","N","","",
"電子通路業","3010","華立","494753","337","1468","1394","5.31%","1182","1153","2.52%","8.89","1070","4.70","N","N","N","","",
"電子零組件業","3011","今皓","37869","43","881","761","15.77%","698","664","5.12%","-2.21","994","6.57","N","N","N","","",
"電腦及週邊設備業","3013","晟銘電","77207","79","977","975","0.21%","928","914","1.53%","3.63","1404","6.67","N","N","N","","",
"半導體業","3014","聯陽","1122461","427","2629","2523","4.20%","2435","2346","3.79%","10.10","1998","19.23","N","N","N","","",
"電子零組件業","3015","全漢","720520","720","1001","971","3.09%","819","838","-2.27%","2.16","994","6.57","N","N","N","","",
"半導體業","3016","嘉晶","653236","695","940","895","5.03%","872","835","4.43%","0.92","1998","19.23","N","N","N","","",
"電腦及週邊設備業","3017","奇鋐","655218","523","1253","1206","3.90%","1064","1046","1.72%","21.21","1404","6.67","N","Y","N","本公司員工薪酬係依據各工作職能及績效，實施績效承諾制度，以績效結果做為獎金、晉升及調薪之參考，並視公司整體營運成果狀況給予及調整；本年度非主管職務之全時員工薪資平均數及中位數均較上年度成長。","依不同的職務進行市場水平薪資調查，並視營運結果及依個人績效考核結果進行調整之建議。",
"其他電子業","3018","隆銘綠能","43364","52","834","847","-1.53%","770","828","-7.00%","-1.46","1429","9.28","N","N","Y","本公司113年度稅後淨損與112年度相較減少20,524仟元，故每股盈餘從(1.72)有所成長至(1.46)。惟113年度員工人數平均52人較112年度增加15人，以致非經理人之全時員工薪資平均數834仟元較112年度847仟元減少13仟元。","本公司未來將持續致力提升獲利減少虧損，得以增加員工獎金或薪酬暨穩定員工長期發展。",
"光電業","3019","亞光","959470","943","1017","854","19.09%","862","716","20.39%","5.79","1015","1.21","N","N","N","","",
"電子零組件業","3021","鴻名","125121","171","732","723","1.24%","599","608","-1.48%","0.58","994","6.57","N","N","N","","",
"電腦及週邊設備業","3022","威強電","435070","387","1124","1137","-1.14%","1007","1022","-1.47%","8.72","1404","6.67","N","Y","Y","本公司員工薪酬係依職能與績效，並參酌公司營運成果調整給予；本公司人力結構較同業不盡相同，致薪酬成本可能存在差異。113年度因生產需求增聘基層員工，故非主管職務之全時員工薪資平均數及中位數均較上年度低。","公司將持續追蹤同業薪資水準，針對非經理人職位預計分年逐步調整薪酬水準。",
"電子零組件業","3023","信邦","875518","1154","759","729","4.12%","573","544","5.33%","14.70","994","6.57","N","Y","N","國內工廠產線人員約佔44%，不宜與國內無工廠公司評比。
公司獲利主要來自投資收益，國內EPS雖比去年略增，主因為業外投資收益增加所致。
非擔任主管之全時員工平均薪資與去年相比仍有成長4.1%。","公司目前每年依營運及員工績效進行調薪，參考市場水平核定人員薪酬。依職務設置獎金制度，按月、季等方式核發獎金，並發放員工紅利做為激勵機制。另有員工信託持股計劃，公司相對提撥一定比例與員工共享營運成果。",
"光電業","3024","憶聲","37263","55","678","618","9.71%","627","539","16.33%","0.66","1015","1.21","N","N","N","","",
"通信網路業","3025","星通","155970","147","1061","979","8.38%","907","802","13.09%","3.68","1302","3.74","N","N","N","","",
"電子零組件業","3026","禾伸堂","795297","943","843","817","3.18%","737","707","4.24%","5.87","994","6.57","N","N","N","","",
"通信網路業","3027","盛達","77253","89","868","812","6.90%","882","780","13.08%","-0.22","1302","3.74","N","N","N","","",
"電子通路業","3028","增你強","322267","333","968","1020","-5.10%","877","916","-4.26%","2.08","1070","4.70","N","N","Y","增你強113年EPS較前一年度增加，主要係113年營業外收入-採用權益法之子公司及關聯企業損益份額較去年同期增加新台幣1.8億所致。","113年EPS較前一年度增加，主要係113年營業外收入-採用權益法之子公司及關聯企業損益份額較去年同期增加新台幣1.8億所致，本公司薪酬政策皆是比照同業水準及公司章程辦理，並無需調整之情事。",
"資訊服務業","3029","零壹","404522","352","1149","1109","3.61%","926","1080","-14.26%","5.22","1064","3.99","N","N","N","公司透過績效導向的薪酬制度，將營運成果與員工報酬連結，兼顧公平性與激勵性，使薪酬反映個人與團隊貢獻，提升整體績效並強化人才留任動能","無",
"其他電子業","3030","德律","760028","564","1348","1152","17.01%","1168","1001","16.68%","7.78","1429","9.28","N","N","N","","",
"光電業","3031","佰鴻","47280","58","815","816","-0.12%","760","744","2.15%","1.09","1015","1.21","N","N","Y","本公司薪資政策力求穩健，113年度獲利雖較佳，但因113年度有資深員工離職，致平均薪資略為減少，但中位數薪資仍有增加，顯示整體薪資平穩合理。","持續維持穩定的薪資政策，114年起依據新修訂之公司章程基層員工的員工酬勞分配規定，使基層員工薪資更有保障。",
"電子零組件業","3032","偉訓","141636","119","1190","1276","-6.74%","1067","1175","-9.19%","4.61","994","6.57","N","N","N","","",
"電子通路業","3033","威健","593666","460","1291","1156","11.68%","1128","1033","9.20%","2.56","1070","4.70","N","N","N","","",
"半導體業","3034","聯詠","10588716","3007","3521","3712","-5.15%","2865","3028","-5.38%","33.43","1998","19.23","N","N","N","","",
"半導體業","3035","智原","1305590","625","2089","2323","-10.07%","1802","1980","-8.99%","4.04","1998","19.23","N","N","N","","",
"電子通路業","3036","文曄","1390770","936","1486","1392","6.75%","1178","1117","5.46%","8.13","1070","4.70","N","N","N","","",
"電子零組件業","3037","欣興","11966666","14592","820","854","-3.98%","692","691","0.14%","3.34","994","6.57","N","N","N","","",
"光電業","3038","全台","551103","818","674","674","0.00%","542","556","-2.52%","2.21","1015","1.21","N","Y","N","本公司主要以台灣為生產基地，產線基層作業人員佔總人數比重逾半，在與同業人力結構不同情況下，致員工薪資平均數低於同業水準。","每年度依營運目標達成及獲利狀況持續提升員工薪資水準，與員工共享公司成就。",
"其他","3040","遠見","6063","7","866","760","13.95%","903","806","12.03%","0.73","969","3.42","N","N","N","","",
"半導體業","3041","揚智","149480","87","1718","1713","0.29%","1662","1605","3.55%","-2.41","1998","19.23","N","N","N","","",
"電子零組件業","3042","晶技","976492","896","1090","940","15.96%","849","729","16.46%","6.55","994","6.57","N","N","N","","",
"其他電子業","3043","科風","93371","170","549","511","7.44%","549","415","32.29%","0.95","1429","9.28","N","N","N","","",
"電子零組件業","3044","健鼎","703529","957","735","709","3.67%","462","466","-0.86%","15.95","994","6.57","N","Y","N","公司員工薪酬係參考PCB同業水準並依各廠營運貢獻與人員職級按薪酬規則訂定；因產業特性需要,相較其他電子零組件業,公司製程直接員工佔比高,應對人力需求結構,產線作業員額相對偏高,致薪資平均數低於同業水準。","本公司於台灣地區,因員工為產線基本作業人力,基層員工佔比較高,與其他同業人力資源結構不同。
公司獲利穩定,將持續依員工績效表現給予相應之調薪,並參考PCB同業薪資趨勢核定薪酬。",
"通信網路業","3045","台灣大","4986022","4289","1163","1127","3.19%","1004","969","3.61%","4.57","1302","3.74","N","Y","N","本公司每年會依照營運目標達成率核定年終獎金、員工酬勞與年度調薪率，以獎勵同仁之貢獻，員工之獎酬在業界具競爭力。相較於同業，本公司員工之年資與年齡較輕，這是影響人事費用多寡原因之一。","通信網路業中各公司屬性差異大，本公司每年參加業界薪資調查，收集市場薪酬資訊，根據公司營運績效提報獎酬計畫，包含調薪、年終獎金與員工酬勞等，以持續提供員工具競爭力的整體薪酬。",
"電腦及週邊設備業","3046","建碁","24597","18","1367","1274","7.30%","1497","1396","7.24%","3.83","1404","6.67","N","N","N","","",
"通信網路業","3047","訊舟","334507","302","1108","1050","5.52%","1014","944","7.42%","0.51","1302","3.74","N","N","N","","",
"電子通路業","3048","益登","429551","372","1155","1220","-5.33%","1014","1058","-4.16%","-2.10","1070","4.70","N","N","N","","",
"光電業","3049","精金","186111","248","750","751","-0.13%","690","670","2.99%","-1.10","1015","1.21","N","N","Y","113年度較112年度雖然EPS成長,但仍為持續虧損
113年度員工離職率較高, 新進員工多為資淺員工, 因此入職薪資較低,造成整體平均下降","1.期許公司獲利情形改善,搭配員工獎酬制度,提升整體薪資",
"光電業","3050","鈺德","117387","186","631","633","-0.32%","577","582","-0.86%","0.55","1015","1.21","N","N","Y","本年度盈餘成長乃業外收益增加所致，員工薪資維持以往水準，唯變動薪資如績效獎金、員工酬勞因連結業績達成及分配比例，稍有變動。","加強本業業績，期提高變動性獎酬",
"光電業","3051","力特","314563","535","588","574","2.44%","557","531","4.90%","2.01","1015","1.21","N","Y","N","基於營運考量，避免經營成本對公司重大衝擊，必須全面考量經營風險與損益，故未每年全面常態調薪，
後續公司營收及獲利表現達到最佳平衡狀態時，規劃相關薪酬政策，並依個人績效、年資條件不同而有差異。","基於營運考量，避免經營成本對公司重大衝擊，必須全面考量經營風險與損益，故未每年全面常態調薪，
後續公司營收及獲利表現達到最佳平衡狀態時，規劃相關薪酬政策，並依個人績效、年資條件不同而有差異。",
"建材營造","3052","夆典","75114","102","736","642","14.64%","687","579","18.65%","0.98","974","2.65","N","N","N","","",
"食品工業","3054","立萬利","23227","25","929","935","-0.64%","840","790","6.33%","-0.40","872","2.95","N","N","N","","",
"電子通路業","3055","蔚華科","77011","65","1185","1331","-10.97%","1035","1207","-14.25%","-2.23","1070","4.70","N","N","N","","",
"建材營造","3056","富華新","31736","31","1024","959","6.78%","981","702","39.74%","6.15","974","2.65","N","N","N","","",
"電腦及週邊設備業","3057","喬鼎","130089","113","1151","1154","-0.26%","1029","979","5.11%","-1.64","1404","6.67","N","N","N","","",
"電子零組件業","3058","立德","127477","174","733","706","3.82%","520","522","-0.38%","-2.02","994","6.57","N","N","N","","",
"光電業","3059","華晶科","324754","227","1431","1315","8.82%","1258","1225","2.69%","1.15","1015","1.21","N","N","N","","",
"電腦及週邊設備業","3060","銘異","163140","238","685","593","15.51%","617","541","14.05%","0.45","1404","6.67","N","N","N","","",
"通信網路業","3062","建漢","243125","203","1198","1164","2.92%","1140","1123","1.51%","0.01","1302","3.74","N","N","N","","",
"電子零組件業","3090","日電貿","120620","136","887","818","8.44%","753","718","4.87%","4.52","994","6.57","N","N","N","","",
"電子零組件業","3092","鴻碩","6327","9","703","697","0.86%","635","705","-9.93%","-2.08","994","6.57","N","N","N","","",
"半導體業","3094","聯傑","62743","55","1141","1183","-3.55%","1097","1161","-5.51%","0.17","1998","19.23","N","N","N","","",
"數位雲端","3130","一零四","1120189","829","1351","1280","5.55%","1210","1132","6.89%","14.14","1014","8.69","N","N","N","","",
"通信網路業","3138","耀登","149304","126","1185","1293","-8.35%","986","1033","-4.55%","3.05","1302","3.74","N","N","N","","",
"光電業","3149","正達","273805","441","621","609","1.97%","535","526","1.71%","-1.45","1015","1.21","N","N","N","","",
"半導體業","3150","鈺寶-創","58401","46","1270","0","0.00%","1099","0","0.00%","0.72","1998","19.23","N","N","N","","",
"生技醫療業","3164","景岳","64900","108","601","596","0.84%","553","530","4.34%","0.66","841","3.76","N","N","N","","",
"電機機械","3167","大量","134742","172","783","640","22.34%","717","610","17.54%","1.48","864","3.85","N","N","N","","",
"光電業","3168","眾福科","144493","118","1225","1095","11.87%","1018","984","3.46%","2.93","1015","1.21","N","N","N","","",
"半導體業","3189","景碩","3943028","5356","736","680","8.24%","634","568","11.62%","0.11","1998","19.23","N","N","N","","",
"電子通路業","3209","全科","246138","214","1150","1076","6.88%","1007","960","4.90%","3.02","1070","4.70","N","N","N","","",
"電子零組件業","3229","晟鈦","118041","209","565","544","3.86%","534","488","9.43%","0.14","994","6.57","N","N","N","","",
"電腦及週邊設備業","3231","緯創","16059651","11128","1443","1338","7.85%","1253","1196","4.77%","6.11","1404","6.67","N","N","N","","",
"半導體業","3257","虹冠電","79769","63","1266","1379","-8.19%","1029","1156","-10.99%","2.45","1998","19.23","N","N","N","","",
"建材營造","3266","昇陽","110242","62","1778","1713","3.79%","1777","1701","4.47%","1.93","974","2.65","N","N","N","","",
"電子零組件業","3296","勝德","68593","100","686","666","3.00%","596","614","-2.93%","0.50","994","6.57","N","N","N","","",
"其他電子業","3305","昇貿","101609","153","664","681","-2.50%","526","498","5.62%","3.10","1429","9.28","N","N","Y","稅前淨利較去年度增加，提列員工分紅及獎金也較去年度增加，另因多位資深同仁升遷，以致統計數據之人員結構不同，造成平均數降低。","公司每年均參酌員工績效考核、工作表現及資歷，給予員工適當的調薪及升遷，員工分紅及獎金將會更適當的分配。",
"電子零組件業","3308","聯德","7035","10","704","3581","-80.34%","603","3749","-83.92%","0.99","994","6.57","N","N","N","","",
"通信網路業","3311","閎暉","232700","377","617","677","-8.86%","503","461","9.11%","0.81","1302","3.74","N","N","N","","",
"電子通路業","3312","弘憶股","64978","74","878","873","0.57%","832","810","2.72%","2.38","1070","4.70","N","N","N","","",
"電子零組件業","3321","同泰","270441","455","594","534","11.24%","551","482","14.32%","-2.15","994","6.57","N","N","N","","",
"電子零組件業","3338","泰碩","68622","66","1040","903","15.17%","909","797","14.05%","3.00","994","6.57","N","N","N","","",
"汽車工業","3346","麗清","160183","186","861","945","-8.89%","721","711","1.41%","2.36","892","5.84","N","N","N","","",
"光電業","3356","奇偶","145551","146","997","980","1.73%","936","894","4.70%","7.20","1015","1.21","N","Y","N","本公司依員工職責考核其績效及對公司之貢獻，並考量公司營運給予相應酬金。113年度本業之營收及利益較112年衰退，營業外收入大幅增加，以致113年EPS高於同業表現。但薪資平均數及中位數仍較去年增加。","本公司113年薪資水準未能大幅提升乃因本業實質績效較112年衰退。未來需更積極提升產品附加價值與技術競爭力，並加強內部營運管控等，以提升本業經營獲利能力，才可將經營成果轉化於員工薪酬與股東紅利。",
"電子零組件業","3376","新日興","1187233","1789","664","602","10.30%","577","535","7.85%","7.15","994","6.57","N","Y","N","本公司員工薪酬依員工升遷及調薪作業辦法給予合理報酬，間接人員819人，平均薪資820仟元。惟本公司作業員及外籍勞工970人，佔全體員工比重54%，致本公司薪資平均數較低。","依公司營運結果及產業景氣循環，適時提升員工薪資或調整獎酬政策。",
"通信網路業","3380","明泰","1258382","1100","1144","1132","1.06%","1132","1066","6.19%","0.40","1302","3.74","N","N","N","","",
"光電業","3406","玉晶光","705871","819","862","772","11.66%","666","610","9.18%","38.35","1015","1.21","N","Y","N","本公司之獲利主要係來自海外轉投資收益等，且因基層員工占多數，進而拉低平均薪資，並出現低於同業之狀況，惟本公司113年度之平均薪資及薪資中位數均較前一年度提升。","本公司將透過新產品之開發，創造具利基性之產品，以提升母公司個體之附加價值及獲利空間，進而提高整體員工之薪酬。",
"半導體業","3413","京鼎","528255","348","1518","1370","10.80%","1351","1280","5.55%","25.22","1998","19.23","N","Y","N","各行業薪資結構不同，細分領域的薪資水平亦有差異。 京鼎屬於半導體產業中的半導體設備製造業，毛利率與其他半導體晶圓代工或IC設計有差異，公司在半導體製造產業中維持合理且有競爭力薪酬規劃。","公司每年皆會依經營績效、市場環境及參考同業水準進行薪酬調整，以在相同產業中保持薪酬合理性及競爭力。",
"電腦及週邊設備業","3416","融程電","334453","392","853","833","2.40%","737","703","4.84%","7.04","1404","6.67","N","Y","N","本公司生產線位於台灣，製造單位員工佔總人數56.65%，其中外籍移工佔員工總人數11.08%，從事於生產組裝檢測之基層工作，對於員工平均薪資有所影響。","本公司定期檢視市場薪資水準，今年度預計調薪3%，並提升福利方案整體吸引力，以強化薪酬公平性與員工滿意度。",
"通信網路業","3419","譁裕","206400","219","942","902","4.43%","779","751","3.73%","-1.21","1302","3.74","N","N","N","","",
"電子零組件業","3432","台端","7750","10","775","726","6.75%","634","630","0.63%","-0.55","994","6.57","N","N","N","","",
"光電業","3437","榮創","457732","673","680","652","4.29%","562","549","2.37%","-0.94","1015","1.21","N","N","N","本公司員工酬勞與營運績效相連結，公司&#63886;&#64001;如有獲利，應提撥員工酬勞不低5%；主要薪酬原則為連結職責與績效及公司永續經營成果，不以短期獲利做為薪酬與績效評量唯一指標，連結股東長期價值。","無",
"半導體業","3443","創意","2110950","668","3160","3134","0.83%","2559","2598","-1.50%","25.75","1998","19.23","N","N","N","","",
"通信網路業","3447","展達","140802","115","1224","1233","-0.73%","1085","1083","0.18%","1.20","1302","3.74","N","N","Y","本公司113年度EPS較前一年度成長，惟非經理人全時員工薪資平均數較前一年度減少，係因113年度資深員工離職且薪資水位高於新進員工，致非擔任主管職務之全時員工薪資平均數較前一年度減少。","本公司每年依據營運成果及員工績效，訂定獎金、晉升及調薪，致力於持續優化員工福利。",
"半導體業","3450","聯鈞","412983","485","852","583","46.14%","627","496","26.41%","3.82","1998","19.23","N","N","N","","",
"光電業","3454","晶睿","1169207","1022","1144","1076","6.32%","1034","953","8.50%","3.42","1015","1.21","N","N","N","薪酬給付標準係以整體營運狀況為主要考量，並視部門績效指標達成率及個人績效達成率和貢獻度核定，2024年EPS雖減少2.23元，惟人數亦較2023年減少6%，加計年度平均調薪4.5%，故整體平均報酬較2023年微幅成長6%。","無",
"光電業","3481","群創","20609078","20450","1008","897","12.37%","785","724","8.43%","0.76","1015","1.21","N","N","N","","",
"電腦及週邊設備業","3494","誠研","106654","177","603","589","2.38%","453","431","5.10%","-1.08","1404","6.67","N","N","N","","",
"電子零組件業","3501","維熹","157713","225","701","557","25.85%","488","404","20.79%","6.12","994","6.57","N","N","N","","",
"光電業","3504","揚明光","580021","760","763","728","4.81%","590","569","3.69%","-2.17","1015","1.21","N","N","N","","",
"電腦及週邊設備業","3515","華擎","541164","310","1746","1624","7.51%","1527","1429","6.86%","10.54","1404","6.67","N","N","N","","",
"其他電子業","3518","柏騰","22098","25","884","898","-1.56%","877","894","-1.90%","-2.39","1429","9.28","N","N","N","","",
"電子通路業","3528","安馳","119723","133","900","1253","-28.17%","820","1105","-25.79%","4.16","1070","4.70","N","N","Y","113年度平均數900仟元較112年度1,253仟元減少，主要係因公司112年度稅後淨利109,829仟元較111年度稅後淨利373,985仟元，大幅下降70.6%，致公司112年度提列之員工酬勞總金額下降。(於次年度113年發放)","113年度稅後淨利277,449仟元較112年度增加145.84%，公司113年度提列之員工酬勞總金額增加(於114年發放)，且已於114年5月28日股東會通過修正公司章程，訂明以年度盈餘提撥一定比率為基層員工調整薪資或分配酬勞。",
"半導體業","3530","晶相光","74481","56","1330","1527","-12.90%","1107","1271","-12.90%","-1.33","1998","19.23","N","N","Y","本公司雖113年度每股盈餘為-1.33元較112年度每股盈餘為-3.7元，然因兩年度皆為虧損，故113年度未分配員工酬勞，致使113年度之員工平均薪資較112年度為低。","1.本公司2025年度薪資調幅高於企業預期調薪幅度。
2.本公司致力提升獲利狀況，以提升員工全年薪資所得。",
"半導體業","3532","台勝科","1636414","1448","1130","1087","3.96%","1083","1039","4.23%","3.35","1998","19.23","N","N","N","","",
"電子零組件業","3533","嘉澤","164175","99","1658","1899","-12.69%","1265","1578","-19.84%","82.77","994","6.57","N","N","Y","本公司112年由於辦理現金增資之員工認股，認股價差申報於所得中。因此113年EPS較前一年度成長但全時員工薪資平均數較前一年度減少。","全時員工薪資平均數若不計現金增資認股價差，113年度全時員工薪資平均數較前一年度為高。",
"光電業","3535","晶彩科","165355","169","978","909","7.59%","866","774","11.89%","0.69","1015","1.21","N","N","N","","",
"光電業","3543","州巧","250030","333","751","714","5.18%","642","609","5.42%","-1.14","1015","1.21","N","N","N","","",
"半導體業","3545","敦泰","953953","426","2239","1833","22.15%","1954","1546","26.39%","2.71","1998","19.23","N","N","N","","",
"電子零組件業","3550","聯穎","33833","38","890","863","3.13%","800","725","10.34%","-2.01","994","6.57","N","N","N","","",
"居家生活","3557","嘉威","61644","53","1163","998","16.53%","1026","876","17.12%","6.84","761","7.06","N","N","N","","",
"光電業","3563","牧德","278091","253","1099","1082","1.57%","948","946","0.21%","5.52","1015","1.21","N","N","N","","",
"光電業","3576","聯合再生","802126","1121","716","687","4.22%","608","549","10.75%","-1.31","1015","1.21","N","N","N","","",
"半導體業","3583","辛耘","725508","681","1065","999","6.61%","929","886","4.85%","11.54","1998","19.23","N","N","N","","",
"半導體業","3588","通嘉","226171","143","1582","1479","6.96%","1503","1412","6.44%","1.89","1998","19.23","N","N","N","","",
"光電業","3591","艾笛森","107023","143","748","727","2.89%","570","556","2.52%","1.00","1015","1.21","N","N","N","","",
"半導體業","3592","瑞鼎","2935474","860","3413","2556","33.53%","2612","2139","22.11%","27.67","1998","19.23","N","N","N","","",
"電子零組件業","3593","力銘","5146","8","643","612","5.07%","657","567","15.87%","-2.19","994","6.57","N","N","N","","",
"通信網路業","3596","智易","1697215","902","1882","1881","0.05%","1603","1589","0.88%","11.28","1302","3.74","N","N","N","","",
"電子零組件業","3605","宏致","456360","611","747","740","0.95%","622","583","6.69%","2.51","994","6.57","N","N","N","","",
"電子零組件業","3607","谷崧","36173","66","548","596","-8.05%","383","463","-17.28%","0.17","994","6.57","N","N","Y","113年度EPS較前一年度成長係113年貿易類收入增加所致,與台灣廠區之績效較無直接關聯;113年薪資平均數為548仟元,較112年減少48仟元,主要係部分年資及薪資較高的員工退休,使得台灣廠區整體員工平均薪資呈現下降","本公司非主管職全時員工薪資下降係因資深員工退休或離職,本公司努力撙節成本,於113年出現多年來首度獲利,公司為體恤員工,立即發放員工紅利最為犒賞員工的獎勵,本公司未來亦會持續努力經營,同時逐步提昇員工的福利",
"其他電子業","3617","碩天","441279","342","1290","1239","4.12%","1174","1097","7.02%","24.75","1429","9.28","N","Y","N","其他電子業涵蓋之公司營運模式及產品態樣存在一定程度的差異，所需之行銷及研發投入無法一致看待，故薪酬較難相比；本公司薪酬政策係依營運目標與獲利表現，考量員工職掌、技能與績效而定，每年穩健提升員工薪酬。","低於同業水準之情況係屬該類別產業差異，難以進行一致性比較，故不適用其改善措施。惟本公司每年皆依薪酬政策及營運績效進行調薪，持續穩健提升員工整體薪酬。",
"光電業","3622","洋華","143209","142","1009","967","4.34%","794","819","-3.05%","4.76","1015","1.21","N","Y","N","本公司依112年度個體財報營業淨利(本業)EPS1.94元為績效評核基礎，於113年發放員工紅利，業外損益權責非屬基層員工。
非主管全時員工扣除外勞(無獎金)，平均薪資為1,045仟元，與同業1,015千元相比，尚屬合理。","本公司之公司章程已於114年股東會修訂,員工酬勞金額中為基層員工調整薪資或分派酬勞不得低於25%。",
"電子零組件業","3645","達邁","294715","357","826","657","25.72%","743","618","20.23%","1.79","994","6.57","N","N","N","","",
"電腦及週邊設備業","3652","精聯","261633","302","866","867","-0.12%","803","761","5.52%","1.25","1404","6.67","N","N","Y","113年非主管全時員工薪資平均數由866仟元降至865仟元，減幅0.06%。係因統計期間內滿180天員工中，移工、兼職及留職停薪人員占比由112年的0.7%提升至4.5%，拉低整體薪資平均值。整體薪酬仍與經營績效保持合理連動。","針對113年結構性因素影響，本公司將持續優化人力結構，提升新進人員起薪，擴大重點人才特別調薪範圍。113年員工總薪資較112年成長約8.6%，未受移工、兼職及留停人員增加影響，顯示公司實質回饋經營成果予員工。",
"電子零組件業","3653","健策","1508202","1674","901","818","10.15%","720","640","12.50%","24.15","994","6.57","N","Y","N","針對經營成果的回饋機制，已透過分紅與年終獎金，與員工共享營運成果。整體薪酬結構涵蓋固定與變動報酬，對優秀人才具有一定吸引力。
平均薪資偏低，主要是因人力結構中，基層作業員占比較高所致。","公司已啟動薪酬優化計畫，針對偏低職類分階段進行調薪，且保障分派予基層員工之員工酬勞不低於30%，以強化整體薪酬的公平性與市場競爭力，並維持人才吸引與留任的穩定性。",
"通信網路業","3669","圓展","569969","515","1107","1011","9.50%","964","894","7.83%","2.04","1302","3.74","N","N","N","","",
"電子零組件業","3679","新至陞","45302","60","755","717","5.30%","694","654","6.12%","13.85","994","6.57","N","Y","N","本公司員工薪酬依據公司各項規章及營運狀況給予合理報酬，本年度非擔任主管職全時員工平均薪資較上年度成長；惟本公司生產線製造相關員工佔全體員工比重近5成，致本公司薪資平均數較同業低。","本公司於台灣地區因基層員工佔比較高, 和其他同業之人力資源結構不同。公司獲利表現穩定,每年持續依照員工績效表現給予相應之年度調薪, 並參考同業薪資趨勢核定薪酬.",
"半導體業","3686","達能","6550","7","936","908","3.08%","555","511","8.61%","-0.06","1998","19.23","N","N","N","","",
"通信網路業","3694","海華","226724","188","1206","1138","5.98%","1091","1028","6.13%","2.75","1302","3.74","N","N","N","","",
"電腦及週邊設備業","3701","大眾控","410423","422","973","991","-1.82%","814","828","-1.69%","0.11","1404","6.67","N","N","N","","",
"電子通路業","3702","大聯大","485696","365","1331","1408","-5.47%","1176","1290","-8.84%","4.07","1070","4.70","N","N","N","","",
"建材營造","3703","欣陸","1809446","1978","915","914","0.11%","798","824","-3.16%","1.43","974","2.65","N","N","N","","",
"通信網路業","3704","合勤控","2212370","1865","1186","1167","1.63%","1009","990","1.92%","1.41","1302","3.74","N","N","N","","",
"生技醫療業","3705","永信","1152853","1252","921","852","8.10%","807","721","11.93%","4.39","841","3.76","N","N","N","","",
"電腦及週邊設備業","3706","神達","1624614","1230","1321","1111","18.90%","1088","990","9.90%","3.28","1404","6.67","N","N","N","","",
"綠能環保","3708","上緯投控","233713","334","700","689","1.60%","555","510","8.82%","2.71","863","4.37","N","N","N","","",
"半導體業","3711","日月光投控","49925905","51163","976","929","5.06%","810","739","9.61%","7.52","1998","19.23","N","N","N","","",
"電腦及週邊設備業","3712","永崴投控","428291","351","1220","1123","8.64%","986","867","13.73%","4.56","1404","6.67","N","N","N","","",
"光電業","3714","富采","3762698","3877","971","914","6.24%","778","718","8.36%","-1.87","1015","1.21","N","N","N","","",
"電子零組件業","3715","定穎投控","9205","9","1023","1068","-4.21%","715","1027","-30.38%","3.78","994","6.57","N","N","Y","本公司公司章程規定，年度如有獲利應提撥不低於千分之一為員工酬勞，由董事會決議以股票或現金分派發放。公司薪酬政策亦明定員工薪酬包含公司經營績效獎金，視公司該年度達成之經營績效及員工個人的績效訂定。","已修訂公司章程，以保障基層員工酬勞分配並提高薪資：本公司年度如有獲利，應提撥不低於千分之一為員工酬勞（前述員工酬勞數額中，提撥不低於百分之一為基層員工分派酬勞），由董事會特別決議以股票或現金分派發放。",
"生技醫療業","3716","中化控股","1122167","1239","906","0","0.00%","772","0","0.00%","2.49","841","3.76","N","N","N","","",
"生技醫療業","4104","佳醫","202743","206","984","991","-0.71%","815","787","3.56%","4.72","841","3.76","N","N","N","","",
"生技醫療業","4106","雃博","181832","220","827","805","2.73%","692","661","4.69%","1.14","841","3.76","N","N","N","","",
"生技醫療業","4108","懷特","31662","38","833","698","19.34%","607","526","15.40%","-0.37","841","3.76","N","N","N","","",
"生技醫療業","4119","旭富","220523","253","872","850","2.59%","815","761","7.10%","4.47","841","3.76","N","N","N","","",
"生技醫療業","4133","亞諾法","54120","81","668","643","3.89%","593","560","5.89%","1.02","841","3.76","N","N","N","","",
"生技醫療業","4142","國光生","332938","475","701","639","9.70%","595","583","2.06%","-0.58","841","3.76","N","N","N","","",
"生技醫療業","4155","訊映","64631","84","769","636","20.91%","513","465","10.32%","0.66","841","3.76","N","N","N","","",
"生技醫療業","4164","承業醫","188192","203","927","1043","-11.12%","762","867","-12.11%","1.01","841","3.76","N","N","N","","",
"塑膠工業","4306","炎洲","189464","319","594","558","6.45%","541","517","4.64%","1.27","1209","-0.08","N","Y","N","炎洲集團產業橫跨膠帶製造、包裝材料通路、房產事
業、特用化學，惟員工多數屬於製造產業，且製造業
2024年本業營收與獲利皆較2023年衰退，致使炎洲全
時員工年度(薪資平均數)低於同業水準。","2025已整體檢視同仁薪資且修訂相關辦法，&#63886;&#64001;公司
如有獲&#63965;提撥之員工酬勞，其提撥員工酬勞之總額不
低於固定%作為基層員工酬勞之分配，以提升全時員工
年度薪資水準。",
"紡織纖維","4414","如興","12864","12","1072","1137","-5.72%","856","839","2.03%","0.08","758","1.55","N","N","Y","本公司檢視員工薪資水準，非主管職員工薪酬已高於市場行情，並強化獎金制度以提升留任率與工作滿意度，員工亦透過積極表現回饋公司經營成果。","公司將持續關注市場薪資趨勢，並透過年度獎酬調整機制，逐步優化非主管職員工薪資結構與留才政策。",
"紡織纖維","4426","利勤","297735","562","530","523","1.34%","485","488","-0.61%","-1.36","758","1.55","N","N","N","","",
"紡織纖維","4438","廣越","177104","202","877","869","0.92%","810","802","1.00%","3.89","758","1.55","N","N","N","","",
"紡織纖維","4440","宜新實業","78280","130","602","507","18.74%","585","467","25.27%","1.76","758","1.55","N","Y","N","113年獲利大幅成長主要原因是來自於股利收入(EPS貢獻0.7元)。
113年外勞人數占總人數比例約26.9%，致薪資平均數較低。","本公司依據巿場薪資水準，經濟趨勢及個人績效表現調薪。
另依據公司整體營運績效，個人績效及對公司的貢獻度給予相對合理的獎金報酬。
本公司113年度平均調薪幅度為3.03%。",
"電機機械","4526","東台","391383","621","630","663","-4.98%","604","646","-6.50%","-3.56","864","3.85","N","N","N","","",
"電機機械","4532","瑞智","294821","281","1049","876","19.75%","882","769","14.69%","2.02","864","3.85","N","N","N","","",
"運動休閒","4536","拓凱","178854","236","758","708","7.06%","640","566","13.07%","18.86","872","5.72","N","Y","N","公司製造端人力配置調整致平均人數下降，惟員工平均薪資與中位數均較前一年提升，雖尚低於同業，
但與主計處所公告112年度本國籍全時受僱員工全年總薪資中位數56萬元相較為高，整體尚具合理性。","持續薪資結構優化推動，同時參考外部市場調查滾動檢討薪酬政策，逐步縮小同業差距。",
"電機機械","4540","全球傳動","399239","723","552","522","5.75%","499","465","7.31%","-4.97","864","3.85","N","N","N","","",
"電子零組件業","4545","銘鈺","325255","461","706","607","16.31%","608","485","25.36%","2.37","994","6.57","N","N","N","","",
"汽車工業","4551","智伸科","68187","58","1176","1152","2.08%","987","901","9.55%","8.29","892","5.84","N","N","N","","",
"電機機械","4555","氣立","84074","160","525","502","4.58%","459","435","5.52%","-0.86","864","3.85","N","N","N","","",
"電機機械","4562","穎漢","153937","264","583","567","2.82%","524","480","9.17%","-0.45","864","3.85","N","N","N","","",
"電機機械","4564","元翎","95672","159","602","519","15.99%","578","461","25.38%","-1.74","864","3.85","N","N","N","","",
"電機機械","4566","時碩工業","224933","287","784","744","5.38%","647","620","4.35%","2.56","864","3.85","N","N","N","","",
"電機機械","4572","駐龍","191012","303","630","629","0.16%","578","573","0.87%","7.29","864","3.85","N","Y","N","1.113年營收成長係來自專案收入，且受波音品質改善及罷工影響，加班時數減少致影響平均薪資。
2.本公司因有輪班制增員不易，致聘用外籍移工而影響平均薪資。
3.公司薪酬係參酌航太同業水準，薪資平均數尚屬合理。","除等待終端客戶交機量逐漸爬升，並持續擴展新商源及新品項開發，為公司挹注更多的工作量，以提升員工薪酬，同時也會視公司獲利狀況適時予以調薪。",
"電機機械","4576","大銀微系統","479254","510","940","823","14.22%","840","730","15.07%","0.51","864","3.85","N","N","N","","",
"電機機械","4583","台灣精銳","456578","682","669","658","1.67%","584","579","0.86%","14.15","864","3.85","N","Y","N","本公司薪酬政策配合公司營運目標，並參考同業水準及個人績效貢獻訂定。惟本公司直接人工佔非主管職人員約78%，外籍移工佔直接人工約44%，拉低整體薪資平均數。","本公司秉持共創價值、利潤分享之理念，於113年5月進行大幅度調整員工薪酬，往後也將持續積極提升薪資福利制度。",
"其他電子業","4588","玖鼎電力","77785","104","748","717","4.32%","609","582","4.64%","4.22","1429","9.28","N","N","N","","",
"化學工業","4720","德淵","158012","186","850","768","10.68%","762","703","8.39%","1.50","909","2.00","N","N","N","","",
"化學工業","4722","國精化","253882","307","827","786","5.22%","775","724","7.04%","2.25","909","2.00","N","Y","N","為本公司員工薪資係依照個人學經歷及工作表現、同業薪資水準及經營結果核發，非僅考慮公司EPS獲利表現一項指標。","本公司會根據實際獲利及同業薪資水準，進行合理薪資調整。",
"生技醫療業","4736","泰博","626781","884","709","686","3.35%","565","551","2.54%","12.15","841","3.76","N","Y","N","本公司產品多樣少量，自動化程度有限，需大量熟練作業員進行組包裝與檢驗，整體人力結構作業員佔比約45.7%為主。
因作業員工作內容為標準操作流程，進用門檻低，故起薪較同業中高技術職為低，也拉低整體平均薪資。","參酌市場薪資水準及物價指數，酌予逐年調升基層員工固定薪資以符合市場水平。",
"生技醫療業","4737","華廣","555920","915","608","551","10.34%","554","490","13.06%","-2.09","841","3.76","N","N","N","","",
"化學工業","4739","康普","114848","140","820","788","4.06%","699","676","3.40%","1.44","909","2.00","N","N","N","","",
"生技醫療業","4746","台耀","815727","819","996","925","7.68%","920","860","6.98%","1.31","841","3.76","N","N","N","","",
"化學工業","4755","三福化","289425","316","916","900","1.78%","832","810","2.72%","4.10","909","2.00","N","N","N","","",
"化學工業","4764","雙鍵","104583","162","646","681","-5.14%","589","622","-5.31%","-0.44","909","2.00","N","N","Y","非主管職之全時員工年度平均薪資較前一年度減少，經內部檢視，係因外籍員工比例較去年增加，進而影響整體平均值，實際薪資結構仍屬合理。未來公司將持續依營運狀況與人力結構變化，合理調整薪酬，並兼顧市場競爭力。","隨著本公司113年營運漸入佳境，114年初亦同步調升員工薪資約3~5%。未來將持續依公司政策與營運狀況，定期檢視並適時調整薪資結構，期使薪酬制度更有效反映經營績效。",
"化學工業","4766","南寶","649809","687","946","882","7.26%","819","767","6.78%","22.26","909","2.00","N","N","N","","",
"化學工業","4770","上品","421692","438","963","904","6.53%","763","712","7.16%","21.68","909","2.00","N","N","N","","",
"生技醫療業","4771","望隼","361718","470","770","0","0.00%","646","0","0.00%","11.81","841","3.76","N","Y","N","本公司給薪標準係參酌市場水準，每年均依公司經營績效與工作表現給予調薪。
因本公司為製造業，直接人工人數佔比為全體員工之70%，領取基本工資之藍領外勞人數佔比為24%，因而導致薪資平均數低於同業水準。","本公司每年均會依公司經營績效與工作表現給予員工調薪，且於2025年將開辦員工持股信託，給予員工現金補助購買公司股票。",
"通信網路業","4904","遠傳","5574883","5085","1096","1045","4.88%","991","927","6.90%","3.56","1302","3.74","N","N","N","","",
"通信網路業","4906","正文","1154845","929","1243","1200","3.58%","1098","1050","4.57%","1.56","1302","3.74","N","N","N","","",
"電子零組件業","4915","致伸","1658163","873","1899","1627","16.72%","1660","1460","13.70%","5.61","994","6.57","N","N","N","","",
"電腦及週邊設備業","4916","事欣科","5807","9","645","644","0.16%","661","671","-1.49%","0.02","1404","6.67","N","N","N","","",
"半導體業","4919","新唐","2277077","1510","1508","1484","1.62%","1248","1239","0.73%","0.52","1998","19.23","N","N","N","","",
"電器電纜","4930","燦星網","13402","20","670","698","-4.01%","630","704","-10.51%","2.67","891","1.33","N","Y","N","1.本公司113年度營收及EPS皆較112年度下降。
2.本公司113年度因部分資深員工離職，致新進人員較多及整體平均薪資微幅下降。","本公司致力於永續經營，為吸引並留任優秀人才，已建立完善的員工福利制度，未來將持續優化具競爭力的薪酬與福利政策，營造積極正向的工作環境與企業文化，同時強化員工參與感與歸屬感，以吸引、培育及留任優秀人才。",
"光電業","4934","太極","22841","26","879","1368","-35.75%","832","1251","-33.49%","-2.07","1015","1.21","N","N","N","","",
"電腦及週邊設備業","4938","和碩","10704555","7374","1452","1346","7.88%","1235","1134","8.91%","6.34","1404","6.67","N","N","N","","",
"光電業","4942","嘉彰","226116","295","766","741","3.37%","578","535","8.04%","4.17","1015","1.21","N","Y","N","本公司113年度EPS較112年度減少3.47%，惟因法定基本工資調整，本年度平均薪資較前一年度增加。全時員工薪資平均數低於同業水準係因直接員工外籍勞工增加。","員工薪資普調3%-4%，於114年1月生效。",
"光電業","4949","有成精密","268212","361","743","0","0.00%","625","0","0.00%","-1.40","1015","1.21","N","N","N","","",
"半導體業","4952","凌通","384897","213","1807","1692","6.80%","1709","1629","4.91%","2.27","1998","19.23","N","N","N","","",
"光電業","4956","光鋐","219111","345","635","608","4.44%","546","528","3.41%","-0.21","1015","1.21","N","N","N","","",
"光電業","4960","誠美材","848914","1070","793","666","19.07%","640","653","-1.99%","-0.47","1015","1.21","N","N","N","","",
"半導體業","4961","天鈺","1334738","511","2612","2426","7.67%","2176","1946","11.82%","16.08","1998","19.23","N","N","N","","",
"半導體業","4967","十銓","321259","389","826","794","4.03%","694","653","6.28%","6.80","1998","19.23","N","N","N","","",
"半導體業","4968","立積","432208","290","1490","1465","1.71%","1266","1206","4.98%","1.73","1998","19.23","N","N","N","","",
"光電業","4976","佳凌","332150","579","574","557","3.05%","527","545","-3.30%","-0.57","1015","1.21","N","N","N","","",
"電子零組件業","4989","榮科","198769","184","1080","948","13.92%","1035","922","12.26%","-2.22","994","6.57","N","N","N","","",
"資訊服務業","4994","傳奇","264076","284","930","841","10.58%","837","743","12.65%","4.78","1064","3.99","N","Y","N","本公司在113年本薪部份，係參考主計總處資料的實質薪資增幅3.12%後，於非主管調幅3%，再加上因獲利良好(為112年的2.03倍)，因此員酬金額提高為112年的2.22倍，因此亦符合經營績效與員工薪酬之關聯與合理性。","本公司經營績效與員工薪酬以高度關聯，雖未及同業標準，故會持續努力",
"電子零組件業","4999","鑫禾","184785","268","689","616","11.85%","601","505","19.01%","0.97","994","6.57","N","N","N","","",
"鋼鐵工業","5007","三星","1032551","1416","729","702","3.85%","688","662","3.93%","3.58","1016","0.69","N","Y","N","本公司員工薪資比照扣件同業水準，而獎金是
依年度稅前盈餘(經營績效)以固定比例提列並
依個人考績分發；另上市鋼鐵業再細分為扣件
業(如春雨、聚亨、豐達科技)來做比較，則本
公司員工薪酬應於合理範圍內。","本公司將持續檢視市場趨勢與扣件同業水準，並依據經營績效、組織發展需求與人力資源策略，適時調整薪酬結構，以確保具備市場競爭力，並吸引及留任優秀人才。",
"資訊服務業","5203","訊連","657889","416","1581","1533","3.13%","1264","1236","2.27%","3.98","1064","3.99","N","N","N","本公司因業務發展113年度人數較112年度增加8% ，尤以基層研發人員為主要招募及培訓人力，因此任職未滿一年比重高而影響整體員工平均工資，排除此原因本公司平均薪資皆每年有持續而穩定的成長。","無",
"半導體業","5222","全訊","204891","266","770","797","-3.39%","686","701","-2.14%","4.84","1998","19.23","N","N","N","","",
"光電業","5234","達興材料","633385","408","1552","1507","2.99%","1200","1144","4.90%","5.56","1015","1.21","N","N","N","","",
"光電業","5244","弘凱","34954","26","1344","1296","3.70%","1114","1073","3.82%","2.46","1015","1.21","N","N","N","","",
"電腦及週邊設備業","5258","虹堡","377138","493","765","766","-0.13%","601","562","6.94%","6.35","1404","6.67","N","N","N","","",
"半導體業","5269","祥碩","888301","288","3084","2621","17.67%","2486","2054","21.03%","51.57","1998","19.23","N","N","N","","",
"電器電纜","5283","禾聯碩","485856","697","697","663","5.13%","643","605","6.28%","6.40","891","1.33","N","Y","N","公司113年平均員工薪酬較112年增加，惟仍低於同業平均薪酬係公司以產線作業員及基層員工、行政、助理等佔較多數，致影響薪酬水準。","隨著員工平均年資增加、效率將隨之提高，員工薪酬將依績效表現等給予合理報酬，往後亦將依營運狀況，合理調整薪酬。",
"半導體業","5285","界霖","150378","273","551","535","2.99%","507","490","3.47%","2.52","1998","19.23","N","N","N","","",
"綠能環保","5292","華懋","138847","178","780","758","2.90%","714","675","5.78%","9.86","863","4.37","N","Y","N","員工薪酬包含基本固定薪資、紅利及年終獎金等，其中紅利及年終獎金配合公司整體營運目標，並依據同仁所擔任職務及個人績效表現、目標達成率、貢獻之價值給予合理報酬。","公司將持續關注人力資源相關議題，並依營運狀況、整體薪酬政策及產業趨勢，審慎評估相關作法，以符合公司長期發展需求。",
"運動休閒","5306","桂盟","21304","30","710","889","-20.14%","609","764","-20.29%","7.27","872","5.72","N","Y","Y","1.本公司因資深員工離職，故使EPS雖較前一年度成長，但整體員工平均薪資略為下降所致。
2.薪資中位數為609千元，優於主計處公布112年度全國中位數560千元達8.75%。","1.本公司配合公司營運目標及公司章程內訂員工酬勞政策，每年度依經營狀況調整員工薪酬。",
"通信網路業","5388","中磊","1930978","1782","1084","1023","5.96%","767","657","16.74%","7.74","1302","3.74","N","Y","N","本公司雖2024年前三季營收略減，仍透過調整產品組合、提升高附加價值產品，預期全年獲利將優於營收成長。因生產集中台灣，直接人工比例高，致平均薪資低於同業。","薪酬評量乃基於公司營收獲利輔以員工職能及績效達成，我司將持續依當地就業市場薪資水準每年對比調整以確保市場競爭力，並結合職能和績效為基礎的薪資結構，提升薪酬制度之合理性。",
"電子通路業","5434","崇越","820674","430","1909","1711","11.57%","1528","1289","18.54%","19.29","1070","4.70","N","N","N","依本公司「員工薪酬暨福利管理辦法」，考量公司整體營運績效、產業未來發展及風險，並參考個人績效達成率及貢獻度，以達報酬之合理與公平性；隨時視經營狀況及相關法令而檢討，期能達公司永續經營與風險控管之目的。","無此情事。",
"電子零組件業","5469","瀚宇博","706510","766","922","861","7.08%","786","730","7.67%","5.91","994","6.57","N","N","N","","",
"半導體業","5471","松翰","489672","314","1559","1483","5.12%","1469","1396","5.23%","1.07","1998","19.23","N","N","N","","",
"光電業","5484","慧友","83860","115","729","653","11.64%","673","582","15.64%","-0.90","1015","1.21","N","N","N","","",
"建材營造","5515","建國","341390","355","962","926","3.89%","819","780","5.00%","2.91","974","2.65","N","Y","N","本公司113年度EPS優於營建同業，係業內業外共同努力之成果，並已反映於相應員工之獎酬；另，113年度外籍移工及新進員工占計算人數比為43.7%，因獎金係依據在職比例計算，故影響整體平均薪資。","公司將持續關注營建同業薪酬變化，掌握市場趨勢與水準，保持優於市場平均水平以上之競爭力，並適時將營運成果反映於獎酬制度，強化員工向心力，落實與員工共享公司成長成果之理念。",
"建材營造","5519","隆大","107020","89","1202","1138","5.62%","1148","1088","5.51%","3.90","974","2.65","N","N","N","","",
"建材營造","5521","工信","391796","645","607","557","8.98%","459","417","10.07%","0.02","974","2.65","N","N","N","","",
"建材營造","5522","遠雄","231527","156","1484","1457","1.85%","1341","1347","-0.45%","4.32","974","2.65","N","N","N","","",
"建材營造","5525","順天","67540","50","1351","1461","-7.53%","1214","1261","-3.73%","2.06","974","2.65","N","N","N","","",
"建材營造","5531","鄉林","89574","128","700","718","-2.51%","574","614","-6.51%","-0.12","974","2.65","N","N","Y","公司經營績效與當年度完工入帳個案數有關，113年度因有完工入帳個案，故EPS較高，且因組織結構調整，新增多位基層技術及行政支援人力，起薪水準相對較低，因此平均薪資造成下降。","公司經營績效與員工薪酬息息相關，將視營運狀況調整員工薪資並透過多項員工福利措施回饋予員工。",
"建材營造","5533","皇鼎","25685","29","886","851","4.11%","822","829","-0.84%","1.48","974","2.65","N","N","N","","",
"建材營造","5534","長虹","49192","39","1261","1127","11.89%","1221","1127","8.34%","7.85","974","2.65","N","N","N","","",
"航運業","5607","遠雄港","559433","600","932","895","4.13%","868","831","4.45%","1.97","1566","8.85","N","N","N","","",
"航運業","5608","四維航","73974","75","986","1008","-2.18%","875","924","-5.30%","-0.69","1566","8.85","N","N","Y","1.本公司連續兩年虧損，減少發放非經常性薪資之獎金
2.113年多數退休、離職人員薪資相較新進人員薪資高，間接影響非經常性薪資總額減少，造成員工薪資平均數下降","本公司每年度參考物價指數及員工績效考核提升員工薪資，並於公司章程明訂公司如有獲利應提撥員工酬勞分派予基層員工",
"觀光餐旅","5706","鳳凰","53751","89","604","867","-30.33%","583","615","-5.20%","3.75","678","2.78","N","Y","Y","因本期公司內部組織調整，新增員工主要係薪資偏低之基層員工所致。","於公司章程中訂明，以年度盈餘提撥一定比率為基層員工分派員工酬勞，以提升基層員工薪酬。",
"金融保險業","5876","上海商銀","3657995","2523","1450","1390","4.32%","1321","1260","4.84%","2.78","1525","2.64","N","Y","N","本行EPS雖較前期下降，但員工薪資平均數仍持續提升，本行秉持薪資穩健成長政策，員工薪酬未因景氣波動而受影響。","本行已獲董事會核准持續辦理全行年度調薪，持續落實照護員工、回饋股東之企業社會責任。",
"金融保險業","5880","合庫金","12911490","8419","1534","1376","11.48%","1452","1290","12.56%","1.26","1525","2.64","N","N","N","本公司依據公司章程第三十五條之一規定，按當年度獲利狀況提撥萬分之一至萬分之八為員工酬勞，及訂定「經營績效獎金及員工酬勞提撥準則」，將經營績效與成果，反映於員工薪酬中。","&#12644;",
"金融保險業","6005","群益證","2234839","1675","1334","996","33.94%","1036","773","34.02%","2.25","1525","2.64","N","N","N","","",
"金融保險業","6024","群益期","397341","252","1577","1333","18.30%","1207","1022","18.10%","5.66","1525","2.64","N","N","N","","",
"電子零組件業","6108","競國","203313","370","549","498","10.24%","499","463","7.78%","0.93","994","6.57","N","N","N","","",
"資訊服務業","6112","邁達特","568580","517","1100","1067","3.09%","878","867","1.27%","0.60","1064","3.99","N","N","N","","",
"電子零組件業","6115","鎰勝","96356","111","868","699","24.18%","690","551","25.23%","3.63","994","6.57","N","N","N","","",
"光電業","6116","彩晶","2021125","2312","874","832","5.05%","762","724","5.25%","-1.86","1015","1.21","N","N","N","","",
"電腦及週邊設備業","6117","迎廣","523090","745","702","669","4.93%","569","542","4.98%","4.12","1404","6.67","N","N","N","","",
"光電業","6120","達運","567783","516","1100","1082","1.66%","957","979","-2.25%","0.28","1015","1.21","N","N","N","","",
"電腦及週邊設備業","6128","上福","269596","431","626","563","11.19%","549","463","18.57%","2.88","1404","6.67","N","N","N","","",
"電子零組件業","6133","金橋","23799","31","768","670","14.63%","652","556","17.27%","0.65","994","6.57","N","N","N","","",
"通信網路業","6136","富爾特","44624","58","769","776","-0.90%","741","724","2.35%","0.90","1302","3.74","N","N","N","","",
"其他電子業","6139","亞翔","447590","467","958","1042","-8.06%","880","762","15.49%","18.73","1429","9.28","N","Y","Y","公司EPS成長,亦有執行薪調,故員工薪資中位數亦較去年成長，惟因組織營運需求,員工人數增加,且有新舊世代交替及人員流動率高等因素,致年度新進人員較多, 增補員工為年資較短之基層同仁，致薪資平均數略為降低。","依據績效考核設定績效目標，將考核結果做為晉升調薪核發獎金及酬勞發放之依據，透過經營績效及公司章程，依獲利提撥3%~5%作為員工酬勞與員工考核相連結，考量年資與年度績效分配予同仁，以激勵同仁為公司目標努力。",
"電子零組件業","6141","柏承","215206","387","556","558","-0.36%","485","478","1.46%","-8.05","994","6.57","N","N","N","","",
"通信網路業","6142","友勁","289969","422","687","582","18.04%","517","422","22.51%","-0.50","1302","3.74","N","N","N","","",
"通信網路業","6152","百一","141138","134","1053","1014","3.85%","946","865","9.36%","-0.23","1302","3.74","N","N","N","","",
"電子零組件業","6153","嘉聯益","928791","1481","627","652","-3.83%","562","558","0.72%","-4.41","994","6.57","N","N","Y","113年「薪資平均數」較112年度下降，主因新人進用比例提高，使平均數產生短期變動，並非整體調薪倒退。另，113年「薪資中位數」較112年度上升，可看出隨著113年度虧損減少，本公司仍有針對員工進行調薪。","本公司將持續優化並定期檢討人力資源配置與薪酬制度，並依年度營運表現適當調整員工薪資，以期符合與經營績效之關聯性與合理性。",
"電子零組件業","6155","鈞寶","106268","192","553","494","11.94%","498","450","10.67%","0.97","994","6.57","N","N","N","","",
"光電業","6164","華興","23850","33","723","682","6.01%","709","691","2.60%","0.47","1015","1.21","N","N","N","","",
"數位雲端","6165","浪凡","6817","8","852","756","12.70%","651","553","17.72%","1.04","1014","8.69","N","N","N","","",
"電腦及週邊設備業","6166","凌華","1156213","1059","1092","1089","0.28%","954","963","-0.93%","0.23","1404","6.67","N","N","N","","",
"光電業","6168","宏齊","371626","485","766","710","7.89%","647","607","6.59%","0.03","1015","1.21","N","N","N","","",
"光電業","6176","瑞儀","1333796","856","1558","1214","28.34%","1129","960","17.60%","15.63","1015","1.21","N","N","N","","",
"建材營造","6177","達麗","61092","63","970","776","25.00%","817","706","15.72%","5.01","974","2.65","N","Y","N","113年建案完工認列收入，EPS創近年新高，EPS較同業為佳，薪資平均數卻低於同業，113年已進行結構調薪。","每年底進行市場、同業薪資調查，持續優化薪酬褔利措施。",
"資訊服務業","6183","關貿","771750","601","1284","1219","5.33%","1191","1114","6.91%","3.40","1064","3.99","N","N","N","公司依據股東會及董事會決議之內容辦理員工酬勞和年終獎金發放之比例和月份數，再依據公司整體營業績效及個人績效結果進行酬勞及獎金發放。","無。",
"其他","6184","大豐電","51089","73","700","661","5.90%","607","574","5.75%","3.59","969","3.42","N","Y","N","1.本公司薪資報酬政策係依工作職掌、學經歷及專業能力等因素訂定，考量財務性績效及非財務性績效，並視市場薪資水準、經濟趨勢調整。
2.113年度非擔任主管職務之員工薪資平均數與中位數皆較112年度成長近6%。","1.公司依營運績效持續推動調薪與獎金制度，獎勵績優員工並完善薪資結構，以提升競爭力及留才效益；
2.針對基層同仁設立到職滿1年及2年調薪機制(依公司規定保障薪資達一定標準)，強化員工認同感與穩定性。",
"電子通路業","6189","豐藝","269981","204","1323","1108","19.40%","1081","909","18.92%","6.46","1070","4.70","N","N","N","","",
"電子零組件業","6191","精成科","131737","62","2125","2094","1.48%","1686","1714","-1.63%","6.01","994","6.57","N","N","N","","",
"其他電子業","6192","巨路","559617","456","1227","1148","6.88%","1109","1043","6.33%","10.48","1429","9.28","N","Y","N","本公司屬其他電子產業別，此類別之上市公司產業多樣，強行比較並無實質意義。本公司每年均隨營運績效進行調薪，113年非擔任主管職務之全時員工薪資平均數及中位數均較112年成長，並無不合理之處。","除每年依據營運績效為員工進行調薪外，另將於年度盈餘中提撥一定比率為基層員工酬勞。",
"其他電子業","6196","帆宣","1238535","760","1630","1633","-0.18%","1269","1275","-0.47%","8.94","1429","9.28","N","N","N","","",
"電子零組件業","6197","佳必琪","284610","266","1070","932","14.81%","860","763","12.71%","8.69","994","6.57","N","N","N","","",
"其他電子業","6201","亞弘電","267847","393","682","654","4.28%","601","608","-1.15%","4.68","1429","9.28","N","N","N","","",
"半導體業","6202","盛群","468688","377","1243","1185","4.89%","1149","1100","4.45%","-0.66","1998","19.23","N","N","N","","",
"電子零組件業","6205","詮欣","131411","165","796","739","7.71%","659","539","22.26%","2.65","994","6.57","N","N","N","","",
"電腦及週邊設備業","6206","飛捷","375941","393","957","841","13.79%","756","671","12.67%","6.93","1404","6.67","N","Y","N","1.本公司為POS專業設計製造商，工廠直接作業人員人數大於四成人力。 
2.近二成人力為外籍員工，致員工平均薪資略低於同業水準。","1.於114年股東會修改章程，明定本公司年度如有獲利，應提3%~15%為員工酬勞(員工酬勞中應提撥不低於10%予基層員工)。
2.本公司提供員工多項非薪酬福利，包括教育訓練、優於法令之員工健檢、員工旅遊、持股信託..等。",
"光電業","6209","今國光","362134","718","504","504","0.00%","464","459","1.09%","-0.75","1015","1.21","N","N","N","","",
"電子零組件業","6213","聯茂","283725","365","777","661","17.55%","604","572","5.59%","2.26","994","6.57","N","N","N","","",
"資訊服務業","6214","精誠","2107889","2070","1018","1006","1.19%","814","822","-0.97%","7.66","1064","3.99","N","Y","N","本公司提供多元資訊服務超過4萬家企業/機構客戶，營運約2千名以上人力結構相比同業多元且總體基層人數較多、另113年任職未滿一年比重高且主要為基層軟體技術人力，故影響整體均薪，但平均薪資每年持續成長。","本公司持續提升績效管理及獎酬制度，定期檢視部門績效與個人績效貢獻給予獎酬；另114年2月起實施「員工持股信託」制度，讓參加之員工可以共享公司經營成果。",
"其他電子業","6215","和椿","147337","137","1075","837","28.43%","940","743","26.51%","2.11","1429","9.28","N","N","N","","",
"通信網路業","6216","居易","207626","196","1059","1078","-1.76%","882","952","-7.35%","2.88","1302","3.74","N","N","Y","本公司員工的酬金包括薪資、獎金、員工酬勞等，獎金包含年節及盈餘獎金，員工酬勞為公司獲利分派之員工酬勞，故經營績效直接影響酬金之發放。","113年晉升4位員工為經理人導致非經理人之全時員工薪資平均數有些許異動，若計入4位經理人後之平均薪資約為1091仟元，該變動因素調整後並未達到說明指標。另113年EPS成長，其獲利分派之員工酬勞會遞延到114年發放。",
"電子零組件業","6224","聚鼎","190334","212","898","831","8.06%","774","696","11.21%","2.23","994","6.57","N","N","N","","",
"光電業","6225","天瀚","2466","4","617","763","-19.14%","755","763","-1.05%","-0.07","1015","1.21","N","N","N","","",
"光電業","6226","光鼎","29741","35","850","765","11.11%","716","616","16.23%","-0.44","1015","1.21","N","N","N","","",
"電腦及週邊設備業","6230","尼得科超眾","311398","359","867","867","0.00%","742","713","4.07%","1.48","1404","6.67","N","N","N","","",
"電腦及週邊設備業","6235","華孚","36766","37","994","997","-0.30%","911","735","23.95%","3.06","1404","6.67","N","N","N","","",
"半導體業","6239","力成","9554794","10995","869","804","8.08%","689","635","8.50%","9.09","1998","19.23","N","N","N","","",
"半導體業","6243","迅杰","99864","66","1513","1489","1.61%","1355","1337","1.35%","1.12","1998","19.23","N","N","N","","",
"半導體業","6257","矽格","1875052","2186","858","770","11.43%","682","634","7.57%","5.89","1998","19.23","N","N","N","","",
"電子零組件業","6269","台郡","1283173","1980","648","647","0.15%","549","570","-3.68%","-2.56","994","6.57","N","N","N","","",
"半導體業","6271","同欣電","2024434","2246","901","948","-4.96%","765","674","13.50%","8.20","1998","19.23","N","N","Y","112年度公司因進行組織人力精簡而增加資遣費，造成112年薪資平均數異常偏高，但113年度並無此情形。相較之下113年度薪資平均數則較低。","公司將持續依營運成果及員工績效表現，規劃具競爭力的薪福措施以留用優秀人才。",
"電腦及週邊設備業","6277","宏正","736835","655","1125","1115","0.90%","954","948","0.63%","4.14","1404","6.67","N","N","N","","",
"光電業","6278","台表科","540609","779","694","655","5.95%","544","514","5.84%","9.94","1015","1.21","N","Y","N","本公司非擔任主管職員工薪資低於同業，主因本公司在產業鏈中屬製造生產端，產線作業員比例大於同業，在人力結構不同的情況下，非經理人之全時員工薪資低於同業。","公司獲利主要來自中國廠區，臺灣廠區的獲利排除轉投資利益於113年度EPS約3.76，另臺灣廠區預計於2025年7月調薪以提升非經理人之薪資。",
"電子通路業","6281","全國電","1215099","1607","756","765","-1.18%","687","708","-2.97%","4.51","1070","4.70","N","N","N","","",
"電子零組件業","6282","康舒","1620498","1486","1091","1065","2.44%","895","864","3.59%","-0.04","994","6.57","N","N","N","","",
"其他電子業","6283","淳安","18476","19","972","941","3.29%","952","983","-3.15%","0.77","1429","9.28","N","N","N","","",
"通信網路業","6285","啟碁","6791704","5669","1198","1170","2.39%","885","702","26.07%","7.26","1302","3.74","N","Y","N","啟碁係一製造公司，且產品在台製造比重高，故工廠直接人員人數多，進而影響整體非主管職員工之年度平均薪資數。
另，通信網路業中，公司行業存有差異 (如服務業或製造業等)，故各公司之薪資結構比較基礎不盡相同。","本公司將定期依據物價水準、巿場供需、同業薪資標準與法令要求等相關因素調整薪資水準，以提供員工合理之薪酬並留任優秀人才；同時兼顧股東權益，維持公司長期穩定發展。",
"汽車工業","6288","聯嘉","539951","634","852","813","4.80%","576","526","9.51%","0.42","892","5.84","N","N","N","","",
"光電業","6405","悅城","61869","111","557","537","3.72%","459","469","-2.13%","-0.75","1015","1.21","N","N","N","","",
"其他電子業","6409","旭隼","211501","182","1162","1294","-10.20%","832","880","-5.45%","48.13","1429","9.28","N","Y","Y","本公司屬其他電子產業別，該產業上市公司產業多樣且具人力結構差異，難一致性比較；113年度整體薪酬水準較過往年度皆增加，屬合理範圍。","本公司每年均進行年度調薪，並依公司營運績效核發獎金與員工酬勞",
"電子零組件業","6412","群電","1474480","781","1888","1830","3.17%","1691","1626","4.00%","8.34","994","6.57","N","N","N","","",
"電腦及週邊設備業","6414","樺漢","247732","171","1449","1347","7.57%","1256","1136","10.56%","20.03","1404","6.67","N","N","N","","",
"通信網路業","6416","瑞祺電通","186460","249","749","723","3.60%","640","630","1.59%","4.50","1302","3.74","N","Y","N","同業產業型態各異，人力架構與薪資結構之比較基礎不同，本公司每年視經營狀況與個人績效進行員工薪資調整及獎金與員酬發放，本公司113年平均薪資高於112年度，113年度獲利成果已反應於員工113年薪資。","公司將持續提升獲利，以提高員工薪資。",
"半導體業","6423","億而得-創","68601","55","1247","0","0.00%","1160","0","0.00%","0.98","1998","19.23","N","N","N","","",
"通信網路業","6426","統新","136247","215","634","620","2.26%","566","548","3.28%","-3.58","1302","3.74","N","N","N","","",
"其他電子業","6438","迅得","535222","584","916","867","5.65%","948","926","2.38%","7.63","1429","9.28","N","N","N","","",
"通信網路業","6442","光聖","405209","390","1039","673","54.38%","706","529","33.46%","14.30","1302","3.74","N","Y","N","公司獲利表現較同業佳，顯示營運效率高且成本管控良好。惟薪酬略低於同業，係因銷售產品組合及生產人力配置不同。為因應公司經營及外部市場環境變化快速，以穩健經營控管成本為優先。","考量人力資本為長期競爭力基礎，檢討並調整非主管員工薪資，配合基本工資之調整，強化獎酬制度，落實績效與薪資之連動，經營成果與同仁薪酬共享，適度調整同仁薪酬之水準，以符合利害關係人之期許。",
"光電業","6443","元晶","871841","1483","588","561","4.81%","491","476","3.15%","-1.17","1015","1.21","N","N","N","","",
"生技醫療業","6446","藥華藥","362962","305","1190","1180","0.85%","936","918","1.96%","8.96","841","3.76","N","N","N","","",
"電子零組件業","6449","鈺邦","152625","120","1272","1096","16.06%","943","788","19.67%","6.08","994","6.57","N","N","N","","",
"其他","6464","台數科","24584","41","600","588","2.04%","565","527","7.21%","6.97","969","3.42","N","Y","N","本公司合併報表之編製範圍較同業更為廣泛，獲利表現相對較佳。隨著企業營運績效穩定成長，非擔任主管職務之全時員工薪資平均數亦逐年提升，展現本公司對人力資源的重視。","本公司透過不定期調薪機制，逐步提升全時員工的薪資水準。同時，亦將定期檢視並強化現行福利制度，全面優化具市場競爭力之薪酬架構，進而強化員工留任意願與招募吸引力。",
"生技醫療業","6472","保瑞","118156","145","815","768","6.12%","556","538","3.35%","38.69","841","3.76","N","Y","N","本公司113年度海外併購及轉投資績效亮眼，故合併報表EPS高於市場平均，母公司人數僅佔集團人數9.7%，其中廠區人數又佔74.3%，公司113年平均薪資及中位數穩定成長，本公司持續以員工績效及薪資市場價值設定合理關聯性","本公司將持續以經營績效、員工個人表現及薪資市場價值為依據調整薪資結構及獎金制度",
"光電業","6477","安集","75765","136","557","526","5.89%","505","480","5.21%","-0.67","1015","1.21","N","N","N","","",
"生技醫療業","6491","晶碩","1538339","1640","938","889","5.51%","822","774","6.20%","23.47","841","3.76","N","N","N","","",
"其他","6504","南六","151726","252","602","601","0.17%","512","523","-2.10%","1.39","969","3.42","N","N","N","","",
"油電燃氣業","6505","台塑化","7292853","5022","1452","1435","1.18%","1348","1323","1.89%","0.63","1276","0.83","N","N","N","","",
"半導體業","6515","穎崴","836222","741","1129","1081","4.44%","915","798","14.66%","34.31","1998","19.23","N","Y","N","半導體產業含晶圓代工、IC設計、治具製造...等，細分領域的成本結構與員工組成差異極大，平均薪資不盡具可比較性。","公司會依經營狀況並參考業界的薪酬結構水準進行調整，持續提升員工薪酬福利(如限制員工權利新股、持股信託、結構性調薪等)，以確保薪酬具有市場競爭力，吸引及留任人才。",
"半導體業","6526","達發","2763719","774","3571","2804","27.35%","3049","2347","29.91%","16.10","1998","19.23","N","N","N","","",
"半導體業","6531","愛普*","324796","163","1993","2008","-0.75%","1523","1573","-3.18%","9.73","1998","19.23","N","N","Y","係疫情後考量公司未來營運擴充之需求所提出之非經常性徵、留才方案，如若扣除該方案之影響金額，則113年非擔任主管職務之全時員工薪資平均數較112年增加。","持續檢視薪酬合理性。",
"半導體業","6533","晶心科","859352","374","2298","2269","1.28%","1917","1916","0.05%","0.04","1998","19.23","N","N","N","","",
"生技醫療業","6534","正瀚-創","169191","135","1253","1341","-6.56%","744","720","3.33%","4.63","841","3.76","N","N","N","","",
"半導體業","6552","易華電","293427","552","532","490","8.57%","499","460","8.48%","0.16","1998","19.23","N","N","N","","",
"其他電子業","6558","興能高","43257","46","940","916","2.62%","810","772","4.92%","0.10","1429","9.28","N","N","N","","",
"電腦及週邊設備業","6579","研揚","501228","494","1015","1053","-3.61%","905","891","1.57%","7.72","1404","6.67","N","Y","N","公司員工薪資含薪資、獎金及員工酬勞。員工酬勞以公司獲利提撥為基礎，依公司章程-年度獲利應提撥不低於5%。本公司112年擬提撥7.85%，113年擬提撥7.29%。且直接人員佔相當比例，故單純以平均薪資易有所偏差。","本公司將提撥員工酬勞不低於20%的比例給基層員工。",
"綠能環保","6581","鋼聯","103313","99","1044","928","12.50%","1003","893","12.32%","7.47","863","4.37","N","N","N","","",
"橡膠工業","6582","申豐","99018","154","643","676","-4.88%","558","614","-9.12%","0.99","761","1.40","N","N","Y","本公司113年獲利原因主要為業外股利收入挹注，營收雖成長但本業仍處於虧損狀態。本年度薪資平均數略為降低，係因部分資深員工退休，增補員工為年資較短之基層同仁及本業虧損獎金較前一年度減少。","本公司將持續加強公司競爭力以改善獲利表現，依公司薪資政策、衡量同業水準及營運績效調整薪資結構，並依員工績效評核結果及公司營運成果配發獎金，在永續經營下持續優化同仁薪資水準。",
"其他","6585","鼎基","516940","605","854","759","12.52%","771","703","9.67%","10.44","969","3.42","N","Y","N","本公司每年依據營運獲利狀況及個人績效發放獎金及調整薪資，亦考量薪資外部競爭力及內部公平性進行系統性調整，以達到與員工分享利潤及提升人力資源之目的。","本公司將持續優化並定期檢視人力資源配置及薪酬制度，並依年度營運成果適時調整員工薪資，以期符合薪酬政策與經營績效之關聯性，達到公平與激勵並重之目標。",
"其他","6592","和潤企業","1396214","1079","1294","1348","-4.01%","977","1068","-8.52%","4.44","969","3.42","N","N","N","","",
"汽車工業","6605","帝寶","2349154","2934","801","664","20.63%","751","601","24.96%","18.98","892","5.84","N","Y","N","公司人力結構直接員工數佔總人數之六成，其中外籍員工數佔直接員工數約四成，因此影響整體薪資平均水準。","113年持續調薪及紅利獎金增加，較112年平均薪資達19.9%，後續仍將依營運及業界用人水準，合理提升薪酬福利。",
"電機機械","6606","建德工業","46436","78","595","629","-5.41%","579","618","-6.31%","0.92","864","3.85","N","N","N","","",
"其他","6625","必應","314563","270","1165","1149","1.39%","945","949","-0.42%","5.84","969","3.42","N","N","N","","",
"生技醫療業","6645","金萬林-創","85280","111","768","765","0.39%","642","643","-0.16%","-3.02","841","3.76","N","N","N","","",
"其他","6655","科定","432429","578","748","705","6.10%","667","645","3.41%","4.93","969","3.42","N","Y","N","本公司因產業組成多元，行業特性差異較大。113年非主管職員工平均月薪為62,333元，年增約6%，優於主計處公布之全體受僱員工平均薪資60,984元，超出約2.2%。","本公司為激勵員工、留任優秀人才，每年定期檢視調整薪資，以確保薪酬水準具市場競爭力，並秉持「公司獲利與同仁分享」理念、以良性循環共享成果。",
"生技醫療業","6657","華安","14127","17","831","792","4.92%","788","835","-5.63%","-3.03","841","3.76","N","N","N","","",
"其他電子業","6658","聯策","62139","91","683","675","1.19%","615","606","1.49%","1.09","1429","9.28","N","N","N","","",
"光電業","6668","中揚光","158928","220","722","668","8.08%","639","531","20.34%","-1.85","1015","1.21","N","N","N","","",
"電腦及週邊設備業","6669","緯穎","4358339","4210","1035","1291","-19.83%","774","910","-14.95%","126.57","1404","6.67","N","Y","Y","113年公司人力結構直接員工占比達62%，又因應生產需求增加，直接員工人數較前一年增加超過86%，因此整體薪資平均數較前一年減少。","公司自2025/5/1將製造與研發業務專業分工，藉由組織重整，提升公司營運的彈性與效率。同時，將持續關注同業薪酬趨勢，作為制定具市場競爭力薪酬政策之參考依據。",
"運動休閒","6670","復盛應用","810948","903","898","890","0.90%","744","714","4.20%","28.17","872","5.72","N","N","N","","",
"通信網路業","6674","鋐寶科技","75157","90","835","833","0.24%","703","702","0.14%","-2.46","1302","3.74","N","N","N","","",
"數位雲端","6689","伊雲谷","276130","332","832","1005","-17.21%","656","805","-18.51%","2.26","1014","8.69","N","N","N","","",
"其他電子業","6691","洋基工程","711310","480","1482","1468","0.95%","1139","1180","-3.47%","19.36","1429","9.28","N","N","N","","",
"半導體業","6695","芯鼎","262494","158","1661","1616","2.78%","1561","1517","2.90%","-0.41","1998","19.23","N","N","N","","",
"其他電子業","6698","旭暉應材","81397","151","539","575","-6.26%","466","492","-5.28%","-0.96","1429","9.28","N","N","Y","人力結構上聘用較多外籍勞工擔任直接人員所致。","1.外籍勞工聘用銳減。
2.公司目前虧損，但仍有微幅調整員工薪酬。",
"光電業","6706","惠特","287004","372","772","764","1.05%","657","626","4.95%","-4.29","1015","1.21","N","N","N","","",
"電子零組件業","6715","嘉基","90735","86","1055","1042","1.25%","924","952","-2.94%","5.26","994","6.57","N","N","N","","",
"半導體業","6719","力智","408519","276","1480","1265","17.00%","1282","1135","12.95%","2.42","1998","19.23","N","N","N","","",
"光電業","6742","澤米","137213","210","653","666","-1.95%","571","581","-1.72%","0.30","1015","1.21","N","N","N","","",
"其他電子業","6743","安普新","131245","121","1085","976","11.17%","969","867","11.76%","2.10","1429","9.28","N","N","N","","",
"航運業","6753","龍德造船","620924","746","832","739","12.58%","719","639","12.52%","6.25","1566","8.85","N","N","N","","",
"居家生活","6754","匯僑設計","310833","261","1191","1036","14.96%","940","887","5.98%","6.40","761","7.06","N","N","N","","",
"半導體業","6756","威鋒電子","366285","181","2024","2054","-1.46%","1743","1661","4.94%","2.26","1998","19.23","N","N","N","本公司依公司章程規定，年度如有獲利，應提撥不低於5%為員工酬勞，故公司經營績效對員工獎勵有正向影響，以期達到企業留才並激勵員工與企業共同成長。","NA",
"航運業","6757","台灣虎航","1563658","737","2122","1683","26.08%","1475","1096","34.58%","6.16","1566","8.85","N","N","N","","",
"半導體業","6770","力積電","10367723","8330","1245","1097","13.49%","1181","1045","13.01%","-1.64","1998","19.23","N","N","N","","",
"綠能環保","6771","平和環保-創","39160","64","612","0","0.00%","573","0","0.00%","3.89","863","4.37","N","N","N","","",
"電子通路業","6776","展碁國際","321447","301","1068","1075","-0.65%","924","913","1.20%","4.11","1070","4.70","N","N","N","","",
"生技醫療業","6782","視陽","155500","110","1414","1166","21.27%","1167","973","19.94%","10.10","841","3.76","N","N","N","","",
"半導體業","6789","采鈺","1704218","1442","1182","1230","-3.90%","1015","1019","-0.39%","5.49","1998","19.23","N","N","Y","相較2023年，2024年新進人力中無經驗人員比例提升12%，招募策略兼顧永續發展目標，積極吸納無經驗人才。直接人員招募占比亦自36%大幅上升至60%，以因應強勁的訂單需求。","優化人力結構與配置效率：將部分中階職缺開放內部輪調或晉升，已減少高低階差異過大造成的平均薪資波動。",
"造紙工業","6790","永豐實","622926","720","865","866","-0.12%","744","752","-1.06%","2.78","799","0.40","N","N","N","","",
"通信網路業","6792","詠業","363108","473","768","723","6.22%","641","599","7.01%","2.10","1302","3.74","N","N","N","","",
"生技醫療業","6794","向榮生技-創","18677","26","718","0","0.00%","608","0","0.00%","-1.62","841","3.76","N","N","N","","",
"生技醫療業","6796","晉弘","133606","128","1044","960","8.75%","915","853","7.27%","0.16","841","3.76","N","N","N","","",
"半導體業","6799","來頡","42346","35","1210","1024","18.16%","1110","956","16.11%","2.94","1998","19.23","N","N","N","","",
"電子零組件業","6805","富世達","76493","88","869","861","0.93%","706","782","-9.72%","17.90","994","6.57","N","Y","N","本公司113年度新進員工人數成長較多，年資較短，且因新進人員平均薪資較低拉低全時員工（年度）薪資平均數，以致低於同業水準。","未來隨著員工平均工作年資增加，依個人績效表現、目標達成率、貢獻之價值與營運績效給予合理報酬。",
"綠能環保","6806","森崴能源","107586","101","1065","1076","-1.02%","834","907","-8.05%","3.58","863","4.37","N","N","Y","本年度EPS提升主因為資本運用與業務調整效益，惟因新人比例增加與部分獎酬遞延致平均薪資下滑，整體薪酬仍依績效與市場基準調整，具合理性。","將強化獎酬與績效連動機制，檢視整體薪酬結構，逐年提高具貢獻員工之報酬比例，並推動留才與激勵措施，以提升人力競爭力。",
"其他電子業","6830","汎銓","666819","517","1290","1220","5.74%","1011","989","2.22%","1.34","1429","9.28","N","N","N","","",
"電子零組件業","6834","天二科技","211318","389","543","483","12.42%","487","442","10.18%","0.64","994","6.57","N","N","N","","",
"電子零組件業","6835","圓裕","41320","46","898","804","11.69%","826","743","11.17%","4.06","994","6.57","N","N","N","","",
"生技醫療業","6838","台新藥","15534","13","1195","0","0.00%","1006","0","0.00%","-1.43","841","3.76","N","N","N","","",
"生技醫療業","6861","睿生光電","323632","309","1047","1003","4.39%","931","854","9.02%","3.75","841","3.76","N","N","N","","",
"綠能環保","6869","雲豹能源","95588","103","928","1064","-12.78%","818","855","-4.33%","8.89","863","4.37","N","N","Y","公司將經營績效與員工薪酬緊密連結，績效成果反映於薪資調整、酬勞分配與績效獎金等，並經由薪酬委員會審核確保合理性。平均薪資逐年成長，並兼顧公平與激勵。","透過以下面向，確保薪酬合理反映員工貢獻，維持競爭力、吸引人才加入、保持內部公平性。
1.績效導向薪酬制度 
2.定期薪酬結構檢討 
3.強化教育訓練。
4.完善溝通機制 
5.結合永續發展目標",
"綠能環保","6873","泓德能源","210661","178","1183","1160","1.98%","959","946","1.37%","11.10","863","4.37","N","N","N","","",
"生技醫療業","6885","全福生技","24587","20","1229","0","0.00%","1214","0","0.00%","-2.70","841","3.76","N","N","N","","",
"其他","6901","鑽石投資","34601","17","2035","1916","6.21%","1173","1350","-13.11%","-2.96","969","3.42","N","N","N","","",
"數位雲端","6902","GOGOLOOK","265059","199","1332","1363","-2.27%","1211","1179","2.71%","-1.24","1014","8.69","N","N","N","","",
"數位雲端","6906","現觀科","148812","124","1200","0","0.00%","1070","0","0.00%","3.56","1014","8.69","N","N","N","","",
"其他","6914","阜爾運通","162702","233","698","0","0.00%","595","0","0.00%","7.14","969","3.42","N","Y","N","由於『其他產業別』中組成多元，行業間特性差異大，且本公司的薪資平均數為5萬8仟高於主計處統計之4萬9仟達17%。","1. 參考同業及主計處數據並優化現行薪資結構。
2. 建立證照加給制度，提昇專業與經常性薪資。",
"光電業","6916","華凌","141400","213","664","630","5.40%","613","613","0.00%","0.47","1015","1.21","N","N","N","","",
"生技醫療業","6919","康霈*","26513","34","780","0","0.00%","727","0","0.00%","-4.12","841","3.76","N","N","N","","",
"綠能環保","6923","中台","137238","175","784","0","0.00%","655","0","0.00%","4.80","863","4.37","N","Y","N","本公司外籍移工占比34.25%，從事基礎工作致平均薪資偏低。各事業體依經營績效與職務性質設定合理薪酬，113年度獲利成長包含來自環境整治工程事業，該業務人力占比低，對整體薪酬水準影響較大。","114年初已依工作績效調薪2%至5%，並規劃設立員工持股信託制度，強化長期激勵與共享成果，持續檢討薪資結構，逐步提升整體薪酬水準與市場競爭力。",
"電腦及週邊設備業","6928","攸泰科技","311133","334","932","0","0.00%","791","0","0.00%","-0.82","1404","6.67","N","N","N","","",
"生技醫療業","6931","青松健康","174328","351","497","0","0.00%","458","0","0.00%","0.68","841","3.76","Y","N","N","本公司多數員工為基層照顧人員，薪酬結構受限於政府給付標準。雖年薪未達50萬元，惟已依市場行情給予具競爭力待遇，並透過獎金與福利反映經營績效，兼顧永續經營與員工保障。","本公司已定期進行薪資市場行情調查，將逐年提升員工薪酬水準，並透過營收多元化、提升服務量能與效率，增加可分配資源，強化績效獎金機制，逐步改善薪資結構與待遇。",
"生技醫療業","6936","永鴻生技","171516","168","1021","0","0.00%","811","0","0.00%","2.06","841","3.76","N","N","N","","",
"半導體業","6937","天虹","252074","288","875","940","-6.91%","755","766","-1.44%","6.03","1998","19.23","N","N","Y","本公司113年度EPS較112年度增加，而非擔任主管職務之全時員工（年度）薪資平均數較前一年度減少，主要係因新進同仁以基層佔多數，以及獎金發放時程跨年度之差異所致。","本公司經營績效反映於員工薪酬，除保障年薪，另設有員工酬勞及員工持股信託等薪酬政策。透過年度調薪與目標考核，將營運成果回饋員工，共享獲利。",
"生技醫療業","6949","沛爾生醫-創","66149","80","827","0","0.00%","701","0","0.00%","-6.83","841","3.76","N","N","N","","",
"綠能環保","6951","青新-創","114956","124","927","0","0.00%","709","0","0.00%","4.87","863","4.37","N","N","N","","",
"其他","6952","大武山","113654","174","653","0","0.00%","597","0","0.00%","1.46","969","3.42","N","N","N","","",
"生技醫療業","6955","邦睿生技-創","54390","75","725","0","0.00%","658","0","0.00%","3.45","841","3.76","N","N","N","","",
"其他","6958","日盛台駿","481141","395","1218","0","0.00%","988","0","0.00%","1.13","969","3.42","N","N","N","","",
"綠能環保","6969","成信實業*-創","94544","101","936","0","0.00%","511","0","0.00%","-2.15","863","4.37","N","N","N","","",
"汽車工業","6988","威力暘-創","131250","161","815","0","0.00%","618","0","0.00%","0.51","892","5.84","N","N","N","","",
"綠能環保","6994","富威電力","30075","39","771","0","0.00%","704","0","0.00%","1.42","863","4.37","N","N","N","","",
"其他電子業","7631","聚賢研發-創","102248","116","881","0","0.00%","791","0","0.00%","5.51","1429","9.28","N","N","N","","",
"觀光餐旅","7705","三商餐飲","677966","1187","571","0","0.00%","469","0","0.00%","4.10","678","2.78","N","Y","N","因本公司門市友善提供16-24歲實習生及畢業生工作，故未滿一年年資之全時員工佔總全時員工 26.3%。
另因設有食品工廠，依法聘用外籍同仁，亦佔全時員工7.5%。
故員工薪資平均數低於同業。","本公司每年針對餐飲門市同仁薪資進行市場調查，
並配合基本工資調整，同步評估調整本公司薪資，以符合市場薪資。",
"數位雲端","7722","LINEPAY","248724","208","1196","0","0.00%","707","0","0.00%","10.67","1014","8.69","N","N","N","","",
"汽車工業","7736","虎山","132241","257","515","0","0.00%","469","0","0.00%","7.19","892","5.84","N","Y","N","1.113年度受惠外幣匯率上揚,獲外幣兌換利益挹注致EPS增加。
2.本公司直接員工佔全體員工七成以上，又多為外籍配偶及外籍勞工，致影響整體平均薪資。","本公司依公司政策及營運狀況調整薪資並透過多項員工福利措施激勵員工。",
"通信網路業","8011","台通","188804","258","732","620","18.06%","680","571","19.09%","2.43","1302","3.74","N","N","N","","",
"半導體業","8016","矽創","897627","374","2400","2493","-3.73%","2241","2327","-3.70%","15.42","1998","19.23","N","N","N","","",
"其他電子業","8021","尖點","225546","292","772","691","11.72%","666","606","9.90%","1.45","1429","9.28","N","N","N","","",
"半導體業","8028","昇陽半導體","650788","792","822","795","3.40%","727","705","3.12%","2.85","1998","19.23","N","N","N","","",
"其他","8033","雷虎","25933","43","603","578","4.33%","552","545","1.28%","0.50","969","3.42","N","N","N","","",
"電子零組件業","8039","台虹","686426","770","891","776","14.82%","829","705","17.59%","2.53","994","6.57","N","N","N","","",
"通信網路業","8045","達運光電","163821","228","719","0","0.00%","580","0","0.00%","2.45","1302","3.74","N","N","N","","",
"電子零組件業","8046","南電","4846868","6004","807","910","-11.32%","764","872","-12.39%","0.32","994","6.57","N","N","N","","",
"電子通路業","8070","長華*","108295","69","1569","1545","1.55%","1443","1260","14.52%","2.32","1070","4.70","N","N","N","","",
"電子通路業","8072","陞泰","5548","9","616","645","-4.50%","484","480","0.83%","1.25","1070","4.70","N","N","Y","113年度淨利較112年度增加71%，因獲利增加主來自認列子公司投資利益，母公司員工薪資異動不大。113年度平均薪資較112年度小幅減少4.5%另因員工專案獎金加給微幅變動所致。","檢討增加薪資及獎金額度以留任公司營運人才。
。",
"半導體業","8081","致新","785222","341","2303","2250","2.36%","2176","2044","6.46%","17.91","1998","19.23","N","N","N","","",
"通信網路業","8101","華冠","55323","55","1006","806","24.81%","889","787","12.96%","-3.27","1302","3.74","N","N","N","","",
"電子零組件業","8103","瀚荃","144683","148","978","842","16.15%","838","762","9.97%","3.96","994","6.57","N","N","N","依據績效考核制度訂定績效目標，年底執行績效評估面談。考核結果作為員工晉升、調薪、獎金與酬勞發放之依據。按年度盈餘提撥5%至12%作為員工酬勞，與個人績效考核結果連結，綜合考量員工年資與表現後分配予同仁。","無",
"光電業","8104","錸寶","105388","145","727","706","2.97%","641","606","5.78%","0.16","1015","1.21","N","N","N","","",
"光電業","8105","凌巨","1256191","1489","844","827","2.06%","756","740","2.16%","0.15","1015","1.21","N","N","N","","",
"半導體業","8110","華東","926468","1461","634","550","15.27%","561","471","19.11%","0.26","1998","19.23","N","N","N","","",
"電子通路業","8112","至上","232708","177","1315","1361","-3.38%","1123","1186","-5.31%","3.49","1070","4.70","N","N","N","","",
"電腦及週邊設備業","8114","振樺電","230941","313","738","736","0.27%","593","591","0.34%","12.55","1404","6.67","N","Y","N","振樺產品多為總部自製，製造單位約佔總部員工50%，員工組成結構有其差異性，無法直接與同業比較，另113年度EPS較高主要係權益法之子公司及關聯企業利益增加所致。","113年度員工獎酬提撥比率已調增，並依員工績效表現、目標達成率、貢獻之價值與營運績效於次年度發放。",
"半導體業","8131","福懋科","1494112","2362","633","591","7.11%","607","561","8.20%","2.04","1998","19.23","N","N","N","","",
"半導體業","8150","南茂","5117702","5597","914","940","-2.77%","830","837","-0.84%","1.95","1998","19.23","N","N","N","","",
"半導體業","8162","微矽電子-創","310872","596","522","511","2.15%","466","449","3.79%","1.28","1998","19.23","N","N","N","","",
"電腦及週邊設備業","8163","達方","942488","820","1149","1246","-7.78%","956","1035","-7.63%","2.22","1404","6.67","N","N","N","","",
"其他電子業","8201","無敵","63272","78","811","819","-0.98%","714","768","-7.03%","-0.88","1429","9.28","N","N","Y","1)員工雖有調薪，但因新進員工年輕化
2)提拔優秀員工-113年2位非主管職務晉升至主管職務
以致薪資平均數較前一年減少","公司秉持照顧員工，創造公司價值，以增進
員工更好薪資及福利。",
"電腦及週邊設備業","8210","勤誠","483227","383","1262","1098","14.94%","870","875","-0.57%","16.05","1404","6.67","N","Y","N","公司2024年EPS優於同業，惟非主管職之全時員工平均薪資略低，主因嘉義廠直接人員較去年增72%，影響平均值。排除後薪資水準較去年提升，整體薪酬具競爭性。","公司持續參考市場薪酬資料，檢視整體薪資結構與各類職務起薪水準，以提升薪酬競爭力與公平性。",
"電子零組件業","8213","志超","311784","257","1213","1518","-20.09%","865","1500","-42.33%","2.75","994","6.57","N","N","N","","",
"光電業","8215","明基材","1698111","1674","1014","959","5.74%","762","759","0.40%","0.62","1015","1.21","N","N","N","","",
"電機機械","8222","寶一","143386","221","649","602","7.81%","606","579","4.66%","1.49","864","3.85","N","N","N","","",
"電子零組件業","8249","菱光","92073","48","1918","1647","16.45%","1470","1368","7.46%","3.27","994","6.57","N","N","N","","",
"半導體業","8261","富鼎","163838","120","1365","1414","-3.47%","1074","1130","-4.96%","4.80","1998","19.23","N","N","Y","113年度EPS較112年度增加，而非擔任主管職務之全時員工（年度）薪資平均數較前一年度微幅減少，係因全時員工人數較去年度減少及資深員工離職所致，其變動尚屬合理。","本公司員工獎酬持續連結經營績效，以激勵員工與企業共同成長。",
"半導體業","8271","宇瞻","443941","472","941","1130","-16.73%","837","1023","-18.18%","2.18","1998","19.23","N","N","N","本公司113年EPS未高於同期，故變動獎酬相對較同期略減","無",
"綠能環保","8341","日友","290383","324","896","806","11.17%","773","673","14.86%","3.69","863","4.37","N","N","N","","",
"航運業","8367","建新國際","324356","415","782","729","7.27%","761","695","9.50%","3.59","1566","8.85","N","N","N","","",
"電機機械","8374","羅昇","102798","108","952","862","10.44%","886","801","10.61%","0.60","864","3.85","N","N","N","","",
"綠能環保","8422","可寧衛","86561","97","892","859","3.84%","685","662","3.47%","10.70","863","4.37","N","N","N","","",
"綠能環保","8438","昶昕","141245","215","657","646","1.70%","580","565","2.65%","2.21","863","4.37","N","N","N","係依員工貢獻度及針對員工所擔任職務決策、責任程度，並參酌同業給薪水準及企業永續經營所具備之專業職能條件等因子調整。","本公司員工酬勞制度在公司章程中已訂定「員工酬勞：1%~8%，前項員工酬勞數額中，應提撥不低於30%為基層員工分派酬勞，得以股票或現金為之。」
本公司員工均可分享公司營運成果。",
"貿易百貨","8443","阿瘦","206994","361","573","603","-4.98%","529","558","-5.20%","-0.73","873","3.91","N","N","N","","",
"數位雲端","8454","富邦媒","2424767","2756","880","852","3.29%","753","737","2.17%","13.69","1014","8.69","N","Y","N","113年度因持續擴大招募，故任職滿6個月未滿12個月(未全年度在職)人數佔16%，此部份員工未領滿全年度薪資，故影響我司平均年薪低於同業水準。","近年來因應組織發展，員工人數與職能樣態也持續多元化，故公司有定期參考市場薪資水準及評估各項條件因素進行調薪與福利規劃，完善公司薪資獎酬制度。",
"運動休閒","8462","柏文","1177570","1564","753","708","6.36%","640","588","8.84%","4.77","872","5.72","N","N","N","","",
"其他","8463","潤泰材","292243","367","796","734","8.45%","688","630","9.21%","1.25","969","3.42","N","N","N","","",
"居家生活","8464","億豐","380365","227","1676","1455","15.19%","1345","1173","14.66%","23.56","761","7.06","N","N","N","","",
"綠能環保","8473","山林水","295225","500","590","579","1.90%","517","505","2.38%","0.97","863","4.37","N","N","N","","",
"綠能環保","8476","台境*","107318","136","789","790","-0.13%","676","680","-0.59%","1.62","863","4.37","N","N","N","","",
"運動休閒","8478","東哥遊艇","601035","714","842","929","-9.36%","764","850","-10.12%","10.37","872","5.72","N","Y","N","本公司薪酬制度與經營績效緊密連動，盈餘成長時員工獎酬隨之提升，淨利下滑則相應調整，屬績效導向的合理制度設計。","1.持續優化薪酬制度，114年調整固定薪資水準，提升市場競爭力
2.推動員工持股補助，透過持股方式共享經營成果
3.透過職能發展、晉升與人才培育，提升薪酬成長，吸引並留住優秀人才，打造正向循環的發展環境",
"其他","8481","政伸","190924","218","876","805","8.82%","826","759","8.83%","3.01","969","3.42","N","N","N","","",
"數位雲端","8487","愛爾達-創","150452","121","1243","1120","10.98%","1083","1000","8.30%","6.85","1014","8.69","N","N","N","","",
"油電燃氣業","8926","台汽電","168407","123","1369","1315","4.11%","1190","1128","5.50%","1.85","1276","0.83","N","N","N","","",
"觀光餐旅","8940","新天地","225833","340","664","602","10.30%","563","514","9.53%","0.12","678","2.78","N","N","N","","",
"電機機械","8996","高力","543246","601","904","942","-4.03%","814","877","-7.18%","6.56","864","3.85","N","N","Y","本公司建立以營收與獲利為依據的績效考核與獎金制度，藉以強化經營成果與員工薪酬間的連動性，確保獎酬具合理性並激勵員工與公司共同成長。","(1)114年度股東會已通過修訂公司章程，公司年度如有獲利，應提撥不低於百分之二為員工酬勞，且應於員工酬勞中提撥不低於百分之二十予董事會所訂條件之基層員工。
(2)114年度已全面調薪。",
"其他","9902","台火","5614","8","702","600","17.00%","661","595","11.09%","0.58","969","3.42","N","N","N","","",
"運動休閒","9904","寶成","2659811","2820","943","877","7.53%","739","679","8.84%","5.44","872","5.72","N","N","N","","",
"其他","9905","大華","169038","259","653","615","6.18%","609","564","7.98%","1.63","969","3.42","N","N","N","","",
"建材營造","9906","欣巴巴","53822","70","769","804","-4.35%","660","663","-0.45%","6.55","974","2.65","N","Y","Y","本公司113年經營績效亮眼係來自公司多年的長
期規劃，惟公司規模持續成長，員工人數較去年增加。又本年仍有人員異動之緣故，如離職與新進人員的薪資差，以及依在職期間計算的年終及績效獎金所致。","公司規模持續成長，定將營運成果實際反映在員工薪酬上。並預計於最近一次股東會通過公司章程修正案，將依章程提撥之員工酬勞數額中，應提撥不低於百分之八十八為基層員工之分派酬勞。",
"其他","9907","統一實","912052","1078","846","743","13.86%","813","728","11.68%","0.97","969","3.42","N","N","N","","",
"油電燃氣業","9908","大台北","280812","226","1243","1131","9.90%","1150","1012","13.64%","1.71","1276","0.83","N","Y","N","非經理人之全時員工薪資平均數雖比同業低，但本公司113年平均薪資較去年度有增加之趨勢，且EPS較同業高主要係因營業外收入所致，故本公司員工薪酬屬合理。","儘管本公司113年度EPS較前一年度有所下滑，然為體現對員工之重視與長期發展承諾，113年度惟仍實施員工薪資調整措施。",
"運動休閒","9910","豐泰","3222878","2611","1234","1240","-0.48%","977","960","1.77%","5.94","872","5.72","N","N","Y","本公司2024年員工平均薪資微幅減少0.4%,主要係受資深員工退休, 新進員工比重增加之影響; 員工薪資中位數則增加2%, 與經營績效變動方向一致.","每年依照獲利發放年終獎金及各類獎金, 與員工分享營運成果.",
"居家生活","9911","櫻花","815511","983","830","775","7.10%","700","659","6.22%","5.94","761","7.06","N","N","N","","",
"電腦及週邊設備業","9912","偉聯","31402","35","897","859","4.42%","809","771","4.93%","-0.98","1404","6.67","N","N","N","","",
"運動休閒","9914","美利達","728348","1116","653","692","-5.64%","565","574","-1.57%","-2.34","872","5.72","N","N","N","","",
"其他","9917","中保科","1948210","2370","822","789","4.18%","781","718","8.77%","6.42","969","3.42","N","Y","N","本公司所經營業務多元化，非單一營運市場，人力類別及薪資結構複雜，與所謂「同業」 事業屬性多不相同，且薪資區間為上月16至當月15，月底到離職員工均計算為半月薪資  也算一人。以上各因素均影響薪資平均數。","提高最低工資，制定不同工資級距確保薪資水平符合其工作價值。建立明確績效導向的目標設定、公平評估等比例來實施績效導向，激勵提升工作表現，並與三節獎金結合達到激勵員工的效果。",
"油電燃氣業","9918","欣天然","170611","156","1094","1058","3.40%","894","892","0.22%","2.23","1276","0.83","N","Y","N","員工薪酬依據公司章程及董事會通過標準，並參考同業水準訂定。113年平均薪資相較112年提升，盈餘績效已反應於員工酬勞；且113年EPS高於同業，主因營業外收入大幅增加所致，故公司平均員工薪資尚屬合理。","本公司自114年起響應政府政策調薪3%，以激勵員工士氣。另依公司章程規定，自年度未分配酬勞前之稅前盈餘，提撥2.2%為員工酬勞，發放予全體員工，以強化經營績效與員工薪酬之關聯性。",
"其他","9919","康那香","306028","532","575","562","2.31%","495","496","-0.20%","-1.89","969","3.42","N","N","N","","",
"運動休閒","9921","巨大","1589078","2176","730","686","6.41%","613","554","10.65%","3.22","872","5.72","N","N","N","","",
"居家生活","9924","福興","649072","1067","608","607","0.16%","519","514","0.97%","4.83","761","7.06","N","N","N","","",
"其他","9925","新保","1250593","1699","736","698","5.44%","690","656","5.18%","2.30","969","3.42","N","N","N","","",
"油電燃氣業","9926","新海","207408","156","1330","1279","3.99%","1279","1266","1.03%","2.64","1276","0.83","N","N","N","","",
"其他","9927","泰銘","99964","134","746","764","-2.36%","735","736","-0.14%","6.29","969","3.42","N","Y","Y","上市其他類股行業特性多屬不同，本公司113年非擔任主管職務之全時員工薪資平均數為746仟元，優於行政院主計總處公布之113年每人每月總薪資平均數為610元達22%。","本公司於114年股東會擬修改公司章程「員工酬勞至少70%分配給基層員工」，藉以提高非擔任主管職務之全時員工薪資平均數。",
"其他","9928","中視","259410","378","686","684","0.29%","617","615","0.33%","-0.57","969","3.42","N","N","N","","",
"其他","9929","秋雨","39825","72","553","520","6.35%","528","484","9.09%","-0.14","969","3.42","N","N","N","","",
"綠能環保","9930","中聯資源","398028","255","1561","1449","7.73%","1446","1355","6.72%","4.66","863","4.37","N","N","N","","",
"油電燃氣業","9931","欣高","98400","108","911","850","7.18%","886","795","11.45%","2.86","1276","0.83","N","Y","N","1.民生消費因地域不同造成南北薪資水平差異。
2.公司自113年調漲薪資4％。
3.公司近年業外投資收入增加，採漸次調整薪資方式逐年提升員工待遇，避免因市場景氣反轉，造成人事費用突增過鉅影響公司營運。","行政院連續2年軍公教調薪，公司已響應調薪，提升員工薪資並將獲利與員工共享。非經理人之全時員工薪資平均數雖比同業低，但113年平均薪資較去年度有增加趨勢，故員工薪酬屬合理。",
"其他","9933","中鼎","4044428","2970","1362","1032","31.98%","1193","866","37.76%","2.43","969","3.42","N","N","N","","",
"居家生活","9934","成霖","83644","105","797","796","0.13%","762","787","-3.18%","1.15","761","7.06","N","N","N","","",
"居家生活","9935","慶豐富","301869","495","610","530","15.09%","521","450","15.78%","2.39","761","7.06","N","N","N","","",
"油電燃氣業","9937","全國","396031","575","689","680","1.32%","643","630","2.06%","2.39","1276","0.83","N","Y","N","油電燃氣業員工結構多屬具有專業之全時人員，與本公司員工型態不同。因行業特性，本公司員工多為現場服務人員，部分工時及月薪加油員佔全體員工人數約七成，平均薪資水準因而低於同業，然與加油站同業相當。","除每年調整時薪及基本工資外，公司自114年起提高全體員工國內國外之旅遊補助，提升員工福利，並訂有多項獎金發放制度，鼓勵績效良好之員工。",
"其他","9938","百和","658430","1002","657","615","6.83%","518","496","4.44%","4.75","969","3.42","N","Y","N","113年度員工薪酬增加10.7%，係因公司整體獲利上升，故整體員工薪資較去年同期上升。","本公司113年度員工薪資平均數超過50萬元，惟因產業別為”其它”，難以找到同產業別比較。",
"其他","9939","宏全","1109248","1480","749","708","5.79%","683","653","4.59%","9.80","969","3.42","N","Y","N","本公司產業為傳統製造業，所需生產線人力佔總人數75%，近年來因少子化衝擊我司於生產線運用較多產學合作之學生於此培養生產技術，
且現場流動性較高外籍員工佔生產線人力30%，基於上述兩點導致整體平均數拉低。","我司將持續積極提升薪資福利制度、培育優秀人才、建立安全、舒適的職場環境等方式提高員工滿意度。",
"其他","9940","信義","5389688","4321","1247","1236","0.89%","913","880","3.75%","2.42","969","3.42","N","N","N","","",
"其他","9941","裕融","749903","604","1242","1231","0.89%","1038","1033","0.48%","8.88","969","3.42","N","N","N","","",
"其他","9942","茂順","498727","883","565","597","-5.36%","462","488","-5.33%","8.67","969","3.42","N","Y","N","主係因本公司地處南投,屬傳統製造業且新進人員較多所致,但每年仍會依據政府法令與個人績效表現調薪,並經薪資調查給予同仁合理的薪酬。","公司每年仍會依據政府法令與個人績效表現調薪,並經薪資調查給予同仁合理的薪酬。",
"觀光餐旅","9943","好樂迪","488362","819","596","575","3.65%","538","525","2.48%","7.74","678","2.78","N","Y","N","KTV近年來持續不景氣，造成資深高薪員工提早申請退休多達數10人，加以113年度對112年度 營收衰退8%、現金流少3成，員工薪酬雖多於以往，但平均調幅仍有限","培養員工考取相關證照，強化晉升管道，以利留才",
"其他","9944","新麗","135965","221","615","565","8.85%","516","471","9.55%","0.05","969","3.42","N","N","N","","",
"其他","9945","潤泰新","165556","220","753","679","10.90%","463","434","6.68%","6.07","969","3.42","N","Y","N","本公司獲利來源中，轉投資收益佔比較高，若排除此部分，獲利表現與同業不相上下。
而量販事業受電商崛起業績下滑致虧損，此部分人力較多平均薪資不易拉升。","本公司盡力改善量販營運績效，以回饋員工並提升員工福址。",
"建材營造","9946","三發地產","39334","37","1063","898","18.37%","901","805","11.93%","1.15","974","2.65","N","N","N","","",
"綠能環保","9955","佳龍","34265","57","601","572","5.07%","515","476","8.19%","-1.58","863","4.37","N","N","N","","",
"鋼鐵工業","9958","世紀鋼","250666","339","739","696","6.18%","652","625","4.32%","6.93","1016","0.69","N","Y","N","1.本公司為鋼構製造業，與鋼鐵業之營業項目並不同，因鋼鐵業營收為材料生產及銷售，然與本公司並不相同。
2.因鋼鐵業項目及技術與本公司之項目與技術有不同之差異性，故其薪資平均數亦不同，無法以同業水準做比較。","1、公司年度有獲利時，員工酬勞總數額中，提撥不低於50%為基層員工分派之酬勞。
2、本公司亦在下半年度全面調整薪資。",