產業類別,公司代號,公司名稱,非擔任主管職務之全時員工資訊-員工薪資總額(仟元),非擔任主管職務之全時員工資訊-員工人數-年度平均(人),非擔任主管職務之全時員工資訊-員工薪資-平均數(仟元/人)-113年,非擔任主管職務之全時員工資訊-員工薪資-平均數(仟元/人)-112年,員工薪資-平均數調整變動情形(%),非擔任主管職務之全時員工資訊-員工薪資-中位數(仟元/人)-113年,非擔任主管職務之全時員工資訊-員工薪資-中位數(仟元/人)-112年,員工薪資-中位數調整變動情形(%),非擔任主管職務之全時員工資訊-每股盈餘(元/股),同業公司資訊-員工薪資-平均數(仟元/人),同業公司資訊-平均每股盈餘(元/股),薪資統計情形-非經理人之全時員工薪資平均數未達50萬元,薪資統計情形-公司EPS獲利表現較同業為佳，惟非經理人之全時員工薪資平均數低於同業水準,薪資統計情形-公司EPS較前一年度成長，惟非經理人之全時員工薪資平均數較前一年度減少),薪資統計情形-公司經營績效與員工薪酬之關聯性及合理性說明,薪資統計情形-具體改善措施說明
"農業科技","1240","茂生農經","65078","88","740","664","11.45%","649","579","12.09%","4.34","645","0.64","N","N","N","","",
"觀光餐旅","1259","安心","496612","787","631","621","1.61%","603","562","7.30%","2.05","636","1.19","N","Y","N","受餐飲業第一線人員普遍缺工影響，本公司進用較多兼職計時人員運用，拉高兼職計時人員佔比，以致非經理人全時員工平均薪資較同業水準低。","今年起，計時人員時薪搭配區域差異，提升至$190~$225起，月薪制人員薪資平均調幅4%~7%，並強化營運績效連動之各項激勵獎金，制訂員工酬勞分配擴及基層員工等方案。",
"食品工業","1264","德麥","256402","282","909","834","8.99%","732","684","7.02%","20.55","744","3.95","N","N","N","","",
"觀光餐旅","1268","漢來美食","1004649","1503","668","628","6.37%","566","525","7.81%","10.06","636","1.19","N","N","N","","",
"食品工業","1294","漢田生技","102777","150","685","0","0.00%","596","0","0.00%","6.02","744","3.95","N","Y","N","1.關聯性：公司薪酬制度與績效評核等因素，參酌市場薪資水準，適時調整薪資。
2.合理性說明：公司位於中部，參酌產業薪資水準，因本公司為製造業且以作業員為主，工作性質標準化流程，致使整體平均薪資較低。","以獎金激勵同仁提升工作品質，並配合經營績效分配獎金，提升總體薪資水準。",
"電子零組件業","1336","台翰","19511","19","1027","934","9.96%","782","708","10.45%","2.10","747","2.21","N","N","N","","",
"生技醫療業","1565","精華","1664818","2314","719","616","16.72%","668","569","17.40%","14.82","787","0.41","N","Y","N","本公司生產線人員約佔公司總人數8成，結構與大部分生技醫療產業不同，當公司獲利升降時獎金亦會進行相對之反映。113年非主管員工之平均薪資增加了10.3萬，增幅為16.7%，已反映經營績效。","後續會視狀況隨著營運績效提高員工薪酬。",
"電腦及週邊設備業","1569","濱川","25902","37","700","658","6.38%","647","621","4.19%","-2.57","909","4.39","N","N","N","","",
"電機機械","1570","力肯","70304","120","586","546","7.33%","479","416","15.14%","2.25","725","2.47","N","N","N","","",
"電機機械","1580","新麥","67018","67","1000","965","3.63%","970","955","1.57%","13.59","725","2.47","N","N","N","","",
"其他","1584","精剛","123858","164","755","772","-2.20%","681","692","-1.59%","1.57","695","2.24","N","N","N","","",
"電機機械","1586","和勤","117300","184","638","527","21.06%","574","431","33.18%","0.43","725","2.47","N","N","N","","",
"運動休閒","1593","祺驊","54460","91","598","544","9.93%","465","407","14.25%","1.70","628","2.07","N","N","N","","",
"電子零組件業","1595","川寶","49556","65","762","700","8.86%","644","599","7.51%","-0.06","747","2.21","N","N","N","","",
"電機機械","1599","宏佳騰","212424","391","543","572","-5.07%","512","519","-1.35%","1.21","725","2.47","N","N","Y","基礎作業員技術含量不高且鄰近科技園區資深人力流失致平均數相較低同業，113年相較112年平均薪資低，主要為112年有加發111年營運獎金所致","本公司114年導入職能評鑑依營運積效調整員工福利，並於章程明定員工酬勞分派基層員工不低於獲利提撥40%",
"化學工業","1742","台蠟","14108","24","588","551","6.72%","546","540","1.11%","0.89","759","1.61","N","N","N","","",
"生技醫療業","1777","生泰","202307","211","959","906","5.85%","889","822","8.15%","8.82","787","0.41","N","N","N","","",
"生技醫療業","1781","合世","33067","43","769","711","8.16%","710","660","7.58%","0.51","787","0.41","N","Y","N","每股盈餘較同業為佳係因113年度兌換利益較高所致。","本公司將繼續提升營運績效，提高員工薪酬。",
"生技醫療業","1784","訊聯","137635","155","888","853","4.10%","714","714","0.00%","1.65","787","0.41","N","N","N","","",
"其他電子業","1785","光洋科","1021197","1102","927","690","34.35%","714","534","33.71%","3.21","958","4.44","N","N","N","","",
"生技醫療業","1788","杏昌","289155","265","1091","1060","2.92%","916","918","-0.22%","8.08","787","0.41","N","N","N","","",
"食品工業","1796","金穎生技","170778","277","617","653","-5.51%","584","553","5.61%","-0.54","744","3.95","N","N","N","","",
"生技醫療業","1799","易威","4275","6","713","648","10.03%","662","653","1.38%","-0.81","787","0.41","N","N","N","","",
"生技醫療業","1813","寶利徠","60519","97","624","614","1.63%","528","508","3.94%","-0.63","787","0.41","N","N","N","","",
"電子零組件業","1815","富喬","671621","924","727","596","21.98%","699","522","33.91%","0.13","747","2.21","N","N","N","","",
"鋼鐵工業","2035","唐榮公司","684887","584","1173","1123","4.45%","1229","1265","-2.85%","-2.20","804","2.00","N","N","N","","",
"電器電纜","2061","風青","754","2","377","416","-9.38%","462","384","20.31%","-0.30","377","-0.30","Y","N","Y","本公司員工薪酬包括本薪、獎金及紅利，本薪係依據各職務之內容與性質訂定，除符合法律規定最低標準亦反應公司整體營運成本效益，再根據過去一年的績效表現給予適當調薪，獎金及紅利則隨著公司獲利狀況而給予。","1.讓員工了解公司經營績效與員工薪酬的關聯性。
2.建立以職務職能為基礎的薪資結構，讓員工有機會晉升和調薪。
3.鼓勵員工提升技能，並與薪資調整結合。
4.提升公司獲利，將利潤與員工共享。",
"鋼鐵工業","2063","世鎧","153610","277","555","674","-17.66%","514","607","-15.32%","1.93","804","2.00","N","N","N","","",
"鋼鐵工業","2064","晉椿","103023","183","563","526","7.03%","509","470","8.30%","-0.18","804","2.00","N","N","N","","",
"鋼鐵工業","2065","世豐","188831","279","677","641","5.62%","588","557","5.57%","3.56","804","2.00","N","Y","N","本年度平均薪資及中位數薪資皆較去年成長。但因本公司員工之結構，外籍員工占總員工人數約28%，致平均薪資略低於同業。","本公司定期審視員工薪資，擬予調薪4%~6%；113年度調薪幅度約4.3%。",
"電機機械","2066","世德","118430","198","598","565","5.84%","529","508","4.13%","6.16","725","2.47","N","Y","N","113年度雖EPS高於同業平均數，但因本公司後段製程屬勞力密集，需大量基層員工(含外籍移工)
，導致拉低平均薪資，薪資水準在南部地區尚屬合理。","已修改公司章程為基層員工&#22679;加酬勞分配比率，績效若達標亦加發放獎金。",
"電機機械","2067","嘉鋼","89951","179","503","542","-7.20%","479","482","-0.62%","-2.74","725","2.47","N","N","N","","",
"電機機械","2070","精湛","70319","98","718","679","5.74%","670","632","6.01%","2.97","725","2.47","N","Y","N","本公司基層員工占比較高，
加上地處傳產扣件產業區，
區域性薪資行情較低。","本公司自113年5月啟動員工持股信託，依EPS訂定公提金比例，
讓員工共享經營成果。另於114年起自獲利提撥之1~6%員工酬勞，
承諾至少60%分配予基層員工，以促進薪酬公平，
並持續優化公司整體薪資結構。",
"鋼鐵工業","2073","雄順","104498","167","626","541","15.71%","571","491","16.29%","0.63","804","2.00","N","N","N","","",
"其他","2221","大甲","121502","212","573","512","11.91%","499","419","19.09%","2.02","695","2.24","N","N","N","","",
"電機機械","2230","泰茂","50320","93","541","570","-5.09%","490","554","-11.55%","6.10","725","2.47","N","Y","Y","1.外籍移工佔全公司人數約30%，月薪約27,470元，拉低平均薪資數。
2.現場作業人員(如包裝.生管.品管)，佔全公司人數2/3，月薪約35,000元，拉低平均薪資數。","公司與於114年股東會通過修改章程第22條增加"員工酬勞數額中，應提撥不低於10%為基層員工分派酬勞"。",
"電機機械","2235","謚源","91449","182","502","471","6.58%","454","410","10.73%","2.67","725","2.47","N","Y","N","113年度營業淨利是減少的，淨利率也較同業低，EPS成長係匯兌收益成長且佔盈餘的22%。本公司非高科技，產線員工佔74%，另26%員工，其年薪較高超過50萬的研發人員僅9人，餘為年薪低於50萬的行政人員，故低於同業水準。","114年Q1已完成產線人員4%的調薪作業。因今年關稅不確定因素影響，加上台幣強升造成毛利下降，故行政人員薪資部分將視獲利狀況於Q4規劃。",
"建材營造","2596","綠意","7771","10","777","716","8.52%","811","752","7.85%","0.67","1007","3.22","N","N","N","","",
"數位雲端","2640","大車隊","260023","398","653","645","1.24%","512","510","0.39%","8.93","841","2.11","N","Y","N","關於EPS高於同業平均數惟非經理人全時員工薪資平均數低於同業水準，乃因公司經營業務項目有將近3成員工屬基層作業員性質，其薪資趨近於基本薪資，因此平均數值較低，以上說明，謝謝。","本公司依營運績效、貢獻度及業界標準檢討酬金政策，強化管理效能並留任人才；員工酬勞依章程按獲利提撥，薪資報酬委員會每年檢視合理性並報董事會。",
"航運業","2641","正德","43484","44","988","836","18.18%","902","773","16.69%","1.92","972","2.93","N","N","N","","",
"航運業","2643","捷迅","61380","74","829","802","3.37%","687","673","2.08%","6.11","972","2.93","N","Y","N","本公司雖屬航運業，但以物流相關服務為主軸，因經營模式、市場規模及行業屬性的不同，薪酬行情本不應與航空及海運比較，本公司平均薪酬水準屬同業市場行情。","每年定期調薪及獎酬以凝聚員工之向心力。",
"建材營造","2718","全心投控","35965","30","1199","937","27.96%","888","694","27.95%","35.33","1007","3.22","N","N","N","","",
"觀光餐旅","2719","燦星旅","60957","98","622","567","9.70%","528","442","19.46%","1.26","636","1.19","N","Y","N","111年 ~ 113年的全時員工薪資平均數逐年增加，且公司經營績效亦逐年變好，故公司經營績效與員工薪酬之關聯性成正比。","經114年5月28日股東會決議通過「修訂公司章程部分條文案」，針對基層員工部分，另提撥不低於百分之零點一為基層員工調整薪資或分派酬勞。但公司尚有累積虧損時，應預先保留彌補數額。",
"觀光餐旅","2729","瓦城","863794","1252","690","646","6.81%","620","582","6.53%","9.01","636","1.19","N","N","N","","",
"觀光餐旅","2732","六角","127853","203","630","600","5.00%","524","496","5.65%","4.79","636","1.19","N","Y","N","儘管本公司113年度每股盈餘（EPS）相較112年度略有下降，但公司仍堅持「以人為本、照護員工」的經營理念，持續提升非經理人員之薪資水準，以落實永續經營與社會責任。","為持續照顧員工並提升整體薪酬競爭力，本公司將推動以下具體措施：
1.持續調升薪資水準
2.優化績效獎酬制度
3.強化職涯發展與培訓",
"觀光餐旅","2734","易飛網","91707","158","580","593","-2.19%","500","522","-4.21%","1.00","636","1.19","N","N","Y","因疫情後旅遊市場復甦帶動113年營收回升，惟受人力結構調整及成本控管影響，新進人員占比提高，部分薪資未調整，導致薪資未達平均水準。未來將持續優化薪酬結構，強化績效連結，以提升整體薪資水準。","自114年度起已優化薪酬結構，針對基層與關鍵職務逐步調薪，強化獎酬與績效連結，並逐年檢討薪酬政策，提升公平性、競爭力與員工向心力，進而提升整體薪資水準。",
"觀光餐旅","2736","富野","83234","187","445","421","5.70%","400","379","5.54%","-1.77","636","1.19","Y","N","N","主要係因服務業人力招募不易,以臨時員工補充人力缺口,故整體薪資結構偏低","目前集團採調整薪資水平、參與人才招募活動，並透過國際實習生計畫申請的方式補足人力需求",
"觀光餐旅","2740","天蔥","49907","85","587","636","-7.70%","505","556","-9.17%","-4.65","636","1.19","N","N","N","","",
"觀光餐旅","2743","山富","206423","280","737","644","14.44%","599","528","13.45%","7.24","636","1.19","N","N","N","","",
"觀光餐旅","2745","五福","271888","392","694","654","6.12%","575","548","4.93%","9.07","636","1.19","N","N","N","","",
"觀光餐旅","2751","王座","206056","366","563","0","0.00%","523","0","0.00%","4.55","636","1.19","N","Y","N","本公司因應餐飲業特性，營運仰賴大量兼職人力，尤其尖峰時段需彈性調度，致兼職占比高，影響薪資平均數。此外，基層全職人力進用門檻較彈性，也拉低平均薪資，與同業結構差異致平均數略低。","本公司每年依基本工資調整薪資，並優於法定標準。正職員工實施年度調薪，依績效與市場趨勢調整，確保薪酬具競爭力。並強化訓練與職涯發展，提升留任率與整體薪資水準。",
"觀光餐旅","2752","豆府","554914","896","619","594","4.21%","560","528","6.06%","15.66","636","1.19","N","Y","N","因展店需求，2024年招募較多新進員工，本公司較去年度非經理人之全時員工薪資平均數增加4%，成長幅度與同業平均相當。","1.2024年5月起每月提供正職員工餐點數3000點，點數等同金額，可抵用值班餐費，該福利未列入薪資費用。
2.2025年久任獎金由2萬元提高至2萬4千元。
3.每年調薪持續提升員工薪資福利。",
"觀光餐旅","2754","亞洲藏壽司","366537","542","676","620","9.03%","481","421","14.25%","2.31","636","1.19","N","N","N","","",
"觀光餐旅","2755","揚秦","240495","339","709","665","6.62%","607","564","7.62%","5.84","636","1.19","N","N","N","","",
"觀光餐旅","2756","聯發國際","73311","92","797","778","2.44%","609","674","-9.64%","2.41","636","1.19","N","N","N","","",
"居家生活","2916","滿心","335271","618","543","544","-0.18%","480","486","-1.23%","4.19","694","8.76","N","N","N","","",
"文化創意業","2926","誠品生活","828585","1083","765","739","3.52%","632","602","4.98%","0.27","1357","7.81","N","N","N","","",
"居家生活","2937","集雅社","278639","352","792","719","10.15%","674","609","10.67%","3.86","694","8.76","N","N","N","","",
"居家生活","2941","米斯特","100249","201","499","448","11.38%","444","411","8.03%","3.31","694","8.76","Y","N","N","本公司為零售業，因應113年度持續展店，新進人員人數明顯增加，致使基層人員於薪資結構中占比較高，進而影響整體平均薪資水準。","因應113年度展店導致新進基層人員比例上升、影響整體平均薪資之情形，未來將透過優化人力結構、推動內部晉升、逐步補足中高階職缺，同時定期檢視薪資結構與市場水準，以確保人力資源配置與薪資體系之平衡與合理性。",
"居家生活","2947","振宇五金","313157","654","479","473","1.27%","431","423","1.89%","3.46","694","8.76","Y","N","N","本公司屬零售業形態，基層人員比例高，招募對象多元開放，重視人員學習與工作配合度；因應113年度展店數及南方倉儲物流中心啟用，較多新進人員與社會新鮮人加入，尚在工作培訓及環境適應階段，影響整體平均薪資。","本公司員工薪酬調整依營運績效及行業市場行情為依據，113年度營收與獲利均穩定成長，進行全體調薪，平均薪資調幅為3.2%。本公司每年定期檢視市場薪資水準與各項統計資料，持續研擬員工薪資福利制度調整及優化。",
"居家生活","2948","寶陞","15630","18","868","893","-2.80%","849","803","5.73%","2.19","694","8.76","N","N","N","","",
"數位雲端","2949","欣新網","112079","142","789","777","1.54%","680","703","-3.27%","3.34","841","2.11","N","Y","N","本公司依市場水準與員工績效表現，對在職人員進行薪資調升，故非主管職員工之平均薪資為成長。惟因調整人力結構，招募專責處理標準化作業之基層專員，致平均薪資低於同業。","針對此一結構性影響，本公司已提升新進人員之起薪標準，並將持續檢討與優化整體薪酬制度，以確保薪資結構之合理性與市場競爭力。",
"文化創意業","3064","泰偉","44267","53","835","754","10.74%","692","660","4.85%","0.05","1357","7.81","N","N","N","","",
"光電業","3066","李洲","20898","38","550","580","-5.17%","494","527","-6.26%","1.30","856","2.40","N","N","Y","113年符合申報範圍之非經理人全時員工人數計42人，期間不滿6個月之短期人員計25人(給薪期間不滿6個月之新進或離職人員)，因短期人員較多，致員工年薪中位數均值(中位數493,609元)下降。","截至113年累積虧損尚未弭平，待經營成果轉佳後再議。",
"其他電子業","3067","全域","7872","12","656","678","-3.24%","677","674","0.45%","-1.01","958","4.44","N","N","N","","",
"電腦及週邊設備業","3071","協禧","95932","140","685","712","-3.79%","610","623","-2.09%","0.81","909","4.39","N","N","N","","",
"綠能環保","3073","天方能源","13751","18","764","756","1.06%","655","762","-14.04%","0.75","826","3.76","N","N","N","","",
"電子零組件業","3078","僑威","166076","143","1161","1240","-6.37%","912","982","-7.13%","5.62","747","2.21","N","N","N","","",
"通信網路業","3081","聯亞","254780","293","870","793","9.71%","757","684","10.67%","-0.59","840","2.51","N","N","N","","",
"文化創意業","3083","網龍","160051","202","792","777","1.93%","661","647","2.16%","0.81","1357","7.81","N","N","N","","",
"數位雲端","3085","新零售","5165","10","517","638","-18.97%","556","635","-12.44%","-1.69","841","2.11","N","N","Y","本公司現有政策如下：
1.年終獎金按經營狀況發放(沒有固定月數)
2.員工酬勞按營運狀況提撥2%~15%
雖113年度所發放之年終獎金較112年提升，但因組織異動頻繁，資深員工離職，使得平均薪資減少","113年12月公司新制定政策如下：
1.每年年終獎金1個月、端午中秋各0.25個月
2.生日月分額外給予一天休假
預估本年度員工平均薪資會增加",
"文化創意業","3086","華義","40402","65","622","608","2.30%","537","542","-0.92%","0.67","1357","7.81","N","N","N","","",
"電腦及週邊設備業","3088","艾訊","686905","627","1096","1020","7.45%","960","895","7.26%","7.53","909","4.39","N","N","N","","",
"其他電子業","3093","港建*","130079","126","1032","1134","-8.99%","985","1041","-5.38%","1.06","958","4.44","N","N","N","","",
"通信網路業","3095","及成","85826","115","746","700","6.57%","646","653","-1.07%","0.84","840","2.51","N","N","N","","",
"半導體業","3105","穩懋","2902220","2866","1013","891","13.69%","845","771","9.60%","1.81","1307","5.21","N","N","N","","",
"電子零組件業","3114","好德","54816","57","962","1016","-5.32%","751","869","-13.58%","1.80","747","2.21","N","N","Y","113年度EPS較佳，主要係因營業外收入-外幣兌換利益較去年同期增加41,433仟元所致。","本公司為獎勵員工付出與鼓勵績效成果，重視且持續進行年度巿場環境評估及晉升調薪制度。",
"電子零組件業","3115","富榮綱","5437","8","680","702","-3.13%","525","530","-0.94%","-0.73","747","2.21","N","N","N","","",
"生技醫療業","3118","進階","111763","115","972","939","3.51%","812","770","5.45%","2.00","787","0.41","N","N","N","","",
"半導體業","3122","笙泉","67942","62","1096","1133","-3.27%","1004","1040","-3.46%","-1.44","1307","5.21","N","N","N","","",
"光電業","3128","昇銳","190974","291","656","647","1.39%","562","512","9.77%","1.69","856","2.40","N","N","N","","",
"其他電子業","3131","弘塑","319461","186","1718","1559","10.20%","1559","1504","3.66%","29.07","958","4.44","N","N","N","","",
"半導體業","3141","晶宏","178780","141","1268","1373","-7.65%","1204","1280","-5.94%","1.16","1307","5.21","N","N","Y","本公司因全球經濟波動及產品市場競爭影響，致營收較112年度下滑18.65%並使相關業績獎金減少，
全時員工薪資平均數亦隨之減少。113年度EPS較112年度成長2.65%，主係匯率變動影響，
致業外之兌換利益增加。","未來若本公司營收獲利成長，將依實際經營績效調整員工之薪資及獎金，以提升員工之獎酬福利。",
"資訊服務業","3147","大綜","254332","266","956","938","1.92%","666","660","0.91%","11.94","976","3.68","N","Y","N","大綜產業類別歸屬資訊服務業，以經營類別粗略再分成軟體資訊服務及硬體資訊服務。於營業毛利率及軟體工程師和硬體工程師薪資水平是明顯差異，統計是依同業平均數相較，故產生如此之落差。","大綜一直在努力中,歷年來非經理人之全時員工薪資平均數已逐年成長,公司致力使公司獲利繼續成長,使非經理人之全時員工薪資平均數早日追上同業水準",
"通信網路業","3152","璟德","217220","267","814","757","7.53%","646","613","5.38%","6.21","840","2.51","N","Y","N","本公司產品特性為少量多樣，故需要投入一定比例之工廠產線人力。113年公司直接人工(包含外籍移工)佔比逾5成，致使員工薪資平均數低於同業水準。","1.年度依績效考核結果調整薪資。
2.章程增訂年度盈餘提撥給基層員工酬勞比率。",
"電機機械","3162","精確","3242","5","648","746","-13.14%","639","695","-8.06%","0.54","725","2.47","N","N","N","","",
"通信網路業","3163","波若威","123167","126","978","1018","-3.93%","813","836","-2.75%","5.75","840","2.51","N","N","Y","本公司113年獲利主要來自業外貢獻，致整體獎金發放較前一年度減少。","未來公司將持續精進本業獲利能力，以提升員工薪酬，創造雙贏。",
"半導體業","3169","亞信","101797","64","1591","1590","0.06%","1399","1392","0.50%","3.42","1307","5.21","N","N","N","","",
"居家生活","3171","炎洲流通","134158","152","883","843","4.75%","562","527","6.64%","2.12","694","8.76","N","N","N","","",
"生技醫療業","3176","基亞","33563","32","1049","870","20.57%","906","762","18.90%","-1.47","787","0.41","N","N","N","","",
"半導體業","3178","公準","402820","701","575","589","-2.38%","514","512","0.39%","1.06","1307","5.21","N","N","N","","",
"建材營造","3188","鑫龍騰","15952","15","1063","1128","-5.76%","827","910","-9.12%","2.21","1007","3.22","N","N","Y","主因係人員異動之緣故，離職與新進人員的薪資差","員工薪酬依個人績效表現核定，獲利佳，員工獎勵相對增加，惟因人員異動以致離職與新進人員之薪資差，不在此限。",
"電子零組件業","3191","雲嘉南","2969","5","594","556","6.83%","596","598","-0.33%","-0.57","747","2.21","N","N","N","","",
"生技醫療業","3205","佰研","25261","39","648","627","3.35%","528","561","-5.88%","-1.49","787","0.41","N","N","N","","",
"電子零組件業","3206","志豐","57114","47","1215","1127","7.81%","1204","1058","13.80%","4.10","747","2.21","N","N","N","","",
"電子零組件業","3207","耀勝","27850","46","605","844","-28.32%","562","850","-33.88%","-0.16","747","2.21","N","N","N","","",
"電腦及週邊設備業","3211","順達","259660","201","1292","1252","3.19%","1202","1168","2.91%","17.59","909","4.39","N","N","N","","",
"電腦及週邊設備業","3213","茂訊","237854","279","853","840","1.55%","744","734","1.36%","8.44","909","4.39","N","Y","N","公司因規模較小，組織結構也與同業不同，二大事業部的基層員工占比高，且年資相對淺，降低了平均薪資。","本公司已訂定合理的員工福利措施(包含薪酬、獎金、休假及各項福利等)，薪資報酬係依員工的專業能力、工作績效及考量公司未來營運風險等指標核定；另公司章程規定，公司年度如有獲利，提撥以5%~10%為員工酬勞。",
"電子零組件業","3217","優群","130694","102","1281","1151","11.29%","1040","954","9.01%","11.25","747","2.21","N","N","N","","",
"生技醫療業","3218","大學光","314416","268","1173","1150","2.00%","908","888","2.25%","12.57","787","0.41","N","N","N","","",
"其他電子業","3219","倚強科","104714","78","1342","1382","-2.89%","1129","1136","-0.62%","0.30","958","4.44","N","N","N","","",
"通信網路業","3221","台嘉碩","234330","417","562","547","2.74%","507","504","0.60%","0.98","840","2.51","N","N","N","","",
"電子通路業","3224","三顧","57289","75","764","803","-4.86%","684","668","2.40%","-1.01","812","1.36","N","N","Y","本公司已制定永續發展實務守則，第二十一條（二)本公司應訂定及實施合理員工福利措施，並將經營績效或成果，適當反映在員工薪酬，以確保人力資源之招募、留任和鼓勵，達成永續經營之目標。","業績獎金及年終獎金之方法。依據團隊經營績效與個人績效表現之權重核發。",
"電機機械","3226","龍鋒","91108","176","518","502","3.19%","433","419","3.34%","5.56","725","2.47","N","Y","N","營運績效:
2024年因台幣貶值，獲利受匯兌利益挹注，若以美元計算，營收與去年相當。
薪資較低：
1.基層員工占比高(約佔六成)，產線未有輪班制度，故無相關津貼加給獎金。
2.因今年生產產量下降，加班費減少。","持續配合勞基法及營運績效，逐年調整薪資，後續也配合證交法修章，將年度盈餘提撥一定比率給基層員工調整薪資或分派酬勞。",
"半導體業","3227","原相","1699204","561","3029","2500","21.16%","2864","2301","24.47%","12.52","1307","5.21","N","N","N","","",
"半導體業","3228","金麗科","114483","71","1612","1603","0.56%","1236","1216","1.64%","-0.34","1307","5.21","N","N","N","","",
"光電業","3230","錦明","29965","44","681","653","4.29%","494","588","-15.99%","3.83","856","2.40","N","Y","N","採取「控管人力成本、提高人均產值」策略，以精簡編制或職能整合提升獲利，造成平均薪資偏低的情形","定期參照同業薪資調查資料，依據職務類型、地區、年資等進行內部公平性與外部競爭力分析",
"電子通路業","3232","昱捷","31396","40","785","734","6.95%","663","629","5.41%","0.32","812","1.36","N","N","N","","",
"通信網路業","3234","光環","199883","268","746","761","-1.97%","639","660","-3.18%","-2.21","840","2.51","N","N","Y","113年經營績效雖較前一年成長，但仍持續虧損，因112年部份資深員工於下半年離職，其符合計入112年全時員工計算標準，113年新聘員工大多為到職未滿6個月，未符合計入113年全時員工計算標準，故本年申報數較上一年減少","本公司將依具整體營運狀況、員工個人績效表現及對公司貢獻度並參考同業水準給予合理的薪資報酬。",
"電子零組件業","3236","千如","119253","189","631","623","1.28%","514","522","-1.53%","0.04","747","2.21","N","N","N","","",
"觀光餐旅","3252","海灣","3146","7","449","420","6.90%","444","420","5.71%","-0.31","636","1.19","Y","N","N","本公司屬觀光餐飲業，主要係因飯店、餐飲人力招募不易，且新進員工居多，故導致非經理人之全時員工薪資平均數未達50萬元。","本公司於營運績效穩定成長之際，亦應更重視員工權益、增進基層員工薪資待遇、促進勞資雙贏，俾落實公司治理及企業社會責任。",
"半導體業","3259","鑫創","105704","91","1162","1200","-3.17%","1091","1163","-6.19%","-3.18","1307","5.21","N","N","Y","本公司113年度與112年度EPS分別為(3.18)及(4.34)，係因本公司仍在虧損故實施撙節計劃，112年9月發放之離職金3,932千元造成112年度非經理人全時員工薪資平均數較高，排除前項差異後113年度及112年度平均薪資相同","本公司每年有做市場薪酬調查，依據市場薪資水準，經濟趨勢及個人績效調薪，以維持整體薪酬競爭力，加上本公司章程訂定年度如有獲利提撥百分之一到百分之十為員工酬勞，前述員工酬勞之百分之五應為基層員工酬勞",
"半導體業","3260","威剛","1195846","636","1880","1309","43.62%","1195","1086","10.04%","9.25","1307","5.21","N","N","N","","",
"半導體業","3264","欣銓","1579094","1604","984","1064","-7.52%","781","862","-9.40%","4.44","1307","5.21","N","N","N","","",
"半導體業","3265","台星科","327502","367","892","862","3.48%","687","675","1.78%","6.23","1307","5.21","N","Y","N","半導體業包含IC設計、晶圓製造及封裝測試，企業類型與員工組織結構不同;而台星科為測試公司，且直接人力逾四成，因此造成平均薪資的差異性。","公司每年依獲利情形配發獎金與調薪，持續優化薪酬福利。",
"半導體業","3268","海德威","23658","35","676","644","4.97%","660","621","6.28%","0.26","1307","5.21","N","N","N","","",
"電腦及週邊設備業","3272","東碩","227930","316","721","683","5.56%","631","595","6.05%","-3.15","909","4.39","N","N","N","","",
"電子零組件業","3276","宇環","2294","3","765","969","-21.05%","777","1082","-28.19%","-0.14","747","2.21","N","N","N","","",
"其他","3284","太普高","49698","75","663","568","16.73%","629","546","15.20%","2.55","695","2.24","N","Y","N","本公司113年EPS 2.55元，主係營業外收入-採用權益法認列之關聯企業及合資損益之份額增加所致。113年個體營收較去年成長約30%，非擔任主管職務員工平均薪資較上年度增加16.73%，經營績效與員工薪酬呈正相關。","113年因營業外收入增加致使獲利增加，公司亦增加員工酬勞，公司秉持共創價值、利潤分享之理念，將持續提升員工薪資福利，並依各別員工表現予以調高薪資，以提振員工士氣。",
"其他電子業","3285","微端","32718","46","711","673","5.65%","656","591","11.00%","1.18","958","4.44","N","N","N","","",
"電腦及週邊設備業","3287","廣寰科","4483","6","747","662","12.84%","648","589","10.02%","2.35","909","4.39","N","N","N","","",
"電子零組件業","3288","點晶","13714","13","1055","855","23.39%","502","484","3.72%","-0.35","747","2.21","N","N","N","","",
"其他電子業","3289","宜特","1194233","1102","1084","1048","3.44%","944","915","3.17%","6.50","958","4.44","N","N","N","","",
"電子零組件業","3290","東浦","50833","78","652","630","3.49%","552","519","6.36%","2.02","747","2.21","N","N","N","","",
"文化創意業","3293","鈊象","3970774","1115","3561","2805","26.95%","2585","2176","18.80%","32.14","1357","7.81","N","N","N","","",
"電子零組件業","3294","英濟","286710","360","796","810","-1.73%","645","669","-3.59%","0.58","747","2.21","N","N","Y","因應113年度產能擴增，公司於上半年大規模招募基層員工，以支援生產線運作、確保交期穩定。因此非經理全時人員新進低薪員工比例上升，致使整體平均薪資下降。此為人力結構變動所致，並非既有員工待遇下調。","此為人力結構變動所致，並非既有員工待遇下調。未來將持續參考市場薪資調查，檢視並優化薪資結構，以提升整體薪酬競爭力。",
"光電業","3297","杭特","83735","135","620","585","5.98%","523","483","8.28%","-0.13","856","2.40","N","N","N","","",
"其他電子業","3303","岱稜","357411","423","845","735","14.97%","782","665","17.59%","3.90","958","4.44","N","N","N","","",
"通信網路業","3306","鼎天","135637","109","1244","1178","5.60%","953","1013","-5.92%","2.93","840","2.51","N","N","N","","",
"電子零組件業","3310","佳穎","57489","86","668","643","3.89%","601","556","8.09%","2.50","747","2.21","N","Y","N","本公司113年度平均每股盈餘主要貢獻係來自認列子公司及關聯企業損益之份額，與同業屬性較不一致。","加強成本管控與推動營收提升，增加獲利用以提高員工平均薪資。",
"其他","3313","斐成","842","2","421","617","-31.77%","497","810","-38.64%","1.03","695","2.24","Y","N","Y","本公司113年度整體經營績效較前一年度成長，惟非主管職員工平均薪資呈現下滑，主要係因本年度有兩位原屬主管職之員工離職，其薪資水準相對較高，致年度平均薪資產生統計性下修","本公司薪酬政策維持穩定，並持續透過年終獎金及其他激勵機制反映公司經營成果與員工貢獻。",
"半導體業","3317","尼克森","141497","119","1189","1171","1.54%","982","971","1.13%","2.49","1307","5.21","N","N","N","","",
"電子零組件業","3322","建舜電","57127","62","921","964","-4.46%","761","755","0.79%","-0.87","747","2.21","N","N","N","","",
"電腦及週邊設備業","3323","加百裕","232994","291","801","759","5.53%","650","624","4.17%","-1.11","909","4.39","N","N","N","","",
"其他電子業","3324","雙鴻","270037","200","1350","1153","17.09%","1128","1053","7.12%","21.23","958","4.44","N","N","N","","",
"電腦及週邊設備業","3325","旭品","14864","27","551","547","0.73%","496","507","-2.17%","-0.89","909","4.39","N","N","N","","",
"電子零組件業","3332","幸康","197155","273","722","761","-5.12%","642","641","0.16%","2.18","747","2.21","N","N","N","","",
"光電業","3339","泰谷","90104","151","597","557","7.18%","508","467","8.78%","0.25","856","2.40","N","N","N","","",
"電腦及週邊設備業","3349","寶德","32356","39","830","856","-3.04%","829","822","0.85%","-1.05","909","4.39","N","N","Y","本年度 EPS 較前一年度改善，惟年終與績效獎金發放仍偏保守。非主管職平均薪資由 856 千元降至 830 千元，主因高薪資深員工離職、新進人員增加，且獎金發放基數微幅調降，致平均薪資下降，惟人力配置穩定。","公司持續優化營運管理，強化成本控管與人力資源配置，兼顧激勵效果與財務平衡，進一步優化人才結構與薪資配置，以提升營運效益及留才穩定性。",
"電子零組件業","3354","律勝","40539","63","643","654","-1.68%","550","530","3.77%","-0.34","747","2.21","N","N","Y","113年景氣回升，除了既有產品（軟板基材/保膠/純膠）銷售外，新產品於113年起已陸續有小量訂單，故業績增加；但因公司已持續幾年虧損，故在獎金上採保守情形，減少發放，致薪資平均數減少。","配合公司財務逐漸步改善情況，規劃未來年度對員工獎金做合理調升，提升薪資競爭力。",
"電子零組件業","3357","臺慶科","367177","463","793","680","16.62%","683","580","17.76%","7.33","747","2.21","N","N","N","","",
"電子通路業","3360","尚立","52783","64","825","804","2.61%","771","761","1.31%","-0.48","812","1.36","N","N","N","","",
"光電業","3362","先進光","442749","754","587","576","1.91%","537","519","3.47%","2.67","856","2.40","N","Y","N","本公司在台灣包含全製程(射出、鍍膜及組裝)製造人數約占總人數80%，其他光學同業如新鉅科、玉晶光等公司其在台灣主要係以研發為主，低技術製程全都在海外廠，致本公司平均薪資低於其他光學同業。","1.公司已擬定逐年調升基層與技術職人員固定薪資之政策，並已納入年度預算。
2.公司將每年檢視內外部薪資水準，並以台灣同業及區域性製造業為基準進行比對，以持續檢討人員薪酬結構之合理性與競爭性。",
"通信網路業","3363","上詮","141536","179","791","649","21.88%","654","544","20.22%","-0.48","840","2.51","N","N","N","","",
"半導體業","3372","典範","236022","368","641","636","0.79%","581","585","-0.68%","-1.06","1307","5.21","N","N","N","","",
"其他電子業","3373","熱映","33012","53","623","725","-14.07%","570","652","-12.58%","-0.66","958","4.44","N","N","Y","除員工薪資外，公司依營運狀況提撥年終獎金及其他獎金，並依員工績效考核成績(如：工作表現、專案貢獻)為發放之參考依據。","本公司戮力提升企業營收及獲利，配合企業獲利及未來營運發展，相對積極提高員工薪資及酬勞，並增加員工各項福利措施。",
"半導體業","3374","精材","1451136","1344","1080","923","17.01%","809","694","16.57%","6.15","1307","5.21","N","Y","N","半導體業含晶片設計、製造及後段封測，員工結構差異大，致平均薪資不盡具可比較性。精材為封測公司，直接人力約佔五成，致平均薪資相對較低。","本公司113年度獲利年增21%，且平均員工薪資亦年增17%，故員工薪酬與公司經營績效之關聯實屬合理。
本公司員工薪酬參考封測同業水準，每年調薪，獲利與員工共享，並持續優化薪酬福利。",
"電機機械","3379","彬台","46675","58","805","784","2.68%","725","714","1.54%","1.09","725","2.47","N","N","N","","",
"電子零組件業","3388","崇越電","129335","95","1361","1204","13.04%","1326","1195","10.96%","4.09","747","2.21","N","N","N","","",
"電子零組件業","3390","旭軟","172656","299","577","542","6.46%","512","477","7.34%","1.41","747","2.21","N","N","N","","",
"其他電子業","3402","漢科","371993","427","871","832","4.69%","721","675","6.81%","6.78","958","4.44","N","Y","N","因公司海內外業務量增加，營運人力需求擴充，補進新人任職期間較短、資歷較淺、薪資較低，致平均薪資低於同業水準。","提高新進人員起薪，另外於章程上已訂員工酬勞數額中應提撥不低於20%分派予基層員工。",
"電機機械","3426","台興","36030","55","655","656","-0.15%","559","571","-2.10%","3.44","725","2.47","N","Y","Y","113年員工55人，其中本外籍作業員占 45 %，其薪資水準接近基本工資，故整體薪資較同業為低。","建議依市場行情及經營成果擬定調薪範圍區間結果比例化。",
"化學工業","3430","奇鈦科","104947","133","789","729","8.23%","700","664","5.42%","4.79","759","1.61","N","N","N","","",
"光電業","3434","哲固","77598","102","761","642","18.54%","623","543","14.73%","1.67","856","2.40","N","N","N","","",
"半導體業","3438","類比科","200433","117","1713","1471","16.45%","1547","1320","17.20%","1.51","1307","5.21","N","N","N","","",
"光電業","3441","聯一光電","9979","17","587","589","-0.34%","583","580","0.52%","1.40","856","2.40","N","N","Y","113年非經理人之員工薪資平均數較前一年減少，因113年11月有一員工退休。申報112和113年之非經理人人數雖相同但113年底實際人數已減少，相對固定薪資和年終獎金也減少，因而影響整體薪資總額減少。","公司之員工已達退休年齡並於113年提出退休申請，本公司依職工退休辦法辦理員工退休事宜。關於員工薪資，公司考量員工工作表現、品德等，得以反映於員工薪酬上。",
"電子通路業","3444","利機","69747","60","1162","973","19.42%","870","882","-1.36%","2.39","812","1.36","N","N","N","","",
"光電業","3455","由田","320025","290","1104","1091","1.19%","976","937","4.16%","5.29","856","2.40","N","N","N","","",
"其他電子業","3465","進泰電子","13055","17","768","744","3.23%","539","534","0.94%","0.78","958","4.44","N","N","N","","",
"通信網路業","3466","德晉","26357","36","732","754","-2.92%","700","695","0.72%","-2.56","840","2.51","N","N","Y","本公司EPS較前一年度虧損縮小,惟員工平均薪資因資深員工離職並由新進人員遞補而略降,整體薪酬政策依市場水準與績效調整,具合理性","公司將持續優化薪酬結構,強化績效連結與人才激勵，隨營運改善逐步提升薪酬水準，以兼顧經營績效與員工權益",
"半導體業","3467","台灣精材","103961","166","626","0","0.00%","579","0","0.00%","1.02","1307","5.21","N","N","N","","",
"電腦及週邊設備業","3479","安勤","337537","304","1110","1181","-6.01%","979","1026","-4.58%","6.85","909","4.39","N","N","N","","",
"電腦及週邊設備業","3483","力致","197910","192","1031","923","11.70%","885","844","4.86%","8.27","909","4.39","N","N","N","","",
"電子零組件業","3484","崧騰","197666","189","1046","861","21.49%","929","763","21.76%","4.17","747","2.21","N","N","N","","",
"建材營造","3489","森寶","22193","22","1009","890","13.37%","913","797","14.55%","-0.89","1007","3.22","N","N","N","","",
"光電業","3490","單井","76956","95","810","802","1.00%","740","719","2.92%","1.66","856","2.40","N","N","N","","",
"通信網路業","3491","昇達科","235801","265","890","667","33.43%","720","580","24.14%","8.59","840","2.51","N","N","N","","",
"電子零組件業","3492","長盛","37396","40","935","883","5.89%","900","854","5.39%","1.62","747","2.21","N","N","N","","",
"其他電子業","3498","陽程","254466","317","803","866","-7.27%","708","744","-4.84%","-2.50","958","4.44","N","N","N","","",
"通信網路業","3499","環天科","71505","127","563","549","2.55%","470","483","-2.69%","0.02","840","2.51","N","N","N","","",
"其他電子業","3508","位速","51146","66","775","760","1.97%","640","625","2.40%","-1.65","958","4.44","N","N","N","","",
"電子零組件業","3511","矽瑪","55046","55","1001","1167","-14.22%","859","898","-4.34%","-1.26","747","2.21","N","N","N","","",
"建材營造","3512","皇龍","21752","27","806","1157","-30.34%","790","1066","-25.89%","0.58","1007","3.22","N","N","N","","",
"光電業","3516","亞帝歐","35724","68","525","497","5.63%","445","429","3.73%","0.36","856","2.40","N","N","N","","",
"電子零組件業","3520","華盈","14364","19","756","774","-2.33%","667","687","-2.91%","0.29","747","2.21","N","N","Y","章程規定年度如有獲利，應提撥不低於2.5%為員工酬勞，業務人員依《業務部績效獎勵管理辦法》實施獎金制度，與公司整體盈餘掛勾。今年度有6人離職、13人新進，新進員工多為初階職務，起薪水準較低，致平均值下降。","114年4月13日董事會通過修訂公司章程，明定酬勞分配之40%應分配予基層員工，確保公司獲利與非主管薪資改善直接連動。",
"建材營造","3521","鴻翊","32896","49","671","677","-0.89%","595","606","-1.82%","-1.05","1007","3.22","N","N","Y","113年度及112年度為累計虧損，皆未估列員工酬勞。雖然113年度虧損較112年度減少，但仍是虧損狀態。非經理人全時員工薪資平均數113年度較112年度減少約0.89%，變動主因113年度部分離職員工薪資較高所致。","未來公司會致力於增加營收及獲利，並視公司獲利狀況與員工共享營運成果。",
"觀光餐旅","3522","御嵿","11104","14","793","617","28.53%","717","570","25.79%","-2.28","636","1.19","N","N","N","","",
"光電業","3523","迎輝","45408","75","605","612","-1.14%","545","573","-4.89%","-2.22","856","2.40","N","N","Y","113年EPS為-2.22，較112年-2.70略有改善，
因接單策略調整，加班需求下降，加班費相對減少，
導致薪酬略降，整體仍與績效變動具連動合理性。","為提升營運與員工薪酬，將檢討獎酬制度、強化成本控管並推動多元接單，以穩定獲利並提高整體薪資水準。",
"電子零組件業","3526","凡甲","128696","69","1865","1475","26.44%","1638","1359","20.53%","16.80","747","2.21","N","N","N","","",
"半導體業","3527","聚積","291754","200","1459","1492","-2.21%","1259","1302","-3.30%","0.28","1307","5.21","N","N","Y","113年EPS較前一年度成長，主因為業外(匯兌利益)增加，本業仍為營業淨損，故全體員工績效
獎金未達發放標準，且112年進行人力調整，故113年薪資平均數略低於112年。","113年已進行結構性調薪，本公司將持續檢視經營績效與員工薪酬之關聯性與合理性。",
"半導體業","3529","力旺","920962","294","3133","2576","21.62%","2718","2264","20.05%","24.57","1307","5.21","N","N","N","","",
"光電業","3531","先益","71427","105","680","783","-13.15%","564","662","-14.80%","1.35","856","2.40","N","N","N","","",
"電子零組件業","3537","堡達","51625","48","1076","1048","2.67%","979","917","6.76%","3.67","747","2.21","N","N","N","","",
"電腦及週邊設備業","3540","曜越","146265","195","750","842","-10.93%","635","694","-8.50%","-1.35","909","4.39","N","N","N","","",
"其他電子業","3541","西柏","242291","331","732","760","-3.68%","613","631","-2.85%","-0.04","958","4.44","N","N","Y","兩年皆因虧損未提撥員工酬勞，惟年終獎金因營收大幅下降，提撥金額較前一年減少約60%。","公司仍持續辦理調薪晉升、招募專業人才及培訓，並推動健康促進、托育補助、旅遊與尾牙等福利，維護員工福祉與薪酬合理性。",
"文化創意業","3546","宇峻","440576","483","912","909","0.33%","798","798","0.00%","5.54","1357","7.81","N","N","N","","",
"電子零組件業","3548","兆利","376177","544","692","631","9.67%","553","471","17.41%","8.73","747","2.21","N","Y","N","因本公司產業特性因素，基層作業人員占員工總體結構比例較高，致使非主管職務之全時員工薪資平均數較低。此為結構性分布差異所致，並不直接反映各職級薪酬競爭力。","1.本公司會依個人績效進行評估調整薪資。
2.本公司每年會對整體市場行情進行調查，評估相關職位薪資水平予以調整。",
"綠能環保","3551","世禾","560199","711","788","760","3.68%","670","654","2.45%","6.63","826","3.76","N","Y","N","世禾雇用33.41%外籍員工，影響平均薪資水準。依勞動部統計查詢網製造業統計資料計算，最近年度每人每月平均薪資為44,306元，而世禾每人每月平均薪資為65,659元，較台灣其他製造業經常薪資高，故屬合理範圍。","具體改善措施說明：世禾已於114年3月進行台籍員工薪資普調1500元，並預計於7~9月進行計劃性年度調薪，調薪幅度約3.5%~4.5%。",
"其他電子業","3552","同致","245160","288","851","843","0.95%","723","696","3.88%","1.54","958","4.44","N","N","N","","",
"半導體業","3555","博士旺","7044","6","1174","860","36.51%","1173","841","39.48%","-0.19","1307","5.21","N","N","N","","",
"半導體業","3556","禾瑞亞","197941","157","1261","1077","17.08%","1026","919","11.64%","2.28","1307","5.21","N","N","N","","",
"通信網路業","3558","神準","1190502","1682","708","908","-22.03%","564","704","-19.89%","4.71","840","2.51","N","Y","N","本公司目前生產基地全部位於台灣，生產直接相關人員人數佔全體員工人數43.64%，相對拉低薪資平均數；另本公司113年營運未如預期，生產人員加班需求減少，加班費大幅下降，及績效獎金減少，亦影響薪資平均數。","本公司除已進行年度調薪，也將積極開發市場，及在越南建立生產基地，提升營運規模與績效，以期增加員工薪資及獎金。",
"通信網路業","3564","其陽","181065","203","892","840","6.19%","742","675","9.93%","0.89","840","2.51","N","N","N","","",
"半導體業","3567","逸昌","78579","129","609","652","-6.60%","521","524","-0.57%","1.87","1307","5.21","N","N","N","","",
"資訊服務業","3570","大塚","164248","153","1074","1060","1.32%","878","849","3.42%","12.98","976","3.68","N","N","N","","",
"電腦及週邊設備業","3577","泓格","286271","360","795","739","7.58%","655","669","-2.09%","1.62","909","4.39","N","N","N","","",
"其他電子業","3580","友威科","85407","106","806","721","11.79%","675","628","7.48%","5.08","958","4.44","N","Y","N","本公司113年度EPS較佳，主係因處理轉投資公司導致所得稅利益增加，屬非經常性因素所造成之會計利益，故此利益增加未反映至母公司員工薪資，且雖平均薪資低於同業水準，但113年薪資平均數及中位數均較112年有所成長。","本公司將定期檢視並參考同業市場水準調整薪資結構，且強化績效獎酬連結，激勵員工表現，提升市場競爭力。。",
"半導體業","3581","博磊","105420","115","917","911","0.66%","791","773","2.33%","0.60","1307","5.21","N","N","N","","",
"其他電子業","3587","閎康","900997","788","1143","1091","4.77%","1054","1011","4.25%","10.39","958","4.44","N","N","N","","",
"電腦及週邊設備業","3594","磐儀","134057","169","793","772","2.72%","681","668","1.95%","1.36","909","4.39","N","N","N","","",
"電子零組件業","3597","映興","66390","125","531","500","6.20%","492","433","13.63%","1.32","747","2.21","N","N","N","","",
"電子零組件業","3609","三一東林","23305","33","706","683","3.37%","640","569","12.48%","-4.71","747","2.21","N","N","N","","",
"電腦及週邊設備業","3611","鼎翰","288433","350","824","863","-4.52%","648","683","-5.12%","14.19","909","4.39","N","Y","N","-公司透過有紀律的資源運用與長期營運效率優化維持獲利; 加上多年未發行新股對外籌資，故能維持較高之EPS。
-台灣工廠擔負重要生產任務，直接員工佔整體員工比重高，因而影響全時員工薪資平均數，低於同業水準。","-持續優化生產、營運效率，提升人均產值，並將人力資源配置於高附加價值領域。
-透過全球人力、生產、研發與資本配置優化，提高企業競爭力、彈性與成本效益，降低單一地區人員結構對平均薪資的影響。",
"光電業","3615","安可","65411","75","872","804","8.46%","609","665","-8.42%","0.00","856","2.40","N","N","N","","",
"光電業","3623","富晶通","70112","111","632","581","8.78%","540","527","2.47%","-0.93","856","2.40","N","N","N","","",
"電子零組件業","3624","光頡","513569","750","685","648","5.71%","584","537","8.75%","2.06","747","2.21","N","N","N","","",
"電腦及週邊設備業","3625","西勝","70217","84","836","810","3.21%","704","729","-3.43%","-1.39","909","4.39","N","N","N","","",
"其他電子業","3628","盈正","263888","323","817","796","2.64%","724","690","4.93%","2.15","958","4.44","N","N","N","","",
"文化創意業","3629","地心引力","5131","8","641","587","9.20%","550","423","30.02%","-1.05","1357","7.81","N","N","N","","",
"光電業","3630","新鉅科","132387","161","822","803","2.37%","721","703","2.56%","-2.52","856","2.40","N","N","N","","",
"電子零組件業","3631","晟楠","1822","3","607","616","-1.46%","538","499","7.82%","-0.56","747","2.21","N","N","Y","本公司&#63886;&#64001;如有獲&#63965;，應提撥（一）員工酬勞百分之六；（二）董事酬勞不高於百分之五；但公司尚有累積虧損時，應預先保留彌補數額。","113年度非經理人之全時員工(年度)薪資平均數未達50萬元主要原因為人員離職, 空窗期期間未支付薪資所造成。
擬透過就業服務站聘僱待業員工，縮短因員工離職造成空窗期。",
"通信網路業","3632","研勤","28498","31","919","935","-1.71%","721","730","-1.23%","-0.29","840","2.51","N","N","N","","",
"電子零組件業","3646","艾恩特","4589","5","918","971","-5.46%","1026","940","9.15%","1.39","747","2.21","N","N","Y","113年度下半年景氣持續下行，訂單減少，客戶要求降價，本司啟動全面費用樽節，故薪資平均數微減。
本司將持續優化獎酬機制，讓員工分享公司獲利成長成果。","已優化獎酬機制(稅前利益提撥不低於1%為員工酬勞，前項員工酬勞數額中，提撥不低於1%為基層員工分派酬勞)，讓員工分享公司獲利成果。",
"其他電子業","3663","鑫科","143673","198","726","738","-1.63%","709","730","-2.88%","0.66","958","4.44","N","N","Y","公司本業受面板產業影響，經營績效縮減，主要獎金與本業之經營績效高度掛勾。本公司EPS的成長，係因本年度併購轉投資事業公司盈餘挹注所得之獲利，相關盈餘獲利亦提撥轉為產銷獎金發放，以彌補本業所受之衝擊。","公司經營方向已調整為半導體業並以集團經營綜效為獲利考量，以減輕面板業相關業務的衝擊，隨著新供應鏈的參與和信任，本業的業績預計可獲得有效性的改善。",
"光電業","3666","光耀","87515","150","583","565","3.19%","531","522","1.72%","-5.29","856","2.40","N","N","N","","",
"通信網路業","3672","康聯訊","82396","96","858","836","2.63%","714","711","0.42%","-2.04","840","2.51","N","N","N","","",
"半導體業","3675","德微","200943","283","710","675","5.19%","613","573","6.98%","8.34","1307","5.21","N","Y","N","113年因全球景氣仍未回升，影響公司年度獲利不如預期，致公司113年各類獎金未能足額發放，使平均薪資下滑。","待景氣回升，將評估業界水平，訂定更具鼓勵性獎酬政策以利內部留才。",
"半導體業","3680","家登","586499","564","1040","891","16.72%","877","774","13.31%","12.32","1307","5.21","N","Y","N","我司製造人力占六成，人力結構與同業不同，平均薪資不具可比性；公司連續三年優於業界調薪並推動多元獎酬，含113年成家計畫、員工認股權等長期激勵措施，申報數僅為部分獎酬，無法全面呈現實質照顧同仁之感受。","參與薪資調查報告、並持續推動多元獎酬、成家計劃、員工認股…等，依公司獲利狀況逐年建議薪酬提撥數貼近大廠，並對分析產業年薪，持續保持業界調薪競爭力。",
"通信網路業","3684","榮昌","54529","80","682","753","-9.43%","553","593","-6.75%","2.80","840","2.51","N","Y","Y","因業務急需求擴增短期生產人力致年化薪資略低.","人力配置將因應公司營運需求佈局, 以達成勞資雙贏的目標",
"電機機械","3685","元創精密","4986","7","712","680","4.71%","713","724","-1.52%","-0.53","725","2.47","N","N","N","","",
"數位雲端","3687","歐買尬","24083","30","803","760","5.66%","757","698","8.45%","2.33","841","2.11","N","Y","N","本公司113年度EPS主要來自業外投資收入, 且未滿6個月人數有10人, 致計入全時員工較少, 惟若平均薪資較前一年成長2.8%, 應屬合理。","已修改章程, 明訂基層員工酬勞比率, 並持續重視員工福利, 降低員工離職率。",
"電子零組件業","3689","湧德","118303","102","1160","1098","5.65%","1081","1005","7.56%","6.42","747","2.21","N","N","N","","",
"光電業","3691","碩禾","186439","230","811","792","2.40%","689","673","2.38%","-5.61","856","2.40","N","N","N","","",
"電腦及週邊設備業","3693","營邦","833267","602","1384","1419","-2.47%","1172","1201","-2.41%","27.30","909","4.39","N","N","Y","因基層人力短缺，外籍員工佔比達直接人工比重達68%，故平均薪資較同業略低。","本公司實施年終獎金制度，以年度營運績效結果做為獎金、晉升及調薪之參考，將持續致力員工薪酬結構之優化。",
"半導體業","3707","漢磊","761599","804","947","930","1.83%","839","835","0.48%","-1.51","1307","5.21","N","N","N","","",
"電腦及週邊設備業","3709","鑫聯大投控","223921","282","794","744","6.72%","657","598","9.87%","2.43","909","4.39","N","N","N","","",
"電子零組件業","3710","連展投控","86556","102","849","842","0.83%","773","738","4.74%","-0.48","747","2.21","N","N","N","","",
"綠能環保","3713","新晶投控","17663","35","505","479","5.43%","434","373","16.35%","-0.53","826","3.76","N","N","N","","",
"生技醫療業","4102","永日","94197","130","725","733","-1.09%","656","667","-1.65%","1.52","787","0.41","N","Y","Y","因人員異動，導致任職未滿六個月的人數增加，致使公司平均薪資相較於同業略少。","本公司將繼續提升營運績效，提高員工薪酬。",
"生技醫療業","4105","東洋","655616","515","1273","1244","2.33%","1073","1051","2.09%","5.83","787","0.41","N","N","N","","",
"生技醫療業","4107","邦特","242741","388","626","607","3.13%","541","535","1.12%","7.62","787","0.41","N","Y","N","同為生醫產業，營運模式與人才結構差異大，平均值易受拉低。
113年非擔任主管職務之全時員工薪資總額相較前年增加7.5%，平均薪資提升3%。
公司營運持續成長，著重永續與成本控管，避免大幅調薪造成財務不確定性。","持續依市場趨勢及經營成果調整薪資，調幅維持在3%至6%。並參考同業的薪酬策略，適時調整薪資，逐年縮小與產業平均之落差。
將公司獲利提撥百分之五以上作為員工酬勞與基層員工調整薪資，確保公司利潤與員工共享。",
"生技醫療業","4109","加捷生醫","27444","53","518","491","5.50%","484","481","0.62%","2.16","787","0.41","N","Y","N","員工薪資總額除受各月給薪人數增減變化之影響外，亦因個月給薪人數增減變化及個人敘薪金額不同而有所影響；資淺(新進)員工較多亦為影響之因素。","降低員工的流動率，提升新進員工的留職率；另當公司有獲利時，適時提撥一定比率，作為非經理人之全時員工調薪或給予紅利獎金之用。",
"生技醫療業","4111","濟生","155172","252","616","579","6.39%","586","542","8.12%","1.94","787","0.41","N","Y","N","因113年大型輸液缺藥事件，新增醫學中心客戶及健保給付價格調整，致營業收入與本期淨利顯著成長，EPS表現優於同業。","為配合整體獲利提升，並激勵員工士氣與留才策略，已於114年4月全面調薪，調幅為2%至5.5%，平均調幅4%。",
"建材營造","4113","聯上","22279","23","969","627","54.55%","901","628","43.47%","3.55","1007","3.22","N","Y","N","113年度營收係屬先前年度之預售個案，期間人員異動貢獻度亦有所不同。年度終了由各部門主管考核後，依其考核結果核發。經扣減先前待彌補虧損後，並依據公司章程提撥一定比率做為員工酬勞發放，應屬合理允當。","每年定期於1月份進行調薪考核評估，參考市場行情及物價等因素進行全面性調薪評估，做適當調薪依據。不論盈虧於否亦會發放年終獎金以慰勞員工一年之辛勞。倘有營盈依其法令提撥員工酬勞，共享營運成果，以達共榮。",
"生技醫療業","4114","健喬","523285","441","1187","1123","5.70%","939","836","12.32%","1.63","787","0.41","N","N","N","","",
"生技醫療業","4116","明基醫","103705","114","910","882","3.17%","838","827","1.33%","2.35","787","0.41","N","N","N","","",
"生技醫療業","4120","友華","270772","247","1096","1112","-1.44%","932","957","-2.61%","-3.27","787","0.41","N","N","N","","",
"生技醫療業","4121","優盛","61498","87","707","693","2.02%","651","609","6.90%","-0.34","787","0.41","N","N","N","","",
"生技醫療業","4123","晟德","175693","176","998","957","4.28%","833","831","0.24%","-1.55","787","0.41","N","N","N","","",
"生技醫療業","4126","太醫","456155","756","603","578","4.33%","532","501","6.19%","6.17","787","0.41","N","Y","N","本公司近年營收穩健良好，長期開發供應多樣化醫材產品，基層人力需求較高，113年約占全體員工人數62.3%；全時員工平均薪資較前一年成長4.3%。","113年公司動員工持股信託，持續優化薪酬福利。",
"生技醫療業","4127","天良","27322","50","546","536","1.87%","499","483","3.31%","0.26","787","0.41","N","N","N","","",
"生技醫療業","4128","中天","111896","114","982","942","4.25%","793","729","8.78%","-1.87","787","0.41","N","N","N","","",
"生技醫療業","4129","聯合","513126","605","848","820","3.41%","813","726","11.98%","4.74","787","0.41","N","N","N","","",
"生技醫療業","4130","健亞","161839","184","880","879","0.11%","781","797","-2.01%","0.23","787","0.41","N","N","N","","",
"生技醫療業","4131","浩泰","14249","20","712","605","17.69%","625","572","9.27%","-1.23","787","0.41","N","N","N","","",
"生技醫療業","4138","曜亞","105145","111","947","969","-2.27%","767","812","-5.54%","5.66","787","0.41","N","N","N","","",
"生技醫療業","4147","中裕","79812","77","1037","1005","3.18%","865","857","0.93%","-0.75","787","0.41","N","N","N","","",
"生技醫療業","4153","鈺緯","112589","130","866","818","5.87%","750","698","7.45%","1.60","787","0.41","N","N","N","","",
"生技醫療業","4160","訊聯基因","130851","138","948","892","6.28%","821","775","5.94%","2.05","787","0.41","N","N","N","","",
"生技醫療業","4161","聿新科","106557","168","634","561","13.01%","559","483","15.74%","1.84","787","0.41","N","Y","N","本公司薪酬制度已部分反映個人績效與部門目標達成情況，整體薪酬調整主要依據年度績效評核結果及市場薪資水準進行同步連動。","薪資結構優化與調整：定期檢視市場薪資水準，進行內部薪資結構檢討與調整，確保具市場競爭力。",
"生技醫療業","4162","智擎","61599","31","1987","1696","17.16%","1848","1509","22.47%","12.19","787","0.41","N","N","N","","",
"生技醫療業","4163","鐿鈦","492353","709","694","629","10.33%","530","498","6.43%","5.38","787","0.41","N","Y","N","本公司113年度獲利較112年少，直接人員比例超過40%，而113年員工薪資平均數較112年已提高
10.33%，考量生技醫療產業之業態多樣，本公司依中部市場薪資水準、員工資歷及個人表現等因素給
薪，尚屬合理。","本公司已於114年開辦員工持股信託及執行結構式調薪等措施。",
"生技醫療業","4167","松瑞藥","211204","267","791","680","16.32%","701","629","11.45%","0.57","787","0.41","N","N","N","","",
"生技醫療業","4168","醣聯","37027","45","823","771","6.74%","737","695","6.04%","-2.12","787","0.41","N","N","N","","",
"農業科技","4171","瑞基","81631","128","638","599","6.51%","573","549","4.37%","-2.07","645","0.64","N","N","N","","",
"生技醫療業","4173","久裕","158911","203","783","738","6.10%","733","657","11.57%","1.26","787","0.41","N","Y","N","本公司113年度員工人數為203人，較112年度員工人數197人，增加6位新進員工，因新進員工未領滿全年薪資，致使公司平均薪較同業略少。
薪資平均數與同業薪資平均水準僅差距0.5%，無重大差異。","114年進行員工調薪。",
"生技醫療業","4174","浩鼎","145653","126","1156","1109","4.24%","1045","1004","4.08%","-9.89","787","0.41","N","N","N","","",
"生技醫療業","4175","杏一","698412","1145","610","591","3.21%","552","542","1.85%","1.65","787","0.41","N","Y","N","本公司以零售通路為主，第一線門市服務人員逾八成，與研發導向同業職能與薪資結構存在顯著差異。同仁專業養成期長，留任穩定性受多重因素挑戰。惟營運穩健，透過逐年調薪與獎酬機制，將經營成果合理反映於員工薪酬。","公司已透過年度調薪、明確晉升制度、強化教育訓練與優化福利措施，穩定人力並提升薪酬競爭力。未來持續深化人才培育與留任策略，逐步改善人力結構與報酬水準。",
"生技醫療業","4183","福永生技","67710","89","761","708","7.49%","644","571","12.78%","0.73","787","0.41","N","Y","N","1.本公司依薪資辦法、績效評核、營運績效、景氣等考量進行員工調薪及獎金分派，另依公司章程認列員工酬勞。
2.本公司因員工結構不同，與研發屬性生技公司不同。當年度公司「薪資平均、中位數」依舊較前年度增加。","持續強化團隊和產品技術，提升團隊績效，創造營收，利潤分享員工，創造雙贏。",
"生技醫療業","4188","安克","22048","23","959","870","10.23%","866","706","22.66%","-0.88","787","0.41","N","N","N","","",
"生技醫療業","4192","杏國","12089","17","711","651","9.22%","681","599","13.69%","-1.54","787","0.41","N","N","N","","",
"生技醫療業","4198","欣大健康","36819","36","1023","665","53.83%","818","568","44.01%","-1.71","787","0.41","N","N","N","","",
"食品工業","4205","中華食","192841","282","684","678","0.89%","676","659","2.58%","4.45","744","3.95","N","Y","N","一、地域性差異：北部消費水準、薪酬皆較高，參酌南部產業薪資水準制定薪資辦法。
二、產業特性：作業員工作性質簡單、輕體力無技術層次，薪資較低而降低整體平均數。
與高屏地區傳統產業相較，薪資水準尚屬合理。","一、本公司歷年來皆調薪約3%-5%。
二、未來將持續依南部高屏地區平均薪資水準制定。",
"食品工業","4207","環泰","128290","184","697","677","2.95%","690","660","4.55%","1.09","744","3.95","N","N","N","","",
"塑膠工業","4303","信立","18618","34","548","512","7.03%","529","439","20.50%","10.62","510","3.45","N","N","N","","",
"塑膠工業","4304","勝昱","20553","48","428","418","2.39%","428","445","-3.82%","-1.37","510","3.45","Y","N","N","1.工廠直接生產人員占比較高，且位於嘉義縣境， 
  薪資較都會區低，外籍員工占總人數17%。
2.當年任職給薪未滿六個月之員工人數較前一年
  度增加。","公司於年度決算如有盈餘，除繳納稅捐、彌補累積虧損及提列公積金外，視整體營運發展及同仁績效等綜合考量後，發給年終獎金及進行年度調薪。",
"塑膠工業","4305","世坤","70682","96","736","737","-0.14%","603","618","-2.43%","3.97","510","3.45","N","N","Y","主要系因112年度人員異動,未滿6個月移工人數增加至影響113年度整體非擔任主管職務之全時員工[薪資平均數及中位數]較112年略低。","113年度平均薪資調整2.7%~3.6%。",
"紡織纖維","4401","東隆興","299632","430","697","583","19.55%","594","502","18.33%","1.06","665","1.60","N","N","N","","",
"紡織纖維","4402","郡都開發","5812","9","646","774","-16.54%","544","769","-29.26%","-0.09","665","1.60","N","N","Y","本公司113年EPS較112年成長，但全時員工薪資平均數較112年減少，係因本公司預計於113年初更換經營團隊，於112年底資遣多位資深員工，並於當年度認列資遣費，致整體平均薪資減少。","本公司積極開拓新市場，持續創造收益，期待營運狀況能轉虧為盈，若有獲利將遵循公司章程規定替員工調薪或提撥員工酬勞。",
"紡織纖維","4406","新昕纖","54784","110","498","502","-0.80%","464","442","4.98%","-0.73","665","1.60","Y","N","N","主要係因本公司為製造業,大部份員工係從事直接生產之員工,公司經營績效與員工薪酬之間並無直接關係,平均數未達50萬元係因113年有年資及薪酬高的員工退休,補進薪酬低的新進員工所致。","本公司將持續配合法令相關規定調整員工薪資。",
"紡織纖維","4413","飛寶企業","32245","59","547","607","-9.88%","509","564","-9.75%","0.06","665","1.60","N","N","N","","",
"建材營造","4416","三圓","9674","8","1209","1051","15.03%","1007","809","24.47%","0.10","1007","3.22","N","N","N","","",
"紡織纖維","4417","金洲","119429","169","707","721","-1.94%","589","602","-2.16%","4.41","665","1.60","N","N","Y","主要原因係113年度共有5位高資歷員工退休，其中包括2位單位主管、1位現場幹部及2位日夜班輪調之員工。由於上述人員薪資水準較高，其退休對整體平均薪資產生下拉影響，致使薪資平均數較前一年度略為降低。","規劃員工之接班與傳承制度，並優化招募策略以吸引具潛力之新進人員，縮小新舊薪資落差；同時，透過提供多元福利與績效獎金，提升整體報酬制度。",
"觀光餐旅","4419","皇家美食","4966","8","621","435","42.76%","462","409","12.96%","-0.72","636","1.19","N","N","N","","",
"紡織纖維","4420","光明","51098","99","516","622","-17.04%","472","557","-15.26%","6.18","665","1.60","N","Y","N","本公司113年度排除投資性不動產出售利益後之稅前淨(損)益為-51,683仟元，紡織本業經營績效並不理想，本期提撥員工分紅較少，致全時員工薪資平均數低於同業水準。","本公司113年度有進行薪資結構調整，提高員工本薪之佔比，另114年度全體員工調薪幅度達2~3%，相信未來會和同業趨近。",
"其他","4430","耀億","147575","289","511","492","3.86%","437","426","2.58%","-0.58","695","2.24","N","N","N","","",
"紡織纖維","4432","銘旺實","54659","60","911","922","-1.19%","779","777","0.26%","2.64","665","1.60","N","N","Y","本公司113年主要獲利來源有一部份為未實現兌換利益，屬匯率波動之影響，另113年部分年資較久之員工離職及增加較多新進員工所致。","113年獲利較高，有部分為未實現兌換利益，而本公司已於114年2月調整員工薪資。",
"紡織纖維","4433","興采","238989","357","669","661","1.21%","610","588","3.74%","0.72","665","1.60","N","N","N","","",
"電機機械","4502","健信","95840","169","567","598","-5.18%","536","575","-6.78%","0.21","725","2.47","N","N","Y","1.113年度EPS較112年增加，主要係113年度外幣兌換利益增加，而營收及營業淨利較112年度減少。
2.113年度營收較112年衰退，致員工加班費及獎金減少，致員工平均薪資減少。","持續開發新訂單，生產量及銷售量增加，員工之加班費、獎金、薪資亦隨之增加。",
"電機機械","4503","金雨","81169","145","560","497","12.68%","504","458","10.04%","-1.27","725","2.47","N","N","N","","",
"電機機械","4506","崇友","1176074","1230","956","915","4.48%","949","900","5.44%","5.58","725","2.47","N","N","N","","",
"電機機械","4510","高鋒","159109","263","605","610","-0.82%","557","577","-3.47%","1.05","725","2.47","N","N","Y","113年度營收較112年度減少15%，營業損益減少47%，致加班費減少，故員工平均薪資較前一年度減少。113年度EPS增加主要係營業外收入增加，為處分不動產利益及外幣兌換利益所致。","本公司員工薪酬包含薪資、獎金及依公司章程提撥員工酬勞，薪資部分依公司營運績效及基本工資調整進行調薪。",
"電機機械","4513","福裕","99299","167","595","611","-2.62%","564","585","-3.59%","-0.49","725","2.47","N","N","N","","",
"電機機械","4523","永彰","122672","164","748","712","5.06%","677","628","7.80%","-1.53","725","2.47","N","N","N","","",
"電機機械","4527","方方土霖","166094","181","918","800","14.75%","883","762","15.88%","4.20","725","2.47","N","N","N","","",
"電機機械","4528","江興鍛","105489","191","552","576","-4.17%","532","532","0.00%","0.01","725","2.47","N","N","N","","",
"其他","4529","淳紳","10251","13","789","645","22.33%","684","667","2.55%","-1.30","695","2.24","N","N","N","","",
"觀光餐旅","4530","宏易","24239","52","466","480","-2.92%","437","444","-1.58%","-1.28","636","1.19","Y","N","N","主要係本公司餐飲事業經營狀況不佳，衍生缺工嚴重、離職率高，故基層員工薪資福利未能調升，另公司係屬餐飲業，計時人數及員工流動率較其他行業偏高，進而降低平均薪資且未達50萬元。","提升營收、強化經營管理",
"電機機械","4533","協易機","244499","308","794","725","9.52%","743","674","10.24%","1.55","725","2.47","N","N","N","","",
"電機機械","4534","慶騰","74338","135","551","509","8.25%","511","461","10.85%","0.23","725","2.47","N","N","N","","",
"電機機械","4535","至興","175329","337","520","513","1.36%","471","464","1.51%","2.44","725","2.47","N","N","N","","",
"電機機械","4538","大詠城","50438","95","531","518","2.51%","466","462","0.87%","0.19","725","2.47","N","N","N","","",
"其他","4541","晟田","378033","571","662","636","4.09%","620","552","12.32%","1.26","695","2.24","N","N","N","","",
"電子零組件業","4542","科嶠","66702","91","733","702","4.42%","683","650","5.08%","0.08","747","2.21","N","N","N","","",
"電機機械","4543","萬在","134727","268","503","466","7.94%","450","413","8.96%","2.09","725","2.47","N","N","N","","",
"電機機械","4549","桓達","143439","230","624","606","2.97%","553","527","4.93%","4.72","725","2.47","N","Y","N","本公司產品為客製化，少量多樣，故面對不同產業須投入更多人力提供售前服務，113年度EPS高於同業主要為產業特性所致。113年度員工薪資-平均數為624仟元，較112年度606仟元提高3%，較去年同期增加。","達成公司業績目標相對的也提高年度調薪並增加員工福利，例如:114年國內員工旅遊全額補助及眷屬部份補助。",
"電機機械","4550","長佳","53154","66","805","856","-5.96%","672","795","-15.47%","3.16","725","2.47","N","N","N","","",
"其他電子業","4554","橙的","75647","105","720","645","11.63%","613","566","8.30%","1.87","958","4.44","N","N","N","","",
"其他","4556","旭然","72854","115","634","599","5.84%","511","497","2.82%","0.34","695","2.24","N","N","N","","",
"電機機械","4558","寶緯","192317","319","603","570","5.79%","499","463","7.78%","0.48","725","2.47","N","N","N","","",
"電機機械","4561","健椿","142060","218","652","629","3.66%","577","568","1.58%","3.28","725","2.47","N","Y","N","1、本公司外籍勞工人數佔非擔任主管之員工人數約25%，致影響整體員工平均薪資水準較低。
2、本公司員工薪資平均數為652仟元，較112年度629仟元提高3.66%，較去年同期增加。","114年將進行薪資調整，6月進行資料收集，7月進行作業調整，8月生效，預計調整薪資總額3%~5%。",
"電機機械","4563","百德","158681","165","962","848","13.44%","916","804","13.93%","3.87","725","2.47","N","N","N","","",
"電機機械","4568","科際精密","18943","26","729","758","-3.83%","770","631","22.03%","2.81","725","2.47","N","N","Y","113年度平均薪資較前一年度減少主要係員工獲配之員工酬勞較少所致，由於113年及112年實際員工酬勞獲配金額分別來自112年及111年稅前淨利所提撥，又112年獲利較111年減少，致使113年平均薪資較112年減少。","本公司營運已較為穩定，且公司章程訂定當年度如有獲利，將自員工酬勞中提列一定比例為基層員工之酬勞，且對於非經理人全時員工每年均有一定幅度之加薪政策，顯示對非經理人全時員工之薪酬有一定的保障。",
"其他電子業","4577","達航科技","81682","113","723","809","-10.63%","707","723","-2.21%","-1.08","958","4.44","N","N","Y","本公司薪資報酬政策係依營業狀況、績效表現、市場競爭性及考量未來營運風險等指標。依公司章程規定，年度如有獲利，應提撥3%~10%為員工酬勞，但公司尚有累積虧損時，應預先保留彌補數額，再依前項比例提撥員工酬勞。","本公司年度依獲利狀況扣除累積虧損後如有餘額，即依公司章程估例員工及董監事酬勞。公司年度如有獲利，並依公司章程辦理，提撥為基層員工調整薪資或分派酬勞。但公司尚有累積虧損時，應予彌補。",
"電機機械","4580","捷流閥業","276732","270","1025","895","14.53%","887","800","10.88%","8.86","725","2.47","N","N","N","","",
"電機機械","4584","君帆","84719","129","657","607","8.24%","590","534","10.49%","3.60","725","2.47","N","Y","N","1.本公司外籍勞工人數佔非擔任主管之員工人數約18%，致影響整體員工平均薪資水準較低。
2.本公司113年度員工薪資平均數為657仟元，較112年度增加50仟元，提升8.2%。","1.員工薪酬包含本薪、獎金及依公司章程提撥員工酬勞，其中本薪每年依公司營運績效及考量物價波動進行調薪。
2.於114年修改公司章程，明訂提撥員工酬勞數額中，應提撥不低於一定比率為基層員工分派酬勞。",
"居家生活","4609","唐鋒","7423","10","742","758","-2.11%","812","753","7.84%","-0.47","694","8.76","N","N","Y","公司113年EPS(0.47)雖較112年EPS(0.78)為好，但仍是處於虧損狀況，因此113年薪資與112年持平未調整，薪資平均數下降是因為113年增加新進員工1名，任職期間未滿一年，計算員工人數加權平均仍以1人計所致。","公司未來仍持續開源節流，樽節支出，開發新機種以拓展業務營收，改善獲利增強員福薪資福利。",
"居家生活","4702","中美實","11542","16","721","755","-4.50%","710","760","-6.58%","0.58","694","8.76","N","N","N","","",
"化學工業","4706","大恭","141397","185","764","643","18.82%","734","621","18.20%","0.99","759","1.61","N","N","N","","",
"化學工業","4707","磐亞","68293","98","697","680","2.50%","636","614","3.58%","0.95","759","1.61","N","N","N","","",
"化學工業","4711","永純","52273","73","716","695","3.02%","681","664","2.56%","0.10","759","1.61","N","N","N","","",
"化學工業","4714","永捷","30195","51","592","567","4.41%","533","518","2.90%","0.38","759","1.61","N","N","N","","",
"化學工業","4716","大立","47506","76","625","565","10.62%","583","520","12.12%","0.94","759","1.61","N","N","N","","",
"化學工業","4721","美琪瑪","37462","51","735","816","-9.93%","631","694","-9.08%","3.36","759","1.61","N","Y","Y","獲利與員工分紅有關","1.2023年度因原料價格驟降而淨利降低，但2024年淨利已大幅改善故員工2025年分紅會增加
2.修改公司章程確保非經理人有一定薪水調薪，且2025年已調薪3%",
"生技醫療業","4726","永昕","276345","281","983","916","7.31%","876","821","6.70%","-2.27","787","0.41","N","N","N","","",
"生技醫療業","4728","雙美","95853","116","826","842","-1.90%","707","727","-2.75%","12.47","787","0.41","N","N","Y","本公司113年較112年增加的員工人數，絕大部分屬於基層生產人員，且當年度新進人員因任職時間較短，致薪資平均數較前一年度減少。","本公司薪資平均數於113年仍高於同業水準，並且已於114年第二季針對非經理人全時員工實施薪酬優化措施。",
"光電業","4729","熒茂","166018","299","555","502","10.56%","464","422","9.95%","0.40","856","2.40","N","N","N","","",
"生技醫療業","4735","豪展","52292","69","758","752","0.80%","599","589","1.70%","1.62","787","0.41","N","Y","N","因本年度新增訂單，產線作業人員需求增加，此部分增加人員薪資為略高於基本工資，也因當年度部分高階主管離職尚未有新繼人員，故造成整體員工薪資平均數下降，一班員工薪資亦符合市場行情。","此情況差異乃因訂單需求以及高階主管異動繼任問題所致,一般員工及產線人員薪資結構亦符合市場行情,未來仍會詳細評估並注意降低此差異性。",
"化學工業","4741","泓瀚","95175","155","614","583","5.32%","522","489","6.75%","1.99","759","1.61","N","Y","N","公司產線多為勞力密集的生產型態且雇有外籍移工。其中直接人工佔全體員工約42%，其外籍移工佔直接人工約47%，故影響平均薪資的金額。","與同業多為原料供應商不同，公司係客製化生產，產品多元化，自動化程度較低，且雇用外籍同仁，以致薪資平均低於同業平均。但113年薪資平均數仍較前一年增加約5.2%，並未低於同業之4.9%，公司仍會持續年度調薪。",
"生技醫療業","4743","合一","153835","150","1026","969","5.88%","747","732","2.05%","-2.44","787","0.41","N","N","N","","",
"生技醫療業","4744","皇將","81754","161","508","483","5.18%","473","449","5.35%","0.75","787","0.41","N","Y","N","雖本公司的薪資略低於生技醫療產業平均水平，主要
是所需員工學經歷亦有所差異，也因基於公司成本控
制和市場狀況的考量。","1.對表現優異的員工提供專項的薪酬調整和福利激勵。
2.將經營績效與員工薪酬進行更為緊密的掛鉤，讓薪酬體系具
有的合理性與市場競爭力。
3.定期了解員工需求，根據反饋調整薪酬政策，保持公平和透
明。",
"生技醫療業","4747","強生製藥","117834","157","751","700","7.29%","685","634","8.04%","1.87","787","0.41","N","Y","N","本公司為學名藥製造廠，獲利穩定，且因員工多為工廠生產作業人員，故與同業之平均薪資略有差異。","本公司將持續提升經營績效，並依相關辦法、績效考核、營運狀況等各方面綜合考量，視情況適時調整員工薪資以增進員工福利。",
"半導體業","4749","新應材","467663","380","1231","0","0.00%","1027","0","0.00%","8.50","1307","5.21","N","Y","N","本公司變動薪資與EPS高度相關，因公司處於成長階段，113年度新進人員較多，變動薪資年資基數較低，導致變動薪資金額較少，進而影響非主管年薪平均數及中位數。","本公司今年度將依照113年度大幅成長之營運績效提高變動獎金金額，並且持續參考產業標竿企業之非主管薪資年薪平均數及中位數，優化薪資結構。將營運成果回饋給共同努力打拼的員工，為公司未來發展開創更高的價值。",
"化學工業","4754","國碳科","63588","87","731","709","3.10%","659","541","21.81%","2.63","759","1.61","N","Y","N","113年度增補12位員工為年資較短的基層員工，因而影響年度薪資平均數計算。","員工酬勞提撥不低於20%分派予基層員工。",
"其他電子業","4760","勤凱科技","53767","97","554","529","4.73%","469","459","2.18%","6.30","958","4.44","N","Y","N","公司每年依績效調整薪資3%至8%，其中表現優異者，調薪幅度甚至可高達16%。員工酬勞及年終獎金發放金額亦隨獲利增加而調升，員工酬勞較112年度增加63 %，本公司隨著經營績效提升亦調增員工薪酬，調增的幅度適當合理。","員工酬勞及年終獎金發放金額隨獲利增加而調升員工薪酬，113年全公司平均年終獎金發放為2.31個月，優於112年度；員工酬勞亦較112年度增加63%，獲利與員工共享，持續優化薪酬福利。",
"化學工業","4767","誠泰科技","41060","48","855","831","2.89%","798","748","6.68%","2.82","759","1.61","N","N","N","","",
"化學工業","4768","晶呈科技","53989","68","794","855","-7.13%","684","789","-13.31%","2.90","759","1.61","N","N","Y","1.因113年聘顧之行政人員及技術員級員工較多之緣故。
2.另113年所發之獎金較112年減少，茲因薪資等級較低之員工人數較多，故拉低了薪資之平均數。","1.提高工程師以上人員的聘用。
2.每年調薪。
3.積極創造獲利，以發績效獎金。",
"化學工業","4772","台特化","58040","77","754","0","0.00%","724","0","0.00%","2.74","759","1.61","N","Y","N","本公司員工薪酬以績效為導向，113年度非主管職平均薪資金額為前一年度之1.18倍、員工酬勞金額為前一年度之2.78倍，整體薪酬較前一年度明顯成長亦符合在地薪資行情。","反應公司整體營運績效依績效表現，綜合評估檢視薪資水平予以適度調薪，獎金及紅利則隨著公司獲利狀況而發放。",
"文化創意業","4806","桂田文創","12245","22","557","836","-33.37%","551","657","-16.13%","-0.20","1357","7.81","N","N","Y","112年度業務大幅縮減，僅剩運作所需之員工，由於人力精簡身兼多項職能，故平均薪資較高。
113年度公司擴大營運，陸續招聘新進員工人員，故人員平均薪資回復至正常水準。","持續擴大營收，改善員工薪資福利。",
"通信網路業","4903","聯光通","58283","82","711","549","29.51%","703","598","17.56%","0.07","840","2.51","N","N","N","","",
"通信網路業","4905","台聯電","18370","27","680","633","7.43%","614","590","4.07%","2.91","840","2.51","N","Y","N","本公司113年度本業營業損失，獲利主要來自投資收益。由於投資損益受市場波動影響，本公司會視情況
調整固定薪資，以確保公司維持穩健的財務狀況。員工酬勞已依章程規定提撥2.68%，尚屬合理。","未來將檢討薪酬結構，參考同業標準，逐步提高基層員工薪資，促進經營成果共享。",
"建材營造","4907","富宇","18715","18","1040","988","5.26%","894","837","6.81%","6.00","1007","3.22","N","N","N","","",
"通信網路業","4908","前鼎","216822","264","821","774","6.07%","571","545","4.77%","2.82","840","2.51","N","Y","N","113年員工薪資平均數相較於112年已成長6.07%，惟113年度EPS高於同業，主要因匯率波動，致營業外收入大幅增加。","未來將持續提升員工薪資。",
"通信網路業","4909","新復興","104067","178","585","502","16.53%","580","490","18.37%","10.14","840","2.51","N","Y","N","因113年度分配112年度員工分紅金額低,致全時員工薪資平均數低於同業","改善措施:113年度獲利成長,員工分紅相對增加,將於114年分配與員工",
"生技醫療業","4911","德英","13535","25","541","489","10.63%","551","506","8.89%","1.73","787","0.41","N","Y","N","本公司位於南部地區的生技業，且生技醫療產業之業態多樣，本公司依照南部之薪資水準、員工資歷及個人表現等因素給薪，實屬合理。","依公司獲利程度.提高員工薪資水準",
"半導體業","4923","力士","36005","47","766","805","-4.84%","659","678","-2.80%","-2.33","1307","5.21","N","N","N","","",
"電腦及週邊設備業","4931","新盛力","211950","346","613","533","15.01%","502","424","18.40%","2.50","909","4.39","N","N","N","","",
"光電業","4933","友輝","403073","527","765","725","5.52%","646","640","0.94%","7.07","856","2.40","N","Y","N","1/各家財務結構不一，無法實質類比。
2/員工薪酬以遵循法規，在健全財務及維護股東權益下，每年皆有定期提出檢討及調整。","1/每年依據物價指數、最低工資調整規模、法規及公司章程提出檢討及調整薪資。
2/依據法規於公司章程中明定酬勞分配數額。",
"電子零組件業","4939","亞電","16369","14","1169","1056","10.70%","1249","1038","20.33%","0.19","747","2.21","N","N","N","","",
"半導體業","4945","陞達科技","59565","48","1241","1041","19.21%","1137","1033","10.07%","3.23","1307","5.21","N","N","N","","",
"文化創意業","4946","辣椒","18048","27","668","663","0.75%","604","385","56.88%","-11.40","1357","7.81","N","N","N","","",
"鋼鐵工業","4950","金耘國際","2895","7","414","400","3.50%","685","717","-4.46%","-0.89","804","2.00","Y","N","N","因113年非主管職人員流動率大，增加多名兼職人員，導致非經理人之全時員工(年度)薪資平均數未達50萬元。","參考市場行情，定期檢視合理調升薪資，並加強職涯發展與培訓，以平穩公司人員流動率。",
"半導體業","4951","精拓科","86984","55","1582","1249","26.66%","1535","1259","21.92%","4.25","1307","5.21","N","N","N","","",
"資訊服務業","4953","緯軟","1079409","1197","902","898","0.45%","848","847","0.12%","6.25","976","3.68","N","Y","N","本公司人力結構與同業不同，存在一定程度的差異。公司依績效獎酬原則，以年度營運績效及員工個人績效給予獎酬及薪資調整；持續提升員工獎酬及福利措施穩定人才，非主管職全時員工薪資平均數及中位數均較上年度成長。","本公司除績效獎酬制度外，定期參與市場薪資調查，提供具競爭力的薪資；並導入優於法令的福利假、彈性出勤、員工持股信託、職涯發展計劃、認股制度等，以提升員工滿意度與留任率，實現績效與人才發展的雙贏。",
"光電業","4972","湯石照明","23578","34","693","789","-12.17%","677","762","-11.15%","0.00","856","2.40","N","N","N","","",
"半導體業","4973","廣穎電通","224286","315","712","750","-5.07%","530","530","0.00%","1.79","1307","5.21","N","N","N","","",
"電子零組件業","4974","亞泰","73983","42","1762","1618","8.90%","1684","1511","11.45%","7.29","747","2.21","N","N","N","","",
"通信網路業","4979","華星光","236723","401","590","550","7.27%","491","451","8.87%","3.79","840","2.51","N","Y","N","本公司屬於代工生產，故生產基層員工佔比高(65.2%)，外籍移工佔全體12%。薪酬制度參考市場水準，並依員工績效調整薪資與晉升，惟整體平均薪資略低於同業。","公司依政府每年基本工資調整基層員工薪資；外籍移工培訓為多能工並給予技術津貼，持續優化薪資結構，以提升員工整體薪酬水準與產值。",
"電腦及週邊設備業","4987","科誠","109729","182","603","545","10.64%","496","436","13.76%","6.49","909","4.39","N","Y","N","台灣之工廠為本公司唯一之生產據點，工廠從業人員佔非擔任主管職務之全時員工比重達48%，致使員工薪資平均數低於同水準。","本公司已於公司章程中增訂本公司年度如有獲利，應提撥5%至15%為員工酬勞。惟分派給基層員工之酬勞不得低於員工酬勞總額的40%。",
"光電業","4995","晶達","142566","171","834","764","9.16%","757","673","12.48%","4.53","856","2.40","N","Y","N","1.本公司每年皆定期提出薪資調整，113年度薪資平均調幅約3.68%。

2.設廠台灣，員工結構偏屬製造業，直接員工和外籍員工佔比23%，故薪資平均數略低。","本公司將薪酬與經營績效及員工職能緊密結合，透過績效獎金、年終獎金及員工分紅，適當反映營運成果於員工薪酬之中。",
"鋼鐵工業","5009","榮剛","919458","950","968","997","-2.91%","953","976","-2.36%","4.40","804","2.00","N","N","N","","",
"鋼鐵工業","5011","久陽","113710","187","608","555","9.55%","564","505","11.68%","-0.36","804","2.00","N","N","N","","",
"鋼鐵工業","5013","強新","305089","438","697","690","1.01%","672","666","0.90%","1.66","804","2.00","N","N","N","","",
"鋼鐵工業","5014","建錩","44419","64","694","596","16.44%","589","532","10.71%","1.17","804","2.00","N","N","N","","",
"鋼鐵工業","5015","華祺","101068","157","644","576","11.81%","527","470","12.13%","2.51","804","2.00","N","Y","N","司非擔任主管職務之全時員工157人中，有58人為外籍基層員工，占非擔任主管職務之全時員工之37%，其薪資為基本工資加上加班費，本就偏低，致拉低全公司平均薪資。","努力提升公司獲利，致員工酬勞增加，增加員工薪資。",
"鋼鐵工業","5016","松和","209040","291","718","666","7.81%","677","621","9.02%","1.71","804","2.00","N","N","N","","",
"資訊服務業","5201","凱衛","101123","123","822","846","-2.84%","770","792","-2.78%","2.25","976","3.68","N","N","N","","",
"資訊服務業","5202","力新","40359","49","824","944","-12.71%","718","831","-13.60%","1.75","976","3.68","N","N","N","","",
"綠能環保","5205","中茂","1553","3","518","389","33.16%","520","337","54.30%","-1.49","826","3.76","N","N","N","","",
"建材營造","5206","坤悅","27735","27","1027","1052","-2.38%","886","932","-4.94%","2.06","1007","3.22","N","N","N","","",
"其他","5209","新鼎","226967","190","1195","1170","2.14%","1121","1042","7.58%","13.37","695","2.24","N","N","N","","",
"資訊服務業","5210","寶碩","92950","127","732","765","-4.31%","666","685","-2.77%","-0.83","976","3.68","N","N","Y","113年仍持續虧損 (EPS-0.83)，雖虧損幅度已減少，但影響獎金發放及平均薪資。113年度有較高離職(56位)及新進人員(44位)，近34%離職員工屬資深且薪資較高，新進員工資歷尚淺，故在薪資及獎金發放上，亦影響整體平均。","1.修訂業績、年終及績效獎金辦法，更能實質鼓勵績效員工，提升薪資水準。2.業務開拓、提升公司營業收入及獲利率，提高獎金發放。3.對績優員工薪資調整，以提升公司薪資平均水準。",
"資訊服務業","5211","蒙恬","37860","42","901","873","3.21%","833","787","5.85%","-1.17","976","3.68","N","N","N","","",
"資訊服務業","5212","凌網","362797","354","1025","968","5.89%","901","849","6.12%","3.84","976","3.68","N","N","N","","",
"建材營造","5213","亞昕","88116","85","1037","1215","-14.65%","1023","1172","-12.71%","1.65","1007","3.22","N","N","N","","",
"光電業","5220","萬達光電","147414","292","505","515","-1.94%","447","438","2.05%","0.28","856","2.40","N","N","N","","",
"電子零組件業","5228","鈺鎧","133010","254","524","538","-2.60%","458","461","-0.65%","-2.11","747","2.21","N","N","N","","",
"光電業","5230","雷笛克光學","63786","74","862","831","3.73%","697","695","0.29%","0.62","856","2.40","N","N","N","","",
"半導體業","5236","凌陽創新","297436","126","2361","2336","1.07%","1991","2011","-0.99%","8.25","1307","5.21","N","N","N","","",
"光電業","5245","智晶","170077","262","649","633","2.53%","582","547","6.40%","-3.13","856","2.40","N","N","N","","",
"光電業","5251","天鉞電","10292","14","735","788","-6.73%","699","699","0.00%","0.06","856","2.40","N","N","Y","113年度因業務範圍擴增，新增數員基層同仁，其薪較低，因此拉低整體平均薪資，故較112年度平均薪資下降。","本公司新進員工薪資薪係參考市場行情及考量過往工作經驗及績效等因素，應屬合理機制，新增基層同仁導致非主管之平均薪資降低，尚屬正常，目前暫無改善措施。",
"文化創意業","5263","智崴","231362","254","911","803","13.45%","822","713","15.29%","1.10","1357","7.81","N","N","N","","",
"半導體業","5272","笙科","106487","83","1283","1341","-4.33%","1150","1184","-2.87%","-0.09","1307","5.21","N","N","Y","本公司113年度EPS較前一年度成長主因為外部投資收益大幅增加，但本業的狀況卻是虧損擴大，因此減少發放業績相關獎金，也僅針對部分人員進行調薪，以致非經理人之全時員工(年度)薪資平均數較前一年度減少。","待本業業績回穩後，將會恢復獎金的發放並增加調薪幅度。",
"半導體業","5274","信驊","551688","117","4715","3248","45.17%","4004","2923","36.98%","68.04","1307","5.21","N","N","N","","",
"數位雲端","5278","尚凡*","34420","29","1187","1351","-12.14%","1028","1322","-22.24%","0.67","841","2.11","N","N","N","","",
"數位雲端","5287","數字","129734","149","871","880","-1.02%","794","798","-0.50%","12.67","841","2.11","N","N","N","","",
"電腦及週邊設備業","5289","宜鼎","794346","780","1018","1082","-5.92%","793","795","-0.25%","12.20","909","4.39","N","N","N","","",
"電子零組件業","5291","邑昇","159318","284","561","516","8.72%","504","442","14.03%","0.39","747","2.21","N","N","N","","",
"半導體業","5299","杰力","123649","80","1546","1226","26.10%","1368","1015","34.78%","5.93","1307","5.21","N","N","N","","",
"觀光餐旅","5301","寶得利","5976","10","598","701","-14.69%","538","612","-12.09%","-0.44","636","1.19","N","N","Y","本公司從事觀光團來台觀光購物站業務，目前仍處虧損狀態，加上人員異動，導致平均薪資較低。","未來視公司整體營運狀況做適度調整。",
"半導體業","5302","太欣","25870","28","924","924","0.00%","931","915","1.75%","-0.27","1307","5.21","N","N","N","","",
"電子零組件業","5309","系統電","308670","332","930","900","3.33%","731","688","6.25%","0.61","747","2.21","N","N","N","","",
"資訊服務業","5310","天剛","5991","9","666","551","20.87%","620","540","14.81%","3.02","976","3.68","N","N","N","","",
"生技醫療業","5312","寶島科","764613","874","875","813","7.63%","721","688","4.80%","8.24","787","0.41","N","N","N","","",
"其他","5314","世紀*","7043","16","440","527","-16.51%","344","596","-42.28%","18.25","695","2.24","Y","Y","Y","本年度新增非主管人員為新業務銷售，多為新進年輕職工，基本工資偏低且已無IC營收，故與IC同業相比與無意義。112年度主要業務為室內裝潢業務，人員較為資深且薪資較高，惟112年毛利低於113年，相對EPS也較低。","改善措施：配合員工績效表現，適時調整員工薪資。",
"光電業","5315","光聯","212254","404","525","482","8.92%","441","402","9.70%","1.21","856","2.40","N","N","N","","",
"數位雲端","5321","美而快","37722","61","618","635","-2.68%","553","504","9.72%","0.03","841","2.11","N","N","N","","",
"建材營造","5324","士開","50100","38","1318","1161","13.52%","1282","1087","17.94%","0.70","1007","3.22","N","N","N","","",
"電子零組件業","5328","華容","22694","26","873","837","4.30%","853","805","5.96%","0.39","747","2.21","N","N","N","","",
"電子零組件業","5340","建榮","206295","294","702","594","18.18%","628","529","18.71%","0.78","747","2.21","N","N","N","","",
"半導體業","5344","立衛","131227","210","625","574","8.89%","532","479","11.06%","0.55","1307","5.21","N","N","N","","",
"其他","5345","馥鴻","15302","16","956","804","18.91%","826","614","34.53%","-2.51","695","2.24","N","N","N","","",
"半導體業","5347","世界","8410858","5351","1572","1485","5.86%","1195","1076","11.06%","4.21","1307","5.21","N","N","N","","",
"運動休閒","5348","正能量智能","21491","30","716","712","0.56%","642","675","-4.89%","-0.71","628","2.07","N","N","N","","",
"半導體業","5351","鈺創","358180","276","1298","1312","-1.07%","897","900","-0.33%","-1.77","1307","5.21","N","N","Y","本公司113年度EPS較112年度增加，而非擔任主管職務之全時員工（年度）薪資平均數較前一年度減少，主要因人員異動所致。","因非經理人晉升為經理人，致使非經理人因人員異動薪資有所降低，會再評估整體非經理人薪酬，擬定調整方案。",
"通信網路業","5353","台林","305161","392","778","766","1.57%","657","645","1.86%","2.15","840","2.51","N","N","N","","",
"電子零組件業","5355","佳總","155443","323","481","468","2.78%","455","438","3.88%","-0.92","747","2.21","Y","N","N","1.因產業特性，作業人員及外籍員工占全公司員工的比率為74.42%，故拉低整體水準。
2.因近年來公司虧損，且無額外季獎金、績效獎金及員工酬勞。","今年度已調薪3%，平均薪資較去年同期增加約3%
中位數薪資較去年同期增加約4%",
"電腦及週邊設備業","5356","協益","179912","311","578","526","9.89%","489","454","7.71%","2.16","909","4.39","N","N","N","","",
"觀光餐旅","5364","力麗店","52211","93","561","528","6.25%","499","445","12.13%","-1.41","636","1.19","N","N","N","","",
"光電業","5371","中光電","1929827","1599","1207","1203","0.33%","1146","1125","1.87%","2.10","856","2.40","N","N","N","","",
"電子零組件業","5381","合正","17183","21","818","599","36.56%","715","803","-10.96%","0.93","747","2.21","N","N","N","","",
"電腦及週邊設備業","5386","青雲","25766","27","954","818","16.63%","808","711","13.64%","3.31","909","4.39","N","N","N","","",
"光電業","5392","能率","10875","13","837","747","12.05%","874","730","19.73%","0.18","856","2.40","N","N","N","","",
"其他","5398","慕康生醫","8006","12","667","671","-0.60%","658","510","29.02%","0.21","695","2.24","N","N","Y","本公司EPS成長最主要之來源為投資收入，故員工薪資未因此而大幅增加。
公司兩年度薪資中位數已上升至658仟元，且平均數與同業相較並無顯著差距；惟本公司目前處於虧轉盈之起步階段，將持續提升獲利以改善員工薪資。","本公司114年度營運持續穩定成長，並已於第一季調增非主管職員工之薪資，預期114年度之統計數據相較113年度應有顯著之成長，並與同業平均數相當。",
"資訊服務業","5403","中菲","568057","387","1468","1386","5.92%","1187","1128","5.23%","8.44","976","3.68","N","N","N","","",
"資訊服務業","5410","國眾","254918","343","743","745","-0.27%","690","694","-0.58%","1.61","976","3.68","N","N","N","","",
"半導體業","5425","台半","490816","618","794","821","-3.29%","628","638","-1.57%","1.87","1307","5.21","N","N","N","","",
"電腦及週邊設備業","5426","振發","179144","303","591","536","10.26%","546","482","13.28%","0.99","909","4.39","N","N","N","","",
"綠能環保","5432","新門","8141","14","582","607","-4.12%","540","547","-1.28%","1.36","826","3.76","N","N","N","","",
"電腦及週邊設備業","5438","東友","95929","91","1054","1015","3.84%","1035","905","14.36%","1.10","909","4.39","N","N","N","","",
"電子零組件業","5439","高技","519712","737","705","798","-11.65%","642","701","-8.42%","3.51","747","2.21","N","Y","N","本公司設立於台灣產品100%皆由台灣生產製造，113年外籍移工佔非擔任主管職務之全時員工人數比例較112年上升約3%，造成平均薪資與其他企業有所差異。","已購入新廠房持續優化智能化生產設備及電子化系統輔助，逐步提升產線人員技術層級與附加價值，藉此改善人力結構對薪資平均值的影響。",
"半導體業","5443","均豪","368355","378","974","1051","-7.33%","917","978","-6.24%","1.82","1307","5.21","N","N","Y","公司營運表現穩定成長，並持續提撥盈餘發放員工酬勞，包含固定薪資、獎金與股權激勵。雖部分股權酬勞未納入年度薪資統計，但實質已提升員工總報酬，與經營績效具高度連動性，兼顧留才與獎勵機制。","未來將補充揭露包含股權激勵在內的員工總報酬資訊，提升資訊透明度。同時檢討統計方法，研議在法規許可下反映非現金報酬。並持續優化酬勞制度與內部溝通，強化員工對薪酬結構的認知與認同，確保激勵效果與公平性。",
"其他","5450","南良","334577","488","686","626","9.58%","599","543","10.31%","1.13","695","2.24","N","N","N","","",
"其他電子業","5452","佶優","38536","33","1168","1078","8.35%","939","738","27.24%","0.40","958","4.44","N","N","N","","",
"建材營造","5455","昇益","14560","12","1213","1084","11.90%","887","963","-7.89%","5.83","1007","3.22","N","N","N","","",
"電子零組件業","5457","宣德","367055","474","774","671","15.35%","588","519","13.29%","2.30","747","2.21","N","N","N","","",
"電子零組件業","5460","同協","47544","68","699","693","0.87%","591","622","-4.98%","0.22","747","2.21","N","N","N","","",
"電子零組件業","5464","霖宏","146915","330","445","428","3.97%","422","401","5.24%","1.74","747","2.21","Y","N","N","營收狀況不如預期，影響獲利，致員工薪資平均數低於同業。","將持續增加經營績效，以便提高員工獎酬及士氣。",
"電腦及週邊設備業","5465","富驊","24530","24","1022","975","4.82%","953","938","1.60%","1.82","909","4.39","N","N","N","","",
"半導體業","5468","凱鈺","16214","17","954","852","11.97%","811","795","2.01%","-0.13","1307","5.21","N","N","N","","",
"電腦及週邊設備業","5474","聰泰","186217","133","1400","1335","4.87%","1183","1097","7.84%","7.15","909","4.39","N","N","N","","",
"電子零組件業","5475","德宏","6908","12","576","495","16.36%","494","477","3.56%","-1.36","747","2.21","N","N","N","","",
"文化創意業","5478","智冠","400619","397","1009","943","7.00%","870","820","6.10%","7.75","1357","7.81","N","N","N","","",
"其他","5481","新華","6131","9","681","672","1.34%","617","614","0.49%","-0.24","695","2.24","N","N","N","","",
"半導體業","5483","中美晶","618970","573","1080","1452","-25.62%","996","1370","-27.30%","9.24","1307","5.21","N","Y","N","半導體產業涵蓋IC設計、晶圓製造及後段封裝測試等多元環節，各領域員工職務性質差異較大，導致平均薪資水準不具直接可比性。
此外， 113年度公司獲利較112年度下滑，員工分紅提列金額亦相對減少。","公司致力於打造優質職場環境，持續提升薪資與福利水準，讓員工能共享營運成果，實現長期穩定發展。",
"半導體業","5487","通泰","39405","40","985","1002","-1.70%","944","939","0.53%","-0.11","1307","5.21","N","N","Y","113年員工離職3人, 在職月數為2、3、4個月, 新到職員工3人, 在職月數為6、7、9個月; 113年加權平均人數較112年度減少5人降為40人, 因此「薪資平均數」較前一年度減少, 但反觀「薪資中位數」較前一年度是增加的","113年度通泰公司為員工調薪幅度平均約為1.6%, 114年度目前也仍依照員工到職屆滿日時, 進行考核並依照其績效表現, 予以調薪, 鼓勵員工",
"電子零組件業","5488","松普","33908","61","556","559","-0.54%","548","551","-0.54%","0.01","747","2.21","N","N","N","","",
"其他電子業","5489","彩富","318895","335","952","744","27.96%","691","645","7.13%","2.39","958","4.44","N","N","N","","",
"電腦及週邊設備業","5490","同亨","151401","148","1023","1007","1.59%","967","939","2.98%","0.35","909","4.39","N","N","N","","",
"其他電子業","5493","三聯","81606","69","1183","1125","5.16%","1136","1113","2.07%","4.20","958","4.44","N","N","N","","",
"電子零組件業","5498","凱崴","80248","137","586","586","0.00%","554","547","1.28%","-0.01","747","2.21","N","N","N","","",
"建材營造","5508","永信建","52537","38","1383","1400","-1.21%","1308","1312","-0.30%","16.03","1007","3.22","N","N","Y","請參本公司當年度永續報告書第35頁有關員工福利與薪酬相關說明。","因人員結構異動(基層人員增加)導致平均數下降，當年度績效以全面調薪方式反映在員工薪酬，採搭配定額調升的模式，部分基層員工調薪比例可達10%。並於114年度修訂章程規畫保證基層員工員工酬勞分配情形。",
"建材營造","5511","德昌","334497","319","1049","1032","1.65%","969","973","-0.41%","7.52","1007","3.22","N","N","N","","",
"建材營造","5512","力麒","29331","31","946","952","-0.63%","903","915","-1.31%","0.17","1007","3.22","N","N","N","","",
"建材營造","5514","三豐","11460","11","1042","978","6.54%","994","953","4.30%","0.39","1007","3.22","N","N","N","","",
"建材營造","5516","雙喜","181813","275","661","706","-6.37%","505","616","-18.02%","-3.61","1007","3.22","N","N","Y","因113年度聘入較多移工增加約50%，以致薪資平均數較前一年度減少。","移工職務皆為基層技術工及勞力工，本公司積極提升招募國內營造業人才。經理人薪資依同業水準及公司營運、個人接受度適當調整。",
"建材營造","5520","力泰","297096","180","1651","1327","24.42%","1536","1148","33.80%","8.98","1007","3.22","N","N","N","","",
"建材營造","5523","豐謙","8968","13","690","759","-9.09%","597","663","-9.95%","0.55","1007","3.22","N","N","N","","",
"建材營造","5529","鉅陞","16766","21","798","873","-8.59%","623","780","-20.13%","-0.94","1007","3.22","N","N","Y","雖獲利成長，但目前公司仍呈現虧損，會造成此薪資平均數較前一年減少，因2023年聘僱多名中階主管、基層員工，導致拉高整體平均薪資，而2024年有離職中階主管，導致拉低整體平均薪資。","1.提高員工留任率
2.創造開放的溝通渠道，鼓勵員工表達想法
3.給予基層員工學習成長的機會
4.促進工作與生活平衡
5.獎勵和認可員工
6.招募合適的人才",
"其他","5530","龍巖","484972","536","905","920","-1.63%","738","743","-0.67%","3.83","695","2.24","N","N","Y","1.113年度配合公司業務需求大量招募新人，人數較112年度增加9.8%，致平均下降。
2.113年未全年在職(未領或未全額領取獎金)人員約占18%，致平均下降。如排除未滿職人員，則年薪資平均為正成長。","1.持續逐年調薪(114年已提高清潔人員及禮儀專員起薪)，強化公司薪酬競爭力。
2.擬新增各項留才措施，提高人員留任意願。",
"其他電子業","5536","聖暉*","506539","361","1403","1341","4.62%","1149","1117","2.86%","21.09","958","4.44","N","N","N","","",
"建材營造","5548","安倉","226020","280","807","781","3.33%","683","651","4.92%","2.55","1007","3.22","N","N","N","","",
"航運業","5601","台聯櫃","6267","7","895","886","1.02%","854","856","-0.23%","0.39","972","2.93","N","N","N","","",
"航運業","5603","陸海","212788","262","812","806","0.74%","755","741","1.89%","1.24","972","2.93","N","N","N","","",
"其他","5604","中連","2819","4","705","674","4.60%","716","691","3.62%","2.50","695","2.24","N","N","N","","",
"航運業","5609","中菲行","179604","131","1371","2194","-37.51%","963","1159","-16.91%","6.78","972","2.93","N","N","N","","",
"觀光餐旅","5701","劍湖山","117056","256","457","449","1.78%","401","391","2.56%","-0.52","636","1.19","Y","N","N","本公司主營主題樂園與渡假飯店，基層員工佔比高，113年度因國旅市場疲弱，致營收較同期衰退，然平均薪資仍較去年增加2%，應屬合理。","面臨產業缺工,本公司將優化薪酬福利,加強產學合作與人力彈性配置,以穩定人力、提升留任率。
本公司近年來積極調整經營策略,全力擴大營運動能拚成長,期能轉虧為盈與員工共榮共好。",
"觀光餐旅","5703","亞都麗緻","124181","231","538","464","15.95%","528","457","15.54%","0.19","636","1.19","N","N","N","","",
"觀光餐旅","5704","老爺知","88731","161","551","560","-1.61%","489","472","3.60%","0.41","636","1.19","N","N","N","","",
"金融業","5864","致和證","113036","182","621","537","15.64%","540","480","12.50%","1.98","1181","2.06","N","N","N","","",
"金融業","5878","台名","28372","45","630","598","5.35%","565","546","3.48%","2.22","1181","2.06","N","Y","N","本公司113年持續調升員工薪資，固定薪酬呈現增長，呈現於113年薪資中位數較前一年度增加，而平均數與去年約當相同，主要是因為人員異動調整因素，保經公司員工薪酬均為內勤行政，不含業務承攬人員佣金數據。","1_隨營運績效持續調薪及提升獎金，114年修改章
程，明訂從員工酬勞總額中，分派50%以上為基層員工酬勞。
2_本公司雖屬金融業，此類別產業多樣，不宜直接比較。",
"居家生活","5902","德記","77923","89","876","809","8.28%","762","705","8.09%","2.11","694","8.76","N","N","N","","",
"居家生活","5903","全家","2803420","3455","811","800","1.38%","730","733","-0.41%","17.04","694","8.76","N","N","N","","",
"居家生活","5904","寶雅","1837981","2898","634","557","13.82%","574","505","13.66%","26.74","694","8.76","N","Y","N","公司屬零售業直營型態（非加盟）的自助型賣場，有近90%人力屬第ㄧ線服務人員。且因大規模展店，晉用高比例新人及職場新鮮人予以培訓，影響平均薪資。","公司每年依員工績效考核結果予以晉升、調薪。",
"觀光餐旅","5905","南仁湖","88168","211","418","406","2.96%","400","388","3.09%","-0.51","636","1.19","Y","N","N","113年度扣除轉投資收益後，本公司稅前淨損為149,480千元。勞動部薪資查詢系統，同業非擔任主管職員工總薪資為32,768元~43,413元 (月)。本公司年度薪資平均數為418千元(每月為34,822元)，與同業並無重大差異。","每年視公司營運績效、通貨膨脹率及基本工資調漲幅度，檢視現行薪資架構是否需要調整。",
"金融業","6015","宏遠證","477040","436","1094","990","10.51%","911","798","14.16%","0.91","1181","2.06","N","N","N","","",
"金融業","6016","康和證","730936","563","1298","1074","20.86%","975","866","12.59%","1.75","1181","2.06","N","N","N","","",
"金融業","6020","大展證","47914","64","749","655","14.35%","691","684","1.02%","0.72","1181","2.06","N","N","N","","",
"金融業","6021","美好證","359355","333","1079","994","8.55%","918","846","8.51%","1.43","1181","2.06","N","N","N","","",
"金融業","6023","元大期貨","582166","366","1591","1418","12.20%","1379","1233","11.84%","7.47","1181","2.06","N","N","N","","",
"金融業","6026","福邦證","236086","192","1230","1227","0.24%","1006","1018","-1.18%","1.11","1181","2.06","N","N","N","","",
"文化創意業","6101","寬魚國際","15172","19","799","795","0.50%","657","721","-8.88%","0.28","1357","7.81","N","N","N","","",
"半導體業","6103","合邦","2268","4","567","584","-2.91%","589","507","16.17%","3.40","1307","5.21","N","N","Y","本公司113年度EPS較前一年度成長，主要係因營業外收入53,712仟元，然因營業仍為淨損5,899仟元，公司並無實施調薪作業，故非經理人全時員工薪資平均數為567仟元，低於同業水準。","1.合邦致力於拓展多元採購渠道，嚴控成本與資源配置效率。
並積極整合IC智能模組服務及透過開發客製化解決方案，以開拓市場機會並創造更多營收。
2.根據公司營收狀況與財務規劃，進行薪資調整。",
"半導體業","6104","創惟","576807","274","2105","1795","17.27%","1829","1591","14.96%","3.37","1307","5.21","N","N","N","","",
"通信網路業","6109","亞元","43358","55","788","745","5.77%","680","681","-0.15%","-1.65","840","2.51","N","N","N","","",
"文化創意業","6111","大宇資","72928","94","776","752","3.19%","680","666","2.10%","0.77","1357","7.81","N","N","N","","",
"電子通路業","6113","亞矽","39821","43","926","931","-0.54%","906","924","-1.95%","-0.13","812","1.36","N","N","N","","",
"電子零組件業","6114","久威","21653","29","747","759","-1.58%","684","624","9.62%","2.52","747","2.21","N","N","Y","補充說明，113年經營績效所提列之員酬及獎金，係於次年度即114年進行發放，113年申報的員工薪酬係為112年度提列之金額，故113年受到112年獲利不佳之影響，使得員工薪酬不論主管或非主管員工都有一定比例上減少。","說明：113年度依法提列員酬為新台幣：6,219,254元，後續將會股東會通過後發放。",
"電子通路業","6118","建達","155342","244","637","546","16.67%","580","493","17.65%","0.39","812","1.36","N","N","N","","",
"電腦及週邊設備業","6121","新普","477360","355","1345","1410","-4.61%","1183","1246","-5.06%","28.88","909","4.39","N","N","N","","",
"電機機械","6122","擎邦","258764","230","1125","1028","9.44%","1006","917","9.71%","4.41","725","2.47","N","N","N","","",
"資訊服務業","6123","上奇","23724","32","741","901","-17.76%","695","792","-12.25%","3.65","976","3.68","N","N","N","","",
"電子零組件業","6124","業強","13212","19","695","680","2.21%","592","598","-1.00%","-1.19","747","2.21","N","N","N","","",
"光電業","6125","廣運","398714","431","925","1002","-7.68%","786","829","-5.19%","-0.56","856","2.40","N","N","N","","",
"電子零組件業","6126","信音","16158","20","808","784","3.06%","738","733","0.68%","0.98","747","2.21","N","N","N","","",
"電子零組件業","6127","九豪","111158","190","585","517","13.15%","570","494","15.38%","-0.64","747","2.21","N","N","N","","",
"半導體業","6129","普誠","187575","189","992","1045","-5.07%","895","947","-5.49%","-1.00","1307","5.21","N","N","N","","",
"生技醫療業","6130","上亞科技","8847","12","737","735","0.27%","569","528","7.77%","-0.75","787","0.41","N","N","N","","",
"電子零組件業","6134","萬旭","76951","109","706","660","6.97%","661","605","9.26%","0.24","747","2.21","N","N","N","","",
"半導體業","6138","茂達","460883","284","1623","1451","11.85%","1443","1270","13.62%","9.89","1307","5.21","N","N","N","","",
"資訊服務業","6140","訊達電腦","71433","107","668","646","3.41%","547","562","-2.67%","1.03","976","3.68","N","N","N","","",
"通信網路業","6143","振曜","298306","416","717","711","0.84%","614","642","-4.36%","7.33","840","2.51","N","Y","N","秉持深耕台灣、維護本地就業之承諾，持續保留製造單位於台灣營運，公司基層生產線佔總人數54%，外籍移工佔全體人數30%，然受限於外籍移工制度設計，薪資依政府規定支付基本工資，致整體薪資平均數低於同業水準。","1.強化外籍移工之職務訓練及升遷管道，增加其在台灣工作機會及待遇。
2.逐步增加高附加價值職種及技術性人力之比重，並持續關注全體員工薪資結構之改善。
3.確保依法聘僱外籍移工，並持續符合政府規範。",
"文化創意業","6144","得利影","31356","57","550","556","-1.08%","525","447","17.45%","-0.57","1357","7.81","N","N","N","","",
"其他電子業","6146","耕興","765359","748","1023","1076","-4.93%","816","789","3.42%","12.66","958","4.44","N","N","N","","",
"半導體業","6147","頎邦","5033998","5031","1001","912","9.76%","870","781","11.40%","5.59","1307","5.21","N","Y","N","半導體業含晶片設計、晶圓製造及後段封測，員工結構差異大，致平均薪資不盡具可比較性。","公司將持續落實獲利與員工共享，每年定期調薪，優化薪酬與福利制度。",
"資訊服務業","6148","驊宏資","37300","48","777","758","2.51%","692","667","3.75%","1.54","976","3.68","N","N","N","","",
"電腦及週邊設備業","6150","撼訊","106890","153","699","708","-1.27%","602","606","-0.66%","-4.10","909","4.39","N","N","N","","",
"其他電子業","6151","晉倫","48596","69","704","700","0.57%","641","572","12.06%","1.48","958","4.44","N","N","N","","",
"電子通路業","6154","順發","242447","483","502","482","4.15%","458","434","5.53%","0.50","812","1.36","N","N","N","","",
"電子零組件業","6156","松上","16957","17","997","991","0.61%","949","779","21.82%","2.16","747","2.21","N","N","N","","",
"電子零組件業","6158","禾昌","117278","115","1020","968","5.37%","881","851","3.53%","1.26","747","2.21","N","N","N","","",
"電腦及週邊設備業","6160","欣技","167717","218","769","738","4.20%","658","642","2.49%","-0.57","909","4.39","N","N","N","","",
"電腦及週邊設備業","6161","捷波","59352","61","973","975","-0.21%","716","747","-4.15%","2.85","909","4.39","N","N","Y","本公司薪酬依績效及經營成果發放，113年度整體調薪4%，年終獎金及員工紅利依績效核發。","114年新增激勵獎金及優化考核制度，強化薪酬與績效連動，提升激勵與公平性。",
"通信網路業","6163","華電網","810330","745","1088","1003","8.47%","923","881","4.77%","0.93","840","2.51","N","N","N","","",
"光電業","6167","久正","121031","202","599","635","-5.67%","523","565","-7.43%","0.02","856","2.40","N","N","N","","",
"文化創意業","6169","昱泉","12377","20","619","699","-11.44%","608","627","-3.03%","-1.22","1357","7.81","N","N","N","","",
"通信網路業","6170","統振","73517","53","1387","909","52.59%","954","628","51.91%","3.39","840","2.51","N","N","N","","",
"建材營造","6171","大城地產","11409","15","761","712","6.88%","703","665","5.71%","5.73","1007","3.22","N","Y","N","本公司因行業特性，營收認列採全部完工法，故每年獲利起伏甚大。113年已調整非擔任主管員工薪資4%以上，足見本公司經營績效充分反映於員工薪酬。","本公司會依前一年度經營績效適度調整當年度員工薪酬。",
"電子零組件業","6173","信昌電","480731","640","751","715","5.04%","667","623","7.06%","2.91","747","2.21","N","N","N","","",
"電子零組件業","6174","安碁","114402","207","553","507","9.07%","492","453","8.61%","0.75","747","2.21","N","N","N","","",
"電子零組件業","6175","立敦","51474","66","780","723","7.88%","699","679","2.95%","3.23","747","2.21","N","N","N","","",
"其他","6179","亞通","133595","136","982","923","6.39%","946","892","6.05%","0.05","695","2.24","N","N","N","","",
"文化創意業","6180","橘子","560767","500","1122","1079","3.99%","793","833","-4.80%","11.78","1357","7.81","N","Y","N","1. 本公司113年EPS11.78元，係因出售子公司股權挹注業外獲利所致，故獲利較同業高。
2. 本公司訂有員工獎酬制度，除依據員工績效給予年度調薪，另於章程明訂提撥獲利10-15%作為員工酬勞。","1.本公司每年依據員工個人績效，並參酌勞動市場資訊給予具競爭力的調薪。
2.本公司將於114年6月26日股東常會修訂章程，增訂員工酬勞總金額保留不低於2%為非屬經理人之基層員工作為其酬勞發放。",
"半導體業","6182","合晶","701530","972","722","728","-0.82%","660","671","-1.64%","0.01","1307","5.21","N","N","N","","",
"電子零組件業","6185","幃翔","11300","17","665","589","12.90%","618","596","3.69%","0.06","747","2.21","N","N","N","","",
"建材營造","6186","新潤","68053","35","1944","1509","28.83%","1967","1445","36.12%","5.63","1007","3.22","N","N","N","","",
"半導體業","6187","萬潤","436469","324","1347","1154","16.72%","1138","1012","12.45%","14.57","1307","5.21","N","N","N","","",
"電腦及週邊設備業","6188","廣明","257050","175","1469","1549","-5.16%","1312","1269","3.39%","2.33","909","4.39","N","N","N","","",
"通信網路業","6190","萬泰科","210352","221","952","844","12.80%","768","682","12.61%","2.28","840","2.51","N","N","N","","",
"電子零組件業","6194","育富","2476","4","619","574","7.84%","596","554","7.58%","4.15","747","2.21","N","Y","N","本公司生產基地在大陸，台灣地區人事精簡員工數為4人，為非主管階級僅處理一般事務之員工，薪資架構以一般薪資為基準，故平均薪資小於同業公司水準，公司經營績效與台灣地區非主管階級之員工薪資尚無明顯關連性。","本公司董事會已修訂公司章程，於114年股東會通過後，將員工酬勞提撥不低於百分之四十分配為基層員工酬勞。",
"居家生活","6195","詩肯","196525","319","616","618","-0.32%","556","554","0.36%","1.60","694","8.76","N","N","N","","",
"建材營造","6198","瑞築","9160","8","1145","748","53.07%","1062","637","66.72%","-0.56","1007","3.22","N","N","N","","",
"其他","6199","天品","4677","8","585","655","-10.69%","515","498","3.41%","0.60","695","2.24","N","N","Y","113年EPS0.6元較上期 0.46 元增加0.11元，係113年透過損益按公允價值衡量之金融資產損益32308仟元，較上期13993仟元增加18315仟元，換算EPS為0.3元，排除此因後EPS並無增加，非主管員工薪資僅微幅衰退，無異常。","114年公司對非擔任主管職務員工有微幅薪資調整並配合法令修正會提撥一定比率為基層員工分派酬勞。",
"電子零組件業","6203","海韻電","94747","99","957","945","1.27%","833","780","6.79%","3.50","747","2.21","N","N","N","","",
"電子零組件業","6204","艾華","25992","39","666","595","11.93%","588","519","13.29%","1.48","747","2.21","N","N","N","","",
"電子零組件業","6207","雷科","132869","184","722","703","2.70%","650","637","2.04%","2.07","747","2.21","N","N","N","","",
"半導體業","6208","日揚","403507","450","897","953","-5.88%","755","784","-3.70%","3.01","1307","5.21","N","N","N","","",
"電子零組件業","6210","慶生","127607","228","560","566","-1.06%","534","530","0.75%","-3.69","747","2.21","N","N","Y","本公司113年度EPS-3.69較112年-4.04略優，但實際上僅為虧損減少，並無實際績效可言，目營業收入較前一年度尚且衰退10%，員工薪資平均數較前一年度減少1%，係因基層員工加班收入減少所致，尚屬合理。","本公司已竭力開發新客戶訂單，期望擺脫營運低迷狀態，供給員工合理加班之空間，但目前仍未有明顯之進展。",
"建材營造","6212","理銘","22339","17","1314","1367","-3.88%","1125","1189","-5.38%","6.09","1007","3.22","N","N","N","","",
"電子零組件業","6217","中探針","145510","216","674","694","-2.88%","583","555","5.05%","-2.65","747","2.21","N","N","N","","",
"通信網路業","6218","豪勉","137201","145","946","898","5.35%","827","781","5.89%","-1.68","840","2.51","N","N","N","","",
"建材營造","6219","富旺","58748","40","1469","863","70.22%","791","712","11.10%","5.08","1007","3.22","N","N","N","","",
"電子零組件業","6220","岳豐","87282","113","772","544","41.91%","674","496","35.89%","0.93","747","2.21","N","N","N","","",
"資訊服務業","6221","晉泰","302894","268","1130","1108","1.99%","935","928","0.75%","3.51","976","3.68","N","N","N","","",
"光電業","6222","立軒","2554","5","511","501","2.00%","550","529","3.97%","-0.41","856","2.40","N","N","N","","",
"半導體業","6223","旺矽","2779738","1764","1576","1326","18.85%","1332","1167","14.14%","24.42","1307","5.21","N","N","N","","",
"電子通路業","6227","茂綸","286194","226","1266","1409","-10.15%","1238","1313","-5.71%","6.55","812","1.36","N","N","Y","公司以稅前淨利提撥13%為員工分紅,並於次年度發放列入員工薪資。
112年度稅前淨利較111年度衰退45.7%,提撥員工分紅金額減少35.12%,因此於113年發放時造成員工平均薪資下降的情況。","公司易因存貨滯留積壓成本,資金仰賴借款,使利息費用增加而影響淨利。
因此本公司持續執行庫存去化縮短週轉天期,控制借款減少利息,穩定營運表現,避免分紅提列與發放的時間差,產生公司績效與員工薪酬脫勾的情形。",
"電腦及週邊設備業","6228","全譜","16595","27","615","659","-6.68%","605","596","1.51%","-0.86","909","4.39","N","N","Y","本公司113及112年的營運均處於虧損狀況，故均未發放員工經營績效獎金，113年非經理人之全時員工薪資平均數較112年減少，主因113年薪資較高之工程師離職所致。","爾後若公司之營運轉為有盈餘時，會將員工薪酬與公司之營運績效進行關聯，並考量其合理性。",
"半導體業","6229","研通","24589","26","946","762","24.15%","836","754","10.88%","0.61","1307","5.21","N","N","N","","",
"資訊服務業","6231","系微","606203","516","1175","1159","1.38%","919","973","-5.55%","7.37","976","3.68","N","N","N","","",
"半導體業","6233","旺玖","89670","76","1180","1205","-2.07%","1061","1082","-1.94%","0.36","1307","5.21","N","N","Y","經檢視公司近期營運狀況尚在改善中，仍為營業淨損，本年度獲利增加係因業外收入增加所致。","公司擬持續專注本業發展，期許主要營運轉虧為盈，再將成果反饋於員工。",
"光電業","6234","高僑","85049","142","599","616","-2.76%","500","435","14.94%","1.05","856","2.40","N","N","N","","",
"其他","6236","中湛","13361","19","703","888","-20.83%","679","719","-5.56%","-0.41","695","2.24","N","N","Y","本公司依市場薪資、營運績效及員工貢獻給予合理報酬。因近年度公司持續虧損，為穩定營運與人力結構，非主管職員工薪資調整保守，惟仍與同業平均相當，具合理性。","為提升整體營運表現及員工薪酬競爭力，公司將持續優化內部管理效率、拓展營收來源，並針對績效表現良好者加發獎金，以提高留才誘因及員工士氣，逐步改善薪酬結構。",
"半導體業","6237","驊訊","151979","129","1178","1220","-3.44%","1132","1115","1.52%","-0.27","1307","5.21","N","N","Y","因部分中高階主管於112年度離職，過往其薪資原被歸入非經理人員統計，使得平均薪資較高。離職後，薪資結構回歸常態，導致平均薪資數據較前一年度下降。","下降因素為中階主管離職產生，若人員補齊，此會排除此異常狀況。",
"資訊服務業","6240","松崗","26005","31","839","933","-10.08%","813","857","-5.13%","0.35","976","3.68","N","N","Y","本公司EPS較前一年度成長惟非經理人之全時員工薪資平均數較前一年度減少主要係113年新進基層員工薪資較低所致。","本公司將依近期修訂章程於員工酬勞中提撥一定金額分配基層員工薪資調整或獎金。",
"通信網路業","6241","易通展","129602","152","853","742","14.96%","728","620","17.42%","-0.63","840","2.51","N","N","N","","",
"生技醫療業","6242","立康","76606","132","580","602","-3.65%","509","522","-2.49%","2.48","787","0.41","N","Y","N","公司營運型態偏向零售服務業，相對聘用員工大多數為現場客服人員居多，對學歷與技術層面之標準屬中間層次，導致薪資水準相對較生技醫療業同業水準低。對此，公司將會以獎金制度、員工分紅及持股會等機制來激勵員工。","公司將會以獎金制度、員工分紅及持股會等機制來激勵員工。",
"光電業","6244","茂迪","366386","498","736","713","3.23%","591","576","2.60%","0.61","856","2.40","N","N","N","","",
"通信網路業","6245","立端","639853","675","948","916","3.49%","782","749","4.41%","6.10","840","2.51","N","N","N","","",
"光電業","6246","臺龍","12235","17","720","701","2.71%","714","704","1.42%","-1.32","856","2.40","N","N","N","","",
"鋼鐵工業","6248","沛波","92952","135","689","678","1.62%","609","603","1.00%","3.07","804","2.00","N","Y","N","本公司本年部份獲利貢獻自營業外投資獲利；且EPS較112年減少，但本公司員工薪資中位數及平均數與112年略為上揚。另公司現為擴廠階段,使人力需求增加新進同仁增加，影響流動率及整體薪資表現。","公司會持續改善員工相關獎酬及福利措施，以利穩定人才。",
"電子零組件業","6259","百徽","16730","17","984","717","37.24%","902","720","25.28%","0.51","747","2.21","N","N","N","","",
"半導體業","6261","久元","977989","940","1040","992","4.84%","885","765","15.69%","4.06","1307","5.21","N","N","N","","",
"通信網路業","6263","普萊德","146307","151","969","910","6.48%","890","875","1.71%","8.61","840","2.51","N","N","N","","",
"建材營造","6264","富裔","16482","20","824","736","11.96%","657","617","6.48%","0.05","1007","3.22","N","N","N","","",
"電子通路業","6265","方方土昶","7557","10","756","674","12.17%","723","661","9.38%","0.21","812","1.36","N","N","N","","",
"電子零組件業","6266","泰詠","296332","444","667","638","4.55%","584","542","7.75%","2.62","747","2.21","N","Y","N","本公司產業特性因素，基層作業人員比重較高，致非主管職務之全時員工薪資平均數較低。","平均薪資雖與同業有落差，但較去年成長4.5%，本公司持續每年進行調薪評估。",
"電子通路業","6270","倍微","63823","60","1064","995","6.93%","988","904","9.29%","0.65","812","1.36","N","N","N","","",
"電子零組件業","6274","台燿","890957","936","952","786","21.12%","858","684","25.44%","9.56","747","2.21","N","N","N","","",
"電子零組件業","6275","元山","291196","503","579","582","-0.52%","474","460","3.04%","2.87","747","2.21","N","Y","N","因本公司產業特性，第一線員工人數占比高，新進多且年資短，進而影響薪資平均數。","1.發展與建立外部公平、內部公平與個人公平薪酬福利。
2.根據勞動市場的供需情形規劃適切的薪酬福利方案。
3.以績效『用』才，發揮人才專業水準以達成工作目標，改善性別薪資差異。",
"電腦及週邊設備業","6276","安鈦克","17348","22","789","823","-4.13%","749","723","3.60%","-2.16","909","4.39","N","N","N","","",
"電子零組件業","6279","胡連","477594","574","832","819","1.59%","684","671","1.94%","12.79","747","2.21","N","N","N","","",
"電子零組件業","6284","佳邦","685734","869","789","696","13.36%","651","610","6.72%","6.61","747","2.21","N","N","N","","",
"電子零組件業","6290","良維","58090","52","1117","1080","3.43%","850","805","5.59%","6.41","747","2.21","N","N","N","","",
"半導體業","6291","沛亨","15859","17","933","899","3.78%","1037","922","12.47%","6.13","1307","5.21","N","Y","N","公司113年EPS較同業為佳主因合併之子公司獲利較佳所致，本資訊以個體為主，較無法有效比較。
另檢視半導體業部分IC設計公司之薪資水準確實較高，有拉高整體薪資平均水準之關聯性也可能較大。","未來會重新檢視公司營運狀況及參酌同業薪資水準，並考量員工參與營運程度及貢獻價值，設計更有效吸引人才
及留才之獎酬激勵制度（包含現金報酬、分紅、各項津貼及獎金)，結合永續發展規劃，以強化共享經營成果。",
"電子零組件業","6292","迅德","33725","37","911","1304","-30.14%","860","934","-7.92%","3.87","747","2.21","N","N","N","","",
"文化創意業","6294","智基","164657","318","518","530","-2.26%","479","482","-0.62%","1.79","1357","7.81","N","N","N","","",
"半導體業","6411","晶焱","259732","129","2013","1951","3.18%","1687","1592","5.97%","4.53","1307","5.21","N","N","N","","",
"通信網路業","6417","韋僑","254721","430","592","576","2.78%","480","458","4.80%","4.35","840","2.51","N","Y","N","本公司產品主要於台灣生產、製造，並高度客製化，因此員工結構中約有半數為基層生產人員(含外籍移工)，致整體平均薪資低於同業水準。","本公司啟動直接員工在職訓練方案，期待透過職能的建立、盤點及養成，協助直接員工成為多能工人才，並與績效、薪酬相連結，建立明確的職涯發展路徑，給予基層同仁更好的職涯發展未來。",
"電子零組件業","6418","詠昇","20523","34","604","584","3.42%","559","547","2.19%","1.10","747","2.21","N","N","N","","",
"光電業","6419","京晨科","21149","24","881","829","6.27%","784","683","14.79%","10.46","856","2.40","N","N","N","","",
"電機機械","6425","易發","179582","216","831","815","1.96%","777","758","2.51%","0.69","725","2.47","N","N","N","","",
"電子零組件業","6432","今展科","59258","72","823","790","4.18%","717","686","4.52%","1.68","747","2.21","N","N","N","","",
"半導體業","6435","大中","156196","92","1698","1478","14.89%","1623","1427","13.74%","6.09","1307","5.21","N","N","N","","",
"電腦及週邊設備業","6441","廣錠","55752","104","536","511","4.89%","426","427","-0.23%","-2.65","909","4.39","N","N","N","","",
"生技醫療業","6461","益得","67084","73","919","940","-2.23%","812","834","-2.64%","-2.68","787","0.41","N","N","Y","113年度人力編制較112年度比例上升，離職員工較多資深人員，新進人員任用年資較離職人員資淺，雖整體薪資總額增加，但薪資分布下移，致平均數與中位數下降。","強化薪資結構透明度：定期向員工溝通薪酬政策與調薪依據，提升員工認同感與留任意願。",
"半導體業","6462","神盾","346385","209","1657","1700","-2.53%","1319","1310","0.69%","-12.69","1307","5.21","N","N","N","","",
"通信網路業","6465","威潤","51350","59","870","883","-1.47%","820","816","0.49%","-1.32","840","2.51","N","N","Y","本公司酬金政策:係依個人能力及對貢獻度等與經營績效之關聯性成正相關；本期EPS較前期成長，係為本期增資致股本增加所致；另人員異動而產生薪資結構兩期不同也影響統計數據，故尚屬合理。","公司經營績效與員工薪酬的合理關聯是公司重視的課題，本公司HR持續精進薪酬設計、以客觀的績效評估、透明的溝通機制以及持續的市場調研，建立一個能激勵員工貢獻，又能確保薪酬公平與競爭力的體系。",
"生技醫療業","6469","大樹","998765","1792","557","541","2.96%","511","494","3.44%","5.16","787","0.41","N","Y","N","本公司屬零售通路業，員工人數以門市人員居多，惟因門市人員同質工作選擇性多致流動率高，故較難以平均薪資評論。","本公司對於員工有進階考核、升遷，近年調薪2%~7%，亦投入大量培訓成本及提升各項福利，致力提供具成長且福利健全之工作環境。",
"通信網路業","6470","宇智","164413","204","806","827","-2.54%","644","652","-1.23%","3.60","840","2.51","N","Y","N","通信網路產業型能不盡相同，本公司是以台灣生產為主之製造業。依據營運人力需求，多數為生產線之基層人員及外籍同仁，導致整體平均薪資低於同業水準。","截至目前，依據公司獲利狀況發放績效獎金已大於去年，且已進行調薪。並已修訂公司章程規定：公司有盈餘時，於員工酬勞分派中提撥不低於15%作為分派予基層員工之酬勞，以實質提升基層員工薪資水準。",
"文化創意業","6482","弘煜科","28666","52","551","567","-2.82%","512","523","-2.10%","3.53","1357","7.81","N","N","Y","1.本公司為台中少數上櫃的文創業，同業大部份位於北部，中部與北部月薪約有新台幣5千~3萬元的落差。
2.獎金+員酬以【實際發放】年度計算（113年度為112年獎金+111年員酬，112年度為111年獎金+110年員酬）。","獎金+員酬若以【提撥】年度計算，113年度較112年度增加約新台幣311萬元。",
"半導體業","6485","點序","305502","268","1140","1262","-9.67%","974","1067","-8.72%","-1.36","1307","5.21","N","N","N","","",
"通信網路業","6486","互動","375910","343","1096","1081","1.39%","922","889","3.71%","5.87","840","2.51","N","N","N","","",
"半導體業","6488","環球晶","1973909","1638","1205","1386","-13.06%","1101","1280","-13.98%","21.06","1307","5.21","N","Y","N","半導體產業涵蓋IC設計、晶圓製造及後段封裝測試等多元環節，各領域員工職務性質差異較大，導致平均薪資水準不具直接可比性。此外，113年度公司獲利較112年度下滑，員工分紅提列金額亦相對減少。","公司致力於打造優質職場環境，持續提升薪資與福利水準，讓員工能共享營運成果，實現長期穩定發展。",
"生技醫療業","6492","生華科","24899","21","1186","1147","3.40%","998","1179","-15.35%","-3.29","787","0.41","N","N","N","","",
"半導體業","6494","九齊","188310","117","1609","2459","-34.57%","1520","2265","-32.89%","2.63","1307","5.21","N","N","Y","1.本公司獎金發放，係因上年度的經營績效成果而定，111年EPS9.54於112年初發放獎金，112年EPS1.8於113年初發放獎金。因獎金發放時間差，故而造成有113年EPS高於112年，但113年之員工薪資確較112年為低之情形。","2.係獎金發放時間差問題，為公司政策所致。",
"生技醫療業","6496","科懋","131881","121","1090","1021","6.76%","938","868","8.06%","-2.14","787","0.41","N","N","N","","",
"生技醫療業","6499","益安","14487","13","1114","996","11.85%","1010","835","20.96%","-8.74","787","0.41","N","N","N","","",
"紡織纖維","6506","雙邦","225433","335","673","554","21.48%","594","514","15.56%","0.75","665","1.60","N","N","N","","",
"農業科技","6508","惠光","71343","121","590","574","2.79%","498","471","5.73%","1.07","645","0.64","N","Y","N","係本年度公司營業利益較上年度衰退41.43%而因兌換利益增加408.70%，公司本年度EPS較上年度微幅增加1.90%，致平均薪資較上年度微幅增加2.79%，薪資與經營績效具有相關尚屬合理。","本公司與同業公司產業特性、營運模式及組織結構具差異，致薪資結構亦有所不同，本公司已逐年優化與績效連結之薪資、獎金等制度，使員工可共享公司經營成果。",
"化學工業","6509","聚和","393194","457","860","829","3.74%","780","738","5.69%","2.71","759","1.61","N","N","N","","",
"半導體業","6510","精測","964810","1036","931","901","3.33%","843","838","0.60%","15.55","1307","5.21","N","Y","N","1.公司為「All In House X AI」的測試介面服務廠商，人才樣態分佈較為多樣化，故平均薪資差異較大。
2.公司自2024 H2持續恢復營運動能，大量招募新人之薪資水平相較於資深員工略低，故影響人均薪資的整體平均值。","1.2025年初已全面調薪，後續亦將持續優化薪酬福利制度。
2.每年提撥20%~30％盈餘，發放員工酬勞與績效獎金。",
"其他電子業","6512","啟發電","41424","55","753","736","2.31%","600","593","1.18%","-0.95","958","4.44","N","N","N","","",
"資訊服務業","6516","勤崴國際","129538","137","946","912","3.73%","904","851","6.23%","1.47","976","3.68","N","N","N","","",
"光電業","6517","保勝光學","117166","208","563","528","6.63%","474","438","8.22%","3.67","856","2.40","N","Y","N","一、製造基層人數(含移工)佔比超過60%，人力結構分佈將使非經理人全時員工平均薪資略低同業水準。
二、113年度本公司非經理人全時員工薪資平均數較上年度提升。","一、依公司法第235-1條修訂「公司章程」訂明以當年度獲利狀況不低於25%為基層員工分派，以保障並提高員工薪酬。
二、每年定期審視薪酬與福利規定，並參酌同業水準適時優化薪酬政策。",
"生技醫療業","6523","達爾膚","80190","75","1069","932","14.70%","774","744","4.03%","10.57","787","0.41","N","N","N","","",
"生技醫療業","6527","明達醫","93169","98","951","791","20.23%","732","684","7.02%","5.02","787","0.41","N","N","N","","",
"通信網路業","6530","創威","44167","70","631","558","13.08%","491","442","11.09%","1.64","840","2.51","N","N","N","","",
"半導體業","6532","瑞耘","84699","130","652","653","-0.15%","596","594","0.34%","4.03","1307","5.21","N","N","Y","112年度非經常性薪資因RBA返還外籍同仁仲介費、機票等相關費用約2,209仟元，故排除後員工薪資平均數應小於113年度。","將定期檢視薪資結構。",
"生技醫療業","6535","順藥","33874","28","1210","1142","5.95%","1192","1062","12.24%","-2.60","787","0.41","N","N","N","","",
"電子零組件業","6538","倉和","148623","213","698","667","4.65%","575","519","10.79%","9.23","747","2.21","N","Y","N","本公司以少量多樣客製化為主，屬勞力密集產業需較多人力，且直接人工及生產相關間接人員占比高，致平均薪資低於同業水準，後續將視營運狀況逐年調整。2.外籍勞工約佔公司人力百分之十二，其基本薪資低於本國勞工。","本公司將依營運成果逐年調薪，並強化多元性獎金與提升續效及技能加給的連動性以增加激勵效果。另將檢視外籍勞工薪資結構，確保內本、籍人員待遇公平，並建立具競爭力與永續發展的薪資制度。",
"文化創意業","6542","隆中","93660","106","884","888","-0.45%","675","654","3.21%","2.03","1357","7.81","N","N","N","","",
"通信網路業","6546","正基","82161","80","1027","1148","-10.54%","951","1032","-7.85%","3.59","840","2.51","N","N","N","","",
"生技醫療業","6547","高端疫苗","102438","118","868","880","-1.36%","717","743","-3.50%","-0.24","787","0.41","N","N","Y","本公司每年均按員工表現給予1~3%不等之薪資調整，惟113年度配合業務需求擴大招募基層員工拉低平均薪資，致113年度薪資平均數與中位數皆略有些微下降。","公司依據整體營運成果，持續實施合理調薪制度。",
"半導體業","6548","長科*","634304","833","761","637","19.47%","669","568","17.78%","2.02","1307","5.21","N","N","N","","",
"光電業","6556","勝品","222929","325","686","671","2.24%","567","516","9.88%","8.85","856","2.40","N","Y","N","1.公司人力結構直接人員約近50%，經營型態製造基層人力佔比高。
2.公司定期檢視市場薪資狀況並規劃逐年調整，近年針對直接人員進行薪資調整，2025年調幅介於0.5%-5.3%。","目前公司重點工作在於提升人才留任與支持AI推展，預計強化「技能導向」、「AI效益」及「員工轉型」三方案，以鼓勵員工能力升級及參與自動化，爾後再與績效連結，逐步改善薪資結構並強化組織競爭力。",
"光電業","6560","欣普羅","48633","47","1035","1157","-10.54%","792","753","5.18%","-0.26","856","2.40","N","N","Y","公司年終獎金依據獲利狀況發放，因公司連續2年度虧損，故113年度年終獎金較112年度減少。","公司如有獲利，將會依照獲利狀況發放年終獎金及員工酬勞。",
"通信網路業","6561","是方","322475","150","2150","2042","5.29%","2047","1881","8.83%","13.82","840","2.51","N","N","N","","",
"半導體業","6568","宏觀","130549","77","1695","1432","18.37%","1512","1340","12.84%","3.85","1307","5.21","N","N","N","","",
"生技醫療業","6569","醫揚","126863","118","1075","1091","-1.47%","1054","1044","0.96%","4.69","787","0.41","N","N","N","","",
"電腦及週邊設備業","6570","維田","90435","118","766","763","0.39%","678","694","-2.31%","1.59","909","4.39","N","N","N","","",
"生技醫療業","6574","霈方","164692","190","867","878","-1.25%","723","701","3.14%","4.10","787","0.41","N","N","Y","本公司113年平均薪資為867,000元，較112年減少11,000元，主因櫃點人員減少約62人，且其薪資結構以獎金為主所致；惟因新進人員多屬職級較高，兩期平均數差異有限。","差異係公司營運模式及櫃點的調整所致，未來公司將持續投入優質人力，以維持並提升薪資競爭力。113年度平均薪資為867,000元，顯著高於同業平均薪資787,000元，顯示公司在人力資源投入上具有較高的薪資競爭力。",
"生技醫療業","6576","逸達","52404","34","1541","1439","7.09%","1292","1237","4.45%","-7.87","787","0.41","N","N","N","","",
"電腦及週邊設備業","6577","勁豐","179997","179","1006","1003","0.30%","853","867","-1.61%","6.63","909","4.39","N","N","N","","",
"農業科技","6578","達邦蛋白","25815","41","630","630","0.00%","514","582","-11.68%","0.17","645","0.64","N","N","N","","",
"電子零組件業","6584","南俊國際","296390","550","539","481","12.06%","487","427","14.05%","2.94","747","2.21","N","Y","N","1.係因公司組織架構扁平，非經理人員工多為基層人員所致。
2.該薪資平均數未包含免費供餐等員工福利以及股票酬勞金額。","預計陸續調整薪資及各項福利",
"通信網路業","6588","東典光電","43582","77","566","579","-2.25%","515","529","-2.65%","-5.36","840","2.51","N","N","N","","",
"生技醫療業","6589","台康生技","353463","341","1037","1009","2.78%","900","898","0.22%","-2.28","787","0.41","N","N","N","","",
"資訊服務業","6590","普鴻","158039","153","1033","1032","0.10%","952","914","4.16%","5.04","976","3.68","N","N","N","","",
"資訊服務業","6593","台灣銘板","136617","202","676","721","-6.24%","586","635","-7.72%","0.39","976","3.68","N","N","N","","",
"文化創意業","6596","寬宏藝術","22367","30","746","704","5.97%","680","573","18.67%","6.27","1357","7.81","N","N","N","","",
"電機機械","6603","富強鑫","169192","251","674","640","5.31%","596","534","11.61%","0.50","725","2.47","N","N","N","","",
"電機機械","6609","瀧澤科","204288","296","690","637","8.32%","636","564","12.77%","2.58","725","2.47","N","Y","N","本公司之薪資計算依經營績效，提列一定百分比為獎金。","1.參考市場薪資水準，確保公平與競爭力。
2.績效制度透明化，提升員工動能與企業整体績效。",
"生技醫療業","6612","奈米醫材","75498","109","693","651","6.45%","494","512","-3.52%","2.41","787","0.41","N","Y","N","本公司個體雖有獲利但仍有持續進步的空間，與員工共同努力並分享成果，是一直以來永續發展的目標， 回顧113年度全體員工平均調薪幅度有5%，114年度也仍有4%以上的調整，保持每年均有調薪計畫。","本公司今年已修訂公司章程，為照顧員工，年度如有獲利，將提撥及分配員工酬勞，酬勞數額以不低於50%分配予基層員工。",
"其他電子業","6613","朋億*","207462","141","1471","1327","10.85%","1227","1127","8.87%","17.10","958","4.44","N","N","N","","",
"生技醫療業","6615","慧智","51837","73","710","673","5.50%","583","615","-5.20%","0.86","787","0.41","N","Y","N","因年後人員異動，新僱用之人員以工作年資0-2年內為多，平均薪資較低，故致使整體平均數低於同業水準","於公司營運盈餘情況下，依公司調薪辦法，對於績效評核成績評等A-以上同仁其主管得提報升等或加薪",
"綠能環保","6624","萬年清","43592","59","739","778","-5.01%","681","684","-0.44%","0.71","826","3.76","N","N","N","","",
"生技醫療業","6637","醫影","29630","34","871","0","0.00%","765","0","0.00%","7.17","787","0.41","N","N","N","","",
"半導體業","6640","均華","215299","174","1237","1061","16.59%","1157","1016","13.88%","14.62","1307","5.21","N","Y","N","公司營運穩定成長，持續擴大徵才，致使未滿一年之新進員工比例提高約16%，因其資歷尚淺，薪資水準相對較低，影響整體平均薪資。惟整體薪酬制度隨績效調整，仍具市場競爭力，反映公司經營成果。","後續將於永續報告書補充說明薪資相關數據，讓外界更清楚理解薪資數據變動原因。同時強化新進員工培訓與績效評核機制，縮短成長期，提升整體薪資結構，強化留才與薪酬成長機制，以呈現公司對員工薪酬之重視與合理性。",
"電子零組件業","6642","富致","80108","118","679","596","13.93%","531","482","10.17%","3.58","747","2.21","N","Y","N","本公司產品皆在台灣生產，無海外生產基地，故生產線人員比重佔全公司人員比重超過六成。所以年薪呈現上，會較同業在台灣是以管理及研發為主的公司低，此因人力結構上的差異造成平均薪資上的落差。","本公EPS獲利表現較同業為佳，惟非經理人之全時員工薪資平均數低於同業水準。係因人力結構上的差異造成平均薪資上的落差。公司本根留台灣原則，故目前無將產線移至海外計劃。故此人力結構差異將持續存在。",
"半導體業","6643","M31","551580","268","2058","2419","-14.92%","1758","2022","-13.06%","3.05","1307","5.21","N","N","N","","",
"生技醫療業","6649","台生材","15891","24","662","651","1.69%","547","523","4.59%","-0.04","787","0.41","N","N","N","","",
"半導體業","6651","全宇昕","101978","89","1146","1103","3.90%","793","730","8.63%","8.22","1307","5.21","N","Y","N","1.半導體業含晶片設計、晶圓製造及後段封測，員工結構差異大，致平均薪資不盡具可比較性。
2.113年度EPS較112年度成長係匯兌利益增加所致。","1.員工酬勞不低於20%分配於基層員工
2.關注匯率走勢，減低匯兌損益之影響",
"其他電子業","6654","天正國際","61815","103","600","603","-0.50%","533","529","0.76%","-2.28","958","4.44","N","N","N","","",
"生技醫療業","6661","威健生技","41328","53","780","764","2.09%","680","677","0.44%","0.05","787","0.41","N","N","N","","",
"生技醫療業","6662","樂斯科","50412","70","720","703","2.42%","642","625","2.72%","1.72","787","0.41","N","Y","N","本公司非主管人員薪酬約41.5%為基層之實驗動物飼育員，不同於一般生技產業公司多數為研發人員，故非主管人員薪資平均數略低於同業水準。","本公司針對實驗動物飼育員等基層職務，已建立年度績效考核機制，並依據考核結果及個人貢獻度辦理調薪，以確保薪酬結構公平合理，並提升人員穩定度與工作投入度。",
"電子零組件業","6664","群翊","228956","236","970","946","2.54%","909","900","1.00%","16.97","747","2.21","N","N","N","","",
"其他電子業","6667","信紘科","364623","326","1118","1017","9.93%","898","878","2.28%","9.69","958","4.44","N","N","N","","",
"半導體業","6679","鈺太","77954","58","1344","1114","20.65%","1202","1002","19.96%","8.86","1307","5.21","N","N","N","","",
"電腦及週邊設備業","6680","鑫創電子","75502","94","803","797","0.75%","705","723","-2.49%","4.15","909","4.39","N","N","N","","",
"半導體業","6683","雍智科技","320933","284","1130","834","35.49%","901","649","38.83%","17.69","1307","5.21","N","Y","N","半導體業含晶片設計、晶圓製造及後段封測，員工結構差異致平均薪資不盡具可比較性。
本公司113年度每股盈餘較112年度約增加35%，113年度員工薪資-平均數亦較112年度約增加35%，經營績效與員工薪酬增加幅度相近。","半導體業含晶片設計、晶圓製造及後段封測，員工結構差異致平均薪資不盡具可比較性。
本公司113年員工薪資-平均數已較112年增加約35%，此外每年4月均會調薪。",
"半導體業","6684","安格","130487","97","1345","1304","3.14%","1204","1151","4.60%","-4.24","1307","5.21","N","N","N","","",
"數位雲端","6690","安碁資訊","367241","333","1103","1066","3.47%","917","882","3.97%","10.13","841","2.11","N","N","N","","",
"綠能環保","6692","進能服","164707","168","980","779","25.80%","797","663","20.21%","0.94","826","3.76","N","N","N","員工薪酬係依照當年度盈餘提撥，惟申報時是依據當年度的實際發放數申報，故有時間差所致。","預計更正申報",
"半導體業","6693","廣閎科","81331","70","1162","1012","14.82%","908","776","17.01%","3.33","1307","5.21","N","N","N","","",
"資訊服務業","6697","東捷資訊","147199","167","881","853","3.28%","697","663","5.13%","2.61","976","3.68","N","N","N","","",
"生技醫療業","6703","軒郁","70276","90","781","735","6.26%","616","604","1.99%","10.16","787","0.41","N","Y","N","113年度的員工薪資平均數較去年增加約46仟元，由於公司營運規模增加，需投入更多人力在品牌業務開拓通路，以因應營運成長之需求，新進員工因任職時間較短及職務非管理職，因此薪資平均數低於同業水準。","公司內部將評估調薪空間及薪資結構，聚焦於薪資明顯偏低職務（如行政職），並進行目標式調整，特別針對績效良好或關鍵職位員工，提高其調薪幅度，並增設「績效獎金」或「專案獎金」，縮短與同業的總報酬差距。",
"半導體業","6708","天擎","65053","60","1084","1147","-5.49%","1019","1083","-5.91%","-0.31","1307","5.21","N","N","Y","2024年上半年離職人員較資深故未列入薪資計算
2024年新進人員年資淺/薪資較低且到職未滿1年故薪資較少
致2024年平均數較前一年減少","2025年公司增加員工福利措施如持股信託
希望未來能有更多優秀人才加入讓公司成長茁壯",
"生技醫療業","6712","長聖","52527","87","604","639","-5.48%","510","589","-13.41%","4.55","787","0.41","N","Y","N","本公司因同時從事研發與製造業務，並聘有與業績連動之業務人員，致使生產現場人員及業務人員占公司整體員工人數達七成以上。基於員工結構特性，整體平均薪資水準與同業相較有所差異，屬合理情形。","整體平均薪資水準與同業存在差異，為提升人力資源效能並強化薪資結構之競爭力，擬採取以下改善措施：1.強化高附加價值人力之比重；2.優化業績導向獎酬制度；3.進行同業薪資水準調查，建立更具競爭力之薪資結構。",
"半導體業","6716","應廣","121381","71","1710","1414","20.93%","1400","1209","15.80%","4.35","1307","5.21","N","N","N","","",
"半導體業","6720","久昌","22267","22","1012","0","0.00%","752","0","0.00%","6.60","1307","5.21","N","Y","N","1.113年提列獎金及員工酬勞於114年度發放，均未能在此體現。
2.113年度後勤人員薪資結構較低且佔比超過50%，致使平均薪資下降。
3.建構多元非現金獎酬，如現金增資員工認股及員工認股權憑證均未能在此體現。","1.114年補充六名業務及研發人員，該人員薪酬較高，將可提升非經理人全時員工薪資。
2.114年將視113年績效表現進行調薪，亦可提升非經理人全時員工薪資。",
"其他","6721","信實","236002","410","576","557","3.41%","571","569","0.35%","4.39","695","2.24","N","Y","N","獲利較佳，主係因公司聘用中高齡同仁所獲得之補助款，非本公司業內獲利所致-毛利率4%，且行業性質係為駐衛警保全、清潔、物業管理，本就屬於勞務服務，惟公司仍致力於維持員工應有之薪資福利及達到股東權益之平衡。","公司每年仍積極建議政府機關適時提高預算，以提高人員薪資水平。",
"電子零組件業","6727","亞泰金屬","91985","122","754","699","7.87%","630","576","9.38%","5.69","747","2.21","N","N","N","","",
"居家生活","6728","上洋","316613","367","863","797","8.28%","738","690","6.96%","11.71","694","8.76","N","N","N","","",
"半導體業","6732","昇佳電子","411447","190","2166","2204","-1.72%","1960","2066","-5.13%","11.05","1307","5.21","N","N","N","","",
"生技醫療業","6733","博晟生醫","28757","28","1027","899","14.24%","912","772","18.13%","-0.95","787","0.41","N","N","N","","",
"其他電子業","6735","美達科技","73765","61","1209","963","25.55%","1093","1242","-12.00%","2.13","958","4.44","N","N","N","","",
"其他電子業","6739","竹陞科技","65877","75","878","0","0.00%","670","0","0.00%","6.03","958","4.44","N","Y","N","(1)113年度因新進員工比例較高，年資低於三年者占比50%
(2)113年度實領薪酬未滿一年者占比27%
(3)員工酬勞獎金係依績效與貢獻度綜合評估發放
(4)本公司員工薪資(非經理人)高於同業平均數958仟元，占32%","本公司已於114年初針對部分員工實施結構性調薪，且持續每年定期檢視同業及市場薪資水準、消費者物價指數，並結合績效考核結果，作為年度薪資調幅之依據。",
"生技醫療業","6747","亨泰光","110884","148","749","724","3.45%","631","590","6.95%","5.51","787","0.41","N","Y","N","113年度的員工薪資平均數較去年增加約3.45%，而113年生產線直接人員亦佔30%，故擔任非擔任主管職務之全時員工薪資平均數低於同業水準。","將透過員工分紅方式，提高員工薪資",
"資訊服務業","6751","智聯服務","45394","51","890","873","1.95%","696","727","-4.26%","0.83","976","3.68","N","N","N","","",
"資訊服務業","6752","叡揚","695721","689","1010","999","1.10%","873","877","-0.46%","6.14","976","3.68","N","N","N","","",
"電子零組件業","6761","穩得","133704","145","922","897","2.79%","746","732","1.91%","7.25","747","2.21","N","N","N","","",
"生技醫療業","6762","達亞","110745","146","759","721","5.27%","687","622","10.45%","1.87","787","0.41","N","Y","N","本公司聚焦拋棄式醫療器材塑膠製造與銷售，員工結構以現場製造人員為主，與其他生技醫療同業有相當差異，致平均薪資偏低；每年仍依考核結果及部門績效調薪與發放獎金，與公司績效同時兼顧關聯性與具備合理性。","公司參酌物價變動及同業薪資水準檢討薪資結構，此外並加強各項福利措施、強化留才與獎優措施，以縮短與同業薪資差距。",
"數位雲端","6763","綠界科技*","170737","188","908","881","3.06%","806","802","0.50%","1.94","841","2.11","N","N","N","","",
"生技醫療業","6767","台微醫","26147","39","670","636","5.35%","599","547","9.51%","-1.62","787","0.41","N","N","N","","",
"生技醫療業","6785","昱展新藥","15720","17","925","1628","-43.18%","706","1228","-42.51%","0.27","787","0.41","N","N","N","","",
"半導體業","6788","華景電","189177","150","1261","967","30.40%","1137","888","28.04%","14.34","1307","5.21","N","Y","N","公司將經營成果與員工薪酬緊密連結。透過績效考核制度，將整體營收、獲利與個人貢獻納入薪酬調整與獎金發放的考量依據。本公司113年度之EPS獲利較112年度增加，故員工薪資_平均數較112年度高。","1、擴大獎金與利潤分享機制（如專案獎金、利潤分紅等），讓員工實質分享到公司經營成果。
2、每年度參考市場薪資報告進行薪資調整，確保薪酬水準具市場競爭力。",
"資訊服務業","6791","虎門科技","83062","87","955","890","7.30%","823","782","5.24%","4.16","976","3.68","N","Y","N","本公司的經營績效，會直接反映在員工的基本薪資調整、年終獎金及績效獎金，透過薪酬獎勵，有助於吸引優秀人才並降低離職率，形成正向循環。","1. 2025年度已進行調薪，並持續觀察市場薪資行情
2. 依法修訂公司章程，公司分紅做為基層勞工調薪或獎金",
"綠能環保","6803","崑鼎","67812","54","1256","1017","23.50%","906","902","0.44%","17.43","826","3.76","N","N","N","","",
"運動休閒","6804","明係","83971","167","503","581","-13.43%","410","483","-15.11%","-2.14","628","2.07","N","N","N","","",
"數位雲端","6811","宏碁資訊","438579","294","1492","1400","6.57%","1379","1255","9.88%","13.00","841","2.11","N","N","N","","",
"電子零組件業","6821","聯寶","47912","57","841","832","1.08%","594","690","-13.91%","1.19","747","2.21","N","N","N","","",
"半導體業","6823","濾能","95301","167","571","616","-7.31%","500","538","-7.06%","-7.30","1307","5.21","N","N","N","","",
"半導體業","6829","千附精密","324946","471","690","615","12.20%","632","573","10.30%","5.66","1307","5.21","N","Y","N","製造產線設置在台灣，需要大量基礎人員，直接人員占比59%、外籍人員占比17%，故影響薪資水平。
事實上，公司基層起薪具市場競爭力，並持續投入人員技能訓練與技術津貼，以鼓勵技能提升與穩定就業。","1.逐年提高直接人員薪資調幅，優於法定調幅標準。
2.強化職能發展制度，提高整體平均薪資水平。
3.人力職能盤點，逐步優化人力結構比例
4.外籍員工待遇透明化與在地化管理",
"其他電子業","6840","東研信超","108941","166","656","638","2.82%","488","481","1.46%","0.54","958","4.44","N","N","N","","",
"生技醫療業","6841","長佳智能","49798","73","682","836","-18.42%","584","740","-21.08%","0.31","787","0.41","N","N","Y","本公司薪酬包含固定薪資與變動獎酬兩部分，其中變動獎酬（如績效獎金、分紅、專案獎金）依據年度經營目標達成情形、部門績效與個人績效指標評核結果核發。","因本公司113年度首次本業轉虧為盈，而為了維持公司運營，強化公司團隊凝聚力，於114年度全體員工平均加薪5%以資鼓勵。",
"電機機械","6843","進典","79394","117","679","735","-7.62%","557","605","-7.93%","2.38","725","2.47","N","N","N","","",
"生技醫療業","6844","諾貝兒","403761","661","611","0","0.00%","564","0","0.00%","3.00","787","0.41","N","Y","N","公司以藥局零售業為主，藥師屬高薪專業職位，薪資水準高，但人數比例相對低；其餘多為門市與基層職員，薪資水準偏低，在整個薪資構面呈現拉高個別薪酬但壓低整體平均。公司將檢視獎金及考核制度以建立薪酬之合理性。","公司會依員工個人績效表現及對公司貢獻度並參考同業水準給予合理的薪資報酬。",
"食品工業","6846","綠茵","121780","132","923","980","-5.82%","734","733","0.14%","5.43","744","3.95","N","N","Y","綠茵於113年03月對兩間子公司進行簡易合併；然集團之研發人員及課長級以上之中階主管主要集中在綠茵母公司，故綠茵母公司員工薪資平均數即高於兩間子公司，是以合併後造成整體員工薪資平均數略較前一度減少。","雖本年度員工薪資平均數較前一年度減少，惟係因集團合併所產生之影響，又員工薪資中位數較前一年度增加，故本公司經營績效與員工薪酬之關聯性尚屬合理；本公司將持續加強營運績效以造福員工福利及股東權利。",
"其他電子業","6855","數泓科","71962","94","766","655","16.95%","690","550","25.45%","9.20","958","4.44","N","Y","N","本公司獲利來源主因為銷售高毛利產品，使獲利較同產業增加，但在產線員工占整體員工約三分之二的情況下，造成薪資分布偏態，平均值低於同業。","本公司自113年起逐年為薪資低於一定金額之員工加薪3~4%不等，並且預計修訂章程，訂定員工酬勞應提撥一定區間之比率分配基層員工，以逐步趕上同業水準。",
"文化創意業","6856","鑫傳","68945","102","676","653","3.52%","580","561","3.39%","4.12","1357","7.81","N","N","N","","",
"光電業","6859","伯特光","179900","303","594","583","1.89%","546","524","4.20%","3.14","856","2.40","N","Y","N","本公司113年度EPS獲表現相較同業平均數高，主係受惠美金對台幣升值，產生外幣兌換利益導致營業外收入大幅增加。","1.提升員工薪資水準，於公司章程明定提撥一定比率(目前不低於50%)分配予基層員工。
2.每年度落實員工績效考核，定期調整員工薪資。
3.持續制定並推行多項員工福利措施，如員工持股信託、員工認股權憑證等。",
"數位雲端","6865","偉康科技","156806","140","1120","1037","8.00%","1052","937","12.27%","2.15","841","2.11","N","N","N","","",
"數位雲端","6870","騰雲","133166","167","797","658","21.12%","656","557","17.77%","5.04","841","2.11","N","Y","N","為儲備公司長期發展的動能，積極晉用並培訓具潛力的年輕員工，以致非經理人的平均年資與薪資基數相對同業產生了薪資差異。","1.為具潛力的同仁規劃更完整的股權獎勵機制，提升更具吸引力的獎酬機制。
2.精準對標各專業領域的市場薪資水準，規劃所有崗位的薪資，並透過績效獎金與年度分紅等利潤共享機制，確保整體薪酬福利在市場上具有吸引",
"生技醫療業","6872","浩宇生醫","18402","19","969","0","0.00%","974","0","0.00%","-1.56","787","0.41","N","N","N","","",
"資訊服務業","6874","倍力","97572","80","1220","1194","2.18%","1100","1139","-3.42%","4.46","976","3.68","N","N","N","","",
"生技醫療業","6875","國邑*","42660","37","1153","1098","5.01%","948","1018","-6.88%","-1.32","787","0.41","N","N","N","","",
"其他電子業","6877","鏵友益","100688","125","806","763","5.64%","695","686","1.31%","1.25","958","4.44","N","N","N","","",
"其他","6881","潤德","95695","90","1063","0","0.00%","964","0","0.00%","15.52","695","2.24","N","N","N","","",
"綠能環保","6894","衛司特","68671","65","1056","964","9.54%","913","806","13.28%","8.50","826","3.76","N","N","N","","",
"半導體業","6895","宏碩系統","57399","84","683","666","2.55%","611","572","6.82%","2.55","1307","5.21","N","N","N","","",
"光電業","6899","創為精密","173176","285","608","0","0.00%","496","0","0.00%","3.40","856","2.40","N","Y","N","本公司113年EPS高於同業平均數，惟非經理人全時員工薪資平均數低於同業，主係生產基地位於台灣，員工結構偏屬製造業，直接員工和外籍員工佔比約54%，故薪資平均數低於同業均值。","本公司每年皆依人力銀行調查市場薪資行情提出薪資調整，113年度薪資平均調幅約3.43%，114年預計薪資平均調幅3~5%。",
"其他電子業","6903","巨漢","105806","94","1126","0","0.00%","931","0","0.00%","9.28","958","4.44","N","N","N","","",
"其他","6904","伯鑫","82213","149","552","593","-6.91%","510","554","-7.94%","10.47","695","2.24","N","Y","Y","1.其他之產業類別的產品或服務較廣泛，且人力結構也不一樣。&#8195;&#8195;
2.本公司依薪酬管理辦法訂定薪資報酬之內容及數額，且衡量經營績效核發年終獎金及績效獎金，故薪資水準尚屬合理。&#8195;","EPS較前一年度成長，惟非經理人之全時員工薪資平均數較前一年度減少，主係受惠業外金融資產利益所致。因公司營收較前一年度相比下滑3%，也因本業營運下滑致使部分人員之非經常性薪資下滑，進而導致平均數下滑。",
"電子零組件業","6913","鴻呈","46653","50","933","0","0.00%","795","0","0.00%","4.78","747","2.21","N","N","N","","",
"電腦及週邊設備業","6922","宸曜","178949","164","1091","944","15.57%","972","809","20.15%","7.57","909","4.39","N","N","N","","",
"生技醫療業","6929","佑全","498640","823","606","624","-2.88%","508","502","1.20%","-1.09","787","0.41","N","N","N","","",
"半導體業","6953","家碩","182023","111","1640","1745","-6.02%","1405","1492","-5.83%","8.25","1307","5.21","N","N","N","","",
"電子零組件業","6967","汎瑋材料","36150","56","646","0","0.00%","570","0","0.00%","3.37","747","2.21","N","Y","N","1、公司產業特性及組織架構扁平，非經理人員工中約85%為基層員工，使得非擔任主管職務之全時員工薪資平均數較同業偏低。
2、113年非經理人員工平均薪資較112年增加約7.5%，逐年向同業薪資水平爬升。","1、依公司營運狀況與時俱進，增加員工獎酬及福利項目金額。
2、公司持續培養基層員工獲得薪資增幅與工作職能責任同步調升。",
"居家生活","6968","萬達寵物","373152","663","563","0","0.00%","497","0","0.00%","2.44","694","8.76","N","N","N","","",
"電機機械","6982","大井泵浦","239996","373","643","0","0.00%","566","0","0.00%","2.85","725","2.47","N","Y","N","本公司為製造業，屬勞力密集生產型態，產線同仁佔全體人數50%以上，故整體平均薪資較低，惟113年年初已進行薪資校準，調薪後薪資經調查落點至少P50以上，尚屬合理範圍。","本公司114年已規劃執行多項提升員工薪酬及福利措施，包含：薪資校準(同步進行外部市場薪資調查)、員工分紅、辦理員工持股信託、發行限制員工權利新股及施行旅遊補助等方案，具體提升員工薪酬及福利。",
"半導體業","6996","力領科技","288605","106","2723","0","0.00%","2570","0","0.00%","15.37","1307","5.21","N","N","N","","",
"數位雲端","6997","博弘","103547","99","1046","0","0.00%","886","0","0.00%","6.11","841","2.11","N","N","N","","",
"光電業","7402","邑錡","56318","57","988","955","3.46%","787","766","2.74%","1.47","856","2.40","N","N","N","","",
"半導體業","7556","意德士科技","23534","31","759","862","-11.95%","668","717","-6.83%","5.82","1307","5.21","N","Y","Y","本公司員工薪酬係依公司經營績效、員工之績效考核及對公司之貢獻度來考量。113年度發放之員工酬勞，係反映前一年度之營運績效。","員工薪酬依公司經營績效、員工之績效考核及對公司之貢獻度據以調整。",
"文化創意業","7584","樂意","97749","149","656","0","0.00%","570","0","0.00%","4.06","1357","7.81","N","N","N","","",
"其他電子業","7703","銳澤","168271","191","881","0","0.00%","772","0","0.00%","7.41","958","4.44","N","Y","N","係因113年度資深高薪員工異動占多數，且本年度新進同仁均傾向年輕化所致。","113年度平均調薪幅度4.9%，預期未來每年平均調薪幅度不低於此水準。",
"半導體業","7704","明遠精密","126717","128","990","0","0.00%","872","0","0.00%","2.91","1307","5.21","N","N","N","","",
"觀光餐旅","7708","全家餐飲","427845","619","691","0","0.00%","624","0","0.00%","5.39","636","1.19","N","N","N","","",
"電機機械","7709","榮田","129318","172","752","0","0.00%","663","0","0.00%","5.19","725","2.47","N","N","N","","",
"半導體業","7712","博盛半導體","87138","54","1614","0","0.00%","1364","0","0.00%","8.39","1307","5.21","N","N","N","","",
"數位雲端","7714","創泓科技","52346","62","844","0","0.00%","677","0","0.00%","5.07","841","2.11","N","N","N","","",
"綠能環保","7715","裕山","137620","165","834","0","0.00%","703","0","0.00%","5.06","826","3.76","N","N","N","","",
"鋼鐵工業","7718","友鋮","105991","97","1093","0","0.00%","1035","0","0.00%","6.08","804","2.00","N","N","N","","",
"其他電子業","7728","光焱科技","40281","49","822","0","0.00%","643","0","0.00%","8.79","958","4.44","N","Y","N","光焱每股盈餘達8.79元，主要係受惠品牌效應發酵、高毛利產品組合優化，
非主管全時員工薪資平均水準相對低於同業平均，主要原因此薪資統計未完全反映公司於IPO前已實施的長期激勵措施與年度調薪機制延遲反映效應","1.實施長期激勵機制
於申請IPO期間，公司將認股轉換股份全數委由員工持股信託管理、已修改本公司章程，公司年度如有獲利，應提撥不低於30%員工酬勞數額為基層員工分派酬勞
2.強化員工培育與職能導向薪資調整",
"半導體業","7734","印能科技","123408","94","1313","0","0.00%","1161","0","0.00%","44.53","1307","5.21","N","N","N","","",
"半導體業","8024","佑華","76583","80","957","968","-1.14%","893","882","1.25%","-1.15","1307","5.21","N","N","N","","",
"電機機械","8027","鈦昇","205942","289","713","822","-13.26%","667","750","-11.07%","-0.51","725","2.47","N","N","N","","",
"電子通路業","8032","光菱","120220","90","1336","1047","27.60%","1307","1023","27.76%","2.15","812","1.36","N","N","N","","",
"通信網路業","8034","榮群","72035","80","900","936","-3.85%","780","785","-0.64%","1.00","840","2.51","N","N","N","","",
"電子零組件業","8038","長園科","14541","23","632","554","14.08%","537","499","7.62%","-1.54","747","2.21","N","N","N","","",
"半導體業","8040","九暘","195098","106","1841","1579","16.59%","1592","1460","9.04%","-1.38","1307","5.21","N","N","N","","",
"電子零組件業","8042","金山電","43179","59","732","705","3.83%","583","543","7.37%","0.60","747","2.21","N","N","N","","",
"電子零組件業","8043","蜜望實","74408","83","896","661","35.55%","765","550","39.09%","1.53","747","2.21","N","N","N","","",
"數位雲端","8044","網家","966327","1436","673","644","4.50%","577","542","6.46%","-4.08","841","2.11","N","N","N","","",
"其他電子業","8047","星雲","92022","115","800","761","5.12%","682","668","2.10%","-0.35","958","4.44","N","N","N","","",
"通信網路業","8048","德勝","91377","106","862","913","-5.59%","810","860","-5.81%","2.36","840","2.51","N","N","N","","",
"光電業","8049","晶采","108386","142","763","834","-8.51%","582","622","-6.43%","2.50","856","2.40","N","Y","N","本司為光電業,其歸類實屬廣泛且每家生產型態不同,本公司員工屬產線作業人員佔多數,因此平均薪資較低。
本公司之員工酬勞制度,係按稅前淨利5~12%提撥,故員工薪酬會與公司經營績效成正比。","展望未來公司經營績效提升後
員工的薪酬將再進一步改善",
"電腦及週邊設備業","8050","廣積","517685","671","772","845","-8.64%","597","633","-5.69%","4.06","909","4.39","N","N","N","","",
"半導體業","8054","安國","26302","22","1196","1508","-20.69%","982","1194","-17.76%","-2.29","1307","5.21","N","N","N","","",
"通信網路業","8059","凱碩","92526","89","1040","1186","-12.31%","944","1036","-8.88%","-1.84","840","2.51","N","N","N","","",
"光電業","8064","東捷","396352","439","903","896","0.78%","825","799","3.25%","0.79","856","2.40","N","N","N","","",
"居家生活","8066","來思達","9025","13","694","680","2.06%","714","745","-4.16%","-0.24","694","8.76","N","N","N","","",
"電子通路業","8067","志旭","11908","21","567","443","27.99%","465","379","22.69%","-0.71","812","1.36","N","N","N","","",
"電子通路業","8068","全達","22895","30","763","763","0.00%","623","638","-2.35%","2.30","812","1.36","N","Y","N","公司依據每年經營績效為發放員工年終獎金之依據，並參酌員工績效表現及年資等綜合因素決定發放之基數，並且依據公司章程之規定予以發放員工酬勞。","本公司113年度係因處分投資利益因此較同業之平均每股盈餘為高，惟此獲利係為一次性之獲利。本公司113年度仍為營業虧損。
本公司113年度之獲利已依照公司章程之規定提撥5%為員工酬勞，並已於114年度發放。",
"光電業","8069","元太","1863907","1293","1442","1418","1.69%","1270","1234","2.92%","7.75","856","2.40","N","N","N","","",
"電子零組件業","8071","能率網通","11493","18","639","576","10.94%","588","545","7.89%","-0.89","747","2.21","N","N","N","","",
"電子零組件業","8074","鉅橡","147667","238","620","558","11.11%","547","511","7.05%","1.17","747","2.21","N","N","N","","",
"電腦及週邊設備業","8076","伍豐","191827","207","927","846","9.57%","748","707","5.80%","1.49","909","4.39","N","N","N","","",
"觀光餐旅","8077","洛碁","129560","232","558","527","5.88%","538","488","10.25%","4.40","636","1.19","N","Y","N","公司今年營業額進步，員工平均薪資亦從112年度52萬7提升至55萬8，增加了5.88%。
薪資中位數也從48萬8提升至53萬8，增加了10.2%，公司有獲利時與員工共享。","住房率及房價如能再提升，薪資部分亦能同步提升。",
"建材營造","8080","泰霖","2549","5","510","554","-7.94%","591","562","5.16%","-0.48","1007","3.22","N","N","N","","",
"電機機械","8083","瑞穎","136068","143","952","855","11.35%","894","781","14.47%","10.19","725","2.47","N","N","N","","",
"電子通路業","8084","巨虹","7208","9","801","928","-13.69%","631","794","-20.53%","1.01","812","1.36","N","N","N","","",
"其他電子業","8085","福華","106232","214","496","482","2.90%","412","408","0.98%","-0.86","958","4.44","Y","N","N","鑑於近年產業環境變動劇烈，本公司營運表現持續承受壓力，導致非經理人全時員工之平均薪資未達新臺幣50萬元之標準。","公司管理階層持續推動成本結構優化與業務轉型，積極強化營運體質，以提升整體競爭力。公司期望透過上述措施，早日實現營運轉盈，並將未來經營成果以合理且具激勵性的薪酬政策及利益共享回饋給全體員工。",
"半導體業","8086","宏捷科","605308","867","698","715","-2.38%","656","662","-0.91%","2.65","1307","5.21","N","N","Y","雖113年的EPS較112年多,但從112年下半年需求開始增溫,宏捷科的員工也從112年7月最低的728人增加到113年5月最高的922人,其中移工的部分也從81人增加到156人移工以基本薪資來核薪是拉低基層員工的平均薪資的主要因素","宏捷科於114年的組織章程中明訂基層員工的分紅比例不低於30%，讓基層員工確實可以享受到公司獲利的成果並於114年度調薪中，會確定基層員工的薪資調幅會優於主管級員工，來拉近基層員工與主管級員工的薪資差距",
"綠能環保","8087","麗升能源","5770","6","962","1126","-14.56%","872","1004","-13.15%","0.61","826","3.76","N","N","N","","",
"半導體業","8088","品安","255433","502","509","537","-5.21%","450","425","5.88%","0.16","1307","5.21","N","N","N","","",
"通信網路業","8089","康全電訊","158848","115","1381","1038","33.04%","1255","994","26.26%","8.29","840","2.51","N","N","N","","",
"半導體業","8091","翔名","299078","377","793","717","10.60%","713","631","13.00%","7.50","1307","5.21","N","Y","N","半導體產業包含IC設計、晶圓製造及封裝測試，員工薪資結構差異較大，且本公司113年度EPS及員工薪資平均數均較112年度增加。","本公司擬於114年股東常會修訂章程，於章程訂明以年度盈餘提撥一定比率為基層員工分派酬勞，落實企業社會責任。",
"其他電子業","8092","建暐","87331","164","533","543","-1.84%","477","487","-2.05%","-0.50","958","4.44","N","N","N","","",
"電子零組件業","8093","保銳","35335","46","768","685","12.12%","701","662","5.89%","-3.16","747","2.21","N","N","N","","",
"電子通路業","8096","擎亞","43904","39","1126","1069","5.33%","1024","1018","0.59%","3.27","812","1.36","N","N","N","","",
"通信網路業","8097","常珵","36711","43","854","904","-5.53%","739","720","2.64%","0.38","840","2.51","N","N","Y","原則經營績效及員工績效評估與其薪酬是正向關聯,惟113年經營績效仍呈現營業淨損,故與前期員工薪酬比較無明顯差異,尚屬合理.","1.以達成員工平均年薪超過50萬為目標
2.優先調整薪資人員順序
  2.1	平均年薪未達50萬人員
  2.2	公司考核績效排名前10%
  2.3	年資排名前10%",
"資訊服務業","8099","大世科","425872","487","874","805","8.57%","712","666","6.91%","2.31","976","3.68","N","N","N","","",
"電機機械","8107","大億金茂","57079","84","680","618","10.03%","491","509","-3.54%","1.81","725","2.47","N","N","N","","",
"電子零組件業","8109","博大","204516","277","738","776","-4.90%","670","683","-1.90%","6.48","747","2.21","N","Y","N","本公司平均薪資較同業略低，主因為組織扁平，副課長以上主管占比不到10%，生產基層作業人員占比約40%。因此，薪資平均數低於同業屬合理情形。","本公司固定月薪(經常性薪資)維持成長，唯，今年度營收與獲利同步下降，致員工福利項目中之「員工酬勞/獎金」與「加班費」相對減少。增加營收與獲利，進而改善員工酬勞及福利。",
"光電業","8111","立碁","135036","188","718","667","7.65%","628","576","9.03%","0.91","856","2.40","N","N","N","","",
"電子零組件業","8121","越峰","148156","158","938","868","8.06%","861","790","8.99%","0.73","747","2.21","N","N","N","","",
"電子零組件業","8147","正淩","96951","121","801","809","-0.99%","726","715","1.54%","2.03","747","2.21","N","N","N","","",
"電子零組件業","8155","博智","618080","843","733","653","12.25%","665","590","12.71%","4.69","747","2.21","N","Y","N","本公司屬勞力密集產業，僅在台灣生產；直接人力佔總人力76%，其中外籍移工又佔總人力25%，因
而拉低整體平均薪資。113年公司持續致力員工薪酬福利等措施調整，平均薪資較112年明顯成長。","1.依公司營運績效與外部就業巿場薪資調查，提升薪酬福利競爭力。
2.增訂基層員工酬勞分配章程，共享公司營運獲利成果，以提升整體薪酬水準。",
"綠能環保","8171","天宇","63690","113","564","580","-2.76%","501","557","-10.05%","-1.29","826","3.76","N","N","N","","",
"通信網路業","8176","智捷","37776","44","859","809","6.18%","805","794","1.39%","0.45","840","2.51","N","N","N","","",
"電子零組件業","8182","加高","180095","298","604","576","4.86%","512","500","2.40%","2.44","747","2.21","N","Y","N","因本公司產業特性之因素，基層作業人員比重較高，致使非主管職務之全時員工薪資平均數較低。","113年度營業淨利，已依公司相關規範，擬於114年股東常會通過員工酬勞案後發放。",
"其他電子業","8183","精星","83427","125","667","612","8.99%","565","463","22.03%","3.26","958","4.44","N","N","N","","",
"半導體業","8227","巨有科技","77949","64","1218","1140","6.84%","1110","1031","7.66%","1.65","1307","5.21","N","N","N","","",
"電腦及週邊設備業","8234","新漢","599948","786","763","732","4.24%","657","640","2.66%","0.60","909","4.39","N","N","N","","",
"光電業","8240","華宏","438427","568","772","706","9.35%","686","623","10.11%","3.04","856","2.40","N","Y","N","本年度EPS高於同業平均數主要係因轉投資公司-寧波長宏遷至新廠後出售其土地及舊廠房之收入162,701(仟元)貢獻EPS約1.64元；另台灣之生產基地位於台南官田及高雄燕巢，其消費水平較低以致薪資平均數低於同業水準。","本公司每年度皆有定期調整非經理人之全時員工的薪資，113年度平均薪資調幅介於2~4%。",
"電機機械","8255","朋程","675853","750","901","858","5.01%","740","707","4.67%","8.24","725","2.47","N","N","N","","",
"資訊服務業","8272","全景軟體","191142","157","1217","0","0.00%","1094","0","0.00%","4.04","976","3.68","N","N","N","","",
"半導體業","8277","商丞","37414","52","720","704","2.27%","552","561","-1.60%","-0.72","1307","5.21","N","N","N","","",
"生技醫療業","8279","生展","324081","490","661","653","1.23%","608","587","3.58%","8.86","787","0.41","N","Y","N","本公司資本額較低，故EPS較其他生技業為佳，近年持續擴充產線，故生產線人員佔公司總人數52%且平均年資較淺，並依照台南、雲林地區之薪資水準及資歷給薪，致平均薪資低於同業。","本公司113年度EPS雖較前一年減少13%，但仍會調整員工薪資約3.5%。",
"資訊服務業","8284","三竹","299959","331","906","905","0.11%","816","827","-1.33%","5.56","976","3.68","N","Y","N","本年度薪資平均數：906仟元，優於112年(905仟元)，但由於113年招聘多位年資較淺之新人，因此中位數被拉低了。","因113年新增多位年資較淺員工，影響薪資中位數表現，屬正常人力結構調整。公司薪資政策具市場競爭力，無須另行改善。",
"電子零組件業","8289","泰藝","121561","186","654","598","9.36%","572","523","9.37%","0.40","747","2.21","N","N","N","","",
"電子零組件業","8291","尚茂","20275","41","495","502","-1.39%","445","463","-3.89%","-1.22","747","2.21","Y","N","Y","113年度公司進行營運轉型及人力調整，生產暫停致變動薪資減少，雖每股盈餘成長，惟主因為費用壓縮所致，非營收成長，員工平均薪資下降具合理性。","114年初公司已完成人力精簡，降低固定成本，資源集中投入新產品研發。新產品成熟後將恢復生產並招募人力，檢討薪酬與激勵機制，適時調薪，強化留才與組織效能。",
"半導體業","8299","群聯","9553085","3783","2525","2020","25.00%","2137","1784","19.79%","38.95","1307","5.21","N","N","N","","",
"其他","8342","益張","163016","247","660","579","13.99%","513","466","10.09%","7.64","695","2.24","N","Y","N","外籍員工薪資偏低及人數占比高達23%，故拉低整體平均薪資。","配合證券交易法修訂公司章程保障本公司基層員工獲配一定成數之酬勞分派。",
"鋼鐵工業","8349","恒耀國際","379511","549","691","661","4.54%","624","602","3.65%","4.27","804","2.00","N","Y","N","本公司產業屬性為汽車之零組件業，與鋼鐵業不同，部份獲利貢獻系來自海外子公司；非擔任主管職務之全時員工薪資平均數較112年增加4.54%，尚屬合理。","本公司預計在公司章程揭露將盈餘的一定比例，作為基層員工薪資調整或酬勞分派的金額，保障員工權益。",
"其他","8354","冠好","89187","165","541","528","2.46%","505","497","1.61%","1.58","695","2.24","N","N","N","","",
"電子零組件業","8358","金居","209175","289","724","712","1.69%","663","662","0.15%","3.65","747","2.21","N","Y","N","1.金居公司的非經理人全時員工共有289人，其中有55位(佔19%)為外籍移工．
2.外籍移工部份，依勞動合約，金居公司不需支付其年終、營運獎金、季獎金、輪班津貼..等，故平均薪資較同業略低17仟元/年。","雖113年的平均薪資較同業略低，但與112年金居公司平均薪資712仟元相較，113年平均薪資724仟元，已略高12仟元/年。",
"半導體業","8383","千附","206206","299","690","615","12.20%","619","565","9.56%","3.50","1307","5.21","N","N","N","","",
"綠能環保","8390","金益鼎","141344","139","1017","869","17.03%","946","808","17.08%","4.84","826","3.76","N","N","N","","",
"其他","8401","白紗科","312268","461","677","661","2.42%","612","595","2.86%","2.59","695","2.24","N","Y","N","本公司屬傳統產業，產業裡有不同類別公司人力結構不一樣，員工平均薪資水平不能全面衡量公司經營績效與員工薪酬的明確關聯性，且113年度非擔任主管職平均薪資較上年度亦有所增加，故本公司員工薪資平均數尚屬合理。","本公司員工薪酬除依公司章程規定提列外，估列之基礎係依據公司當年度之獲利情形(稅前淨利)，另員工之職務、專業能力、貢獻度及每年考核之績效等做為調薪及獎酬之依據。",
"生技醫療業","8403","盛弘","107973","119","907","828","9.54%","800","729","9.74%","1.53","787","0.41","N","N","N","","",
"生技醫療業","8409","商之器","73958","103","718","710","1.13%","629","632","-0.47%","0.07","787","0.41","N","N","N","","",
"電腦及週邊設備業","8410","森田","154150","205","752","716","5.03%","731","703","3.98%","7.54","909","4.39","N","Y","N","1.本公司因基層人力短缺,故聘僱近2成之外籍移工,致平均薪資較同業為低
2.113年營收雖較112年略減1%,然因美金大幅升值,使EPS增加約2.2元
3.本公司每年皆有調薪,並依EPS成長發放獎酬,近三年平均薪資成長2.6%~5%","113年EPS增加主要來自美金升值，美金升貶對本公司EPS影響甚鉅；近三年給付非擔任主管之全時員工平均薪資皆隨EPS年年成長；未來如EPS增加，給付非擔任主管之全時員工獎酬亦會隨之成長。",
"鋼鐵工業","8415","大國鋼","51918","65","799","646","23.68%","620","532","16.54%","2.22","804","2.00","N","Y","N","公司主要的獲利係來自海外子公司，
員工薪酬係按照集團獲利狀況整體考量予以分配。","考量台灣實際通膨狀況，已於114年2月調整薪資。",
"資訊服務業","8416","實威","217148","225","965","930","3.76%","861","826","4.24%","11.01","976","3.68","N","Y","N","主係113年新進人員幾乎皆為基層員工，佔員工人數近1/4，影響員工薪資平均數水準。","113年新進人員佔比已較112年略有調整，此項狀況應會持續獲得改善。",
"其他","8421","旭源","128296","199","645","647","-0.31%","536","542","-1.11%","0.02","695","2.24","N","N","Y","公司EPS較前一年度成長，惟非經理人全時員工薪資平均數衰退
係因本公司111年度處分固定資產利益提列較高之員工酬勞，於112年度發放，故較113年度發放金額高所致。","本公司會持續視公司營運狀況依相關規定提撥員工酬勞，相關福利政策，提供多元化之福利措施，以照顧員工生活與發展需求。",
"建材營造","8424","惠普","108451","139","780","764","2.09%","726","709","2.40%","4.61","1007","3.22","N","Y","N","113年本公司係矽酸鈣板製造業，屬建材下游產業，加工技術層次較低且所需學歷普遍較低之下，薪資可能較低。惟公司獲利主要緣於產業之供需及有效良善管理。近年公司依舊維持在2~3%之穩定調薪，提供良善之薪資環境。","本公司係矽酸鈣板製造業，屬建材下游產業，加工技術層次較低且所需學歷普遍較低之下，薪資可能較低。惟公司獲利主要緣於產業之供需及有效良善管理。近年公司依舊維持在2~3%之穩定調薪，提供良善之薪資環境。",
"其他電子業","8431","匯鑽科","12011","14","858","654","31.19%","738","666","10.81%","1.26","958","4.44","N","N","N","","",
"生技醫療業","8432","東生華","68029","56","1215","1198","1.42%","1126","1125","0.09%","2.95","787","0.41","N","N","N","","",
"居家生活","8433","弘帆","18040","21","859","767","11.99%","774","652","18.71%","9.84","694","8.76","N","N","N","","",
"其他","8435","鉅邁","79529","73","1089","1089","0.00%","1033","1049","-1.53%","4.68","695","2.24","N","N","N","","",
"生技醫療業","8436","大江","479406","512","936","817","14.57%","854","753","13.41%","7.60","787","0.41","N","N","N","","",
"綠能環保","8440","綠電","75515","109","693","732","-5.33%","605","619","-2.26%","0.54","826","3.76","N","N","N","","",
"文化創意業","8446","華研","56135","72","780","778","0.26%","695","692","0.43%","11.44","1357","7.81","N","Y","N","本公司為流行音樂公司，同類股包含線上遊戲、文創百貨、教育平台等，不易比較。本公司113年薪資平均數及中位數均較112年為高。","本公司衡量員工表現與公司獲利關係，並觀察市場薪資變化，適時調整。",
"文化創意業","8450","霹靂","90097","179","503","466","7.94%","454","403","12.66%","-1.55","1357","7.81","N","N","N","","",
"數位雲端","8472","夠麻吉","71163","93","765","724","5.66%","634","578","9.69%","-4.42","841","2.11","N","N","N","","",
"數位雲端","8477","創業家","55277","75","737","705","4.54%","666","575","15.83%","-3.63","841","2.11","N","N","N","","",
"其他","8489","三貝德","54003","88","614","575","6.78%","499","470","6.17%","-1.23","695","2.24","N","N","N","","",
"其他","8905","裕國","107345","181","593","587","1.02%","539","538","0.19%","1.35","695","2.24","N","N","N","","",
"其他","8906","花王","38161","72","530","535","-0.93%","425","402","5.72%","-0.22","695","2.24","N","N","Y","資深員工退休，以致非經理人平均薪資下降","公司已於114年1月進行全面薪資調整,縮小平均數差異",
"油電燃氣業","8908","欣雄","85290","117","729","722","0.97%","667","644","3.57%","1.87","763","1.79","N","Y","N","1.113年因部份資深人員離職，但新進員工的薪資多處於較低起點，使113年本公司非經理人之全時員工薪資平均數低於比同業水準。
2.本公司依據113年EPS獲利表現已於114年調漲薪資平均調幅4%。","公司已積極訂定員工定期升級調薪制度，以期提升薪資競爭力及員工留任率。",
"其他","8916","光隆","183865","205","897","968","-7.33%","767","746","2.82%","4.04","695","2.24","N","N","Y","本公司2024年度EPS較前一年度成長，惟非經理人全時員工平均薪資較去年略有下滑，此變化主要因組織內部人力結構調整，包括資深人員退休與新進人員增加，造成平均薪資短期下降，並非公司削減薪酬所致。","為使員工能同步分享公司成長成果，會持續優化薪酬制度，未來將強化與營運績效連結之獎酬制度。",
"油電燃氣業","8917","欣泰","186413","166","1123","1083","3.69%","1028","995","3.32%","2.36","763","1.79","N","N","N","","",
"其他","8921","沈氏","109127","157","695","682","1.91%","642","622","3.22%","-0.23","695","2.24","N","N","N","","",
"文化創意業","8923","時報","70627","108","654","545","20.00%","651","560","16.25%","0.93","1357","7.81","N","N","N","","",
"運動休閒","8924","大田","137318","155","886","844","4.98%","819","771","6.23%","5.66","628","2.07","N","N","N","","",
"油電燃氣業","8927","北基","284489","525","542","517","4.84%","499","478","4.39%","1.29","763","1.79","N","N","N","","",
"運動休閒","8928","鉅明","592050","1109","534","446","19.73%","505","419","20.53%","2.75","628","2.07","N","Y","N","1.同業EPS：復盛28.17、大田5.66、明安7.51、鉅明2.75，本公司EPS獲利表現並未較同業佳。
2.員工薪資-平均數由112年的446仟元，增加為113年的534仟元，增加金額88仟元，增加幅度19.73%。","2026年執行加薪計畫，員工視績效加薪2%~3%不等。",
"其他","8929","富堡","42086","78","540","510","5.88%","500","463","7.99%","0.95","695","2.24","N","N","N","","",
"鋼鐵工業","8930","青鋼","104190","113","922","910","1.32%","858","802","6.98%","3.01","804","2.00","N","N","N","","",
"油電燃氣業","8931","大汽電","197402","180","1097","1062","3.30%","1030","981","4.99%","2.32","763","1.79","N","N","N","","",
"其他","8932","智通*","86435","159","544","484","12.40%","478","426","12.21%","2.00","695","2.24","N","N","N","","",
"運動休閒","8933","愛地雅","102457","233","440","430","2.33%","396","387","2.33%","-0.74","628","2.07","Y","N","N","因疫情紅利消失且受全球通膨與地緣政治影響，產業庫存去化遲緩。客戶資金壓力，進而減少或取消訂單，影響本公司接單獲利狀況。2024年公司實施管理職減薪及員工減班休息（每月減少3天，為期4個月），加班時數亦減少。","1.強化既有客戶關係，積極開發新客戶。
2.恢復管理職人員薪資及取消實施減班休息。",
"其他","8935","邦泰","39199","72","544","534","1.87%","522","482","8.30%","-0.67","695","2.24","N","N","N","","",
"其他","8936","國統","233867","375","624","703","-11.24%","558","580","-3.79%","3.37","695","2.24","N","Y","Y","主係113年度本公司工案以專案引進外勞,以致外勞人數較去年多88人,且外勞皆為基本工資，故拉低113年度整體薪資外及112年度因部分工案陸續施工已達各工案之里程碑，故酌發工案獎金，故112年度工案獎金較113年度增加。","未來本公司會優先調配各工案外籍移工人數調度，如有缺額再斟酌外籍移工人數引進。",
"其他","8937","合騏","29220","61","479","439","9.11%","440","422","4.27%","0.43","695","2.24","Y","N","N","本公司113年EPS 0.43，較去年0.71衰退，稅後淨利為營業外收益增加所致，113年全時員工平均薪資479仟元，較去年439仟元微增40仟元。","本公司已適時配合法令及反應經營獲利予員工，拉升整體員工薪資的成長幅度。",
"運動休閒","8938","明安","726708","930","781","618","26.38%","690","542","27.31%","7.51","628","2.07","N","N","N","","",
"居家生活","8941","關中","14894","17","876","914","-4.16%","864","872","-0.92%","5.06","694","8.76","N","N","N","","",
"其他","8942","森鉅","147170","210","701","810","-13.46%","617","716","-13.83%","5.39","695","2.24","N","N","N","","",
"文化創意業","9949","琉園","38070","69","552","529","4.35%","496","490","1.22%","-1.19","1357","7.81","N","N","N","","",
"塑膠工業","9950","萬國通","308797","643","480","500","-4.00%","440","446","-1.35%","1.02","510","3.45","Y","N","N","本公司113年度受報復性旅遊潮退燒，銷售動能趨緩，雖113年度持續獲利，惟尚無法完全彌補累積虧損，依公司章程規定，尚有累積虧損時，應先保留彌補數額，未提撥員工酬勞，故較同業水準為低。","依法修訂公司章程，提撥基層員工分派酬勞，但公司尚有累積虧損時，應先彌補數額。",
"電機機械","9951","皇田","371189","572","649","719","-9.74%","553","643","-14.00%","4.20","725","2.47","N","Y","N","因本司2024年EPS較2023年衰退37.4%，致本司員工酬勞較前一年度微幅下滑，此外本司外籍移工人數佔本司非擔任主管職之員工人數達24.3%，亦拉低並影響本司非擔任主管職之平均員工薪資。","本司基於提升非擔任主管職員工之薪酬，已逐年調整員工薪資，雖2024年營運績效表現較往年疲弱，但仍於2025/4/1針對非擔任主管職之績優表現員工進行調薪。",
"運動休閒","9960","邁達康","41469","86","482","534","-9.74%","449","483","-7.04%","2.03","628","2.07","Y","N","N","本公司113年稅後淨利較112年衰退，本公司屬零售業，其薪資結構係屬低底薪高獎金，有90%的員工屬於門市一般人員，113年員工平均薪資較112年減少，主要係因113年業績衰退而影響門市銷售獎金減少，其關聯性尚屬合理。","本公司針對非擔任主管職務之全時員工已逐年加薪，並增加獎金的提成項目，希望能改善員工薪酬。",
"鋼鐵工業","9962","有益","52551","81","649","678","-4.28%","649","667","-2.70%","0.68","804","2.00","N","N","N","","",