產業類別,公司代號,公司名稱,非擔任主管職務之全時員工資訊-員工薪資總額(仟元),非擔任主管職務之全時員工資訊-員工人數-年度平均(人),非擔任主管職務之全時員工資訊-員工薪資-平均數(仟元/人)-114年,非擔任主管職務之全時員工資訊-員工薪資-平均數(仟元/人)-113年,員工薪資-平均數調整變動情形(%),非擔任主管職務之全時員工資訊-員工薪資-中位數(仟元/人)-114年,非擔任主管職務之全時員工資訊-員工薪資-中位數(仟元/人)-113年,員工薪資-中位數調整變動情形(%),非擔任主管職務之全時員工資訊-每股盈餘(元/股),非擔任主管職務之全時員工性別薪資資訊-男性員工薪資-平均數(仟元)-114年,非擔任主管職務之全時員工性別薪資資訊-男性員工薪資-平均數(仟元)-113年,非擔任主管職務之全時員工性別薪資資訊-男性員工薪資-平均數調整變動情形(%),非擔任主管職務之全時員工性別薪資資訊-女性員工薪資-平均數(仟元)-114年,非擔任主管職務之全時員工性別薪資資訊-女性員工薪資-平均數(仟元)-113年,非擔任主管職務之全時員工性別薪資資訊-女性員工薪資-平均數調整變動情形(%),非擔任主管職務之全時員工性別薪資資訊-男性員工薪資-中位數(仟元)-114年,非擔任主管職務之全時員工性別薪資資訊-男性員工薪資-中位數(仟元)-113年,非擔任主管職務之全時員工性別薪資資訊-男性員工薪資-中位數調整變動情形(%),非擔任主管職務之全時員工性別薪資資訊-女性員工薪資-中位數(仟元)-114年,非擔任主管職務之全時員工性別薪資資訊-女性員工薪資-中位數(仟元)-113年,非擔任主管職務之全時員工性別薪資資訊-女性員工薪資-中位數調整變動情形(%),同業公司資訊-員工薪資-平均數(仟元/人),同業公司資訊-平均每股盈餘(元/股),薪資統計情形-非經理人之全時員工薪資平均數未達50萬元,薪資統計情形-公司EPS獲利表現較同業為佳，惟非經理人之全時員工薪資平均數低於同業水準,薪資統計情形-公司EPS較前一年度成長，惟非經理人之全時員工薪資平均數較前一年度減少),薪資統計情形-公司經營績效與員工薪酬之關聯性及合理性說明,薪資統計情形-具體改善措施說明
"水泥工業","1101","台泥","1205896","1212","995","1003","-0.80%","895","877","2.05%","-1.60","            990","不適用","-","          1,008","不適用","-","            906","不適用","-","            860","不適用","-","915","0.13","N","N","N","","",
"水泥工業","1102","亞泥","494077","435","1136","1132","0.35%","992","988","0.40%","3.00","          1,098","不適用","-","          1,231","不適用","-","            979","不適用","-","          1,189","不適用","-","915","0.13","N","N","N","","",
"水泥工業","1103","嘉泥","77077","71","1086","1099","-1.18%","971","1023","-5.08%","0.84","不適用","不適用","-","不適用","不適用","-","不適用","不適用","-","不適用","不適用","-","915","0.13","N","N","Y","114年度EPS較前一年度高，主要係114年度營業外收入-採用權益法認列之關聯企業損益份額較前一年增加所致；而薪資平均數較前一年微幅減少，主要是人員異動（例如資深員工退休）產生之薪資差異。","公司每年持續參與兩家專業第三方薪資調查，並參考物價水準進行滾動式薪資調整，以確保薪酬具市場競爭力，同時將營運績效適度反映於員工薪酬，與員工共享公司經營成果。",
"水泥工業","1104","環泥","404084","458","882","850","3.76%","818","792","3.28%","2.56","不適用","不適用","-","不適用","不適用","-","不適用","不適用","-","不適用","不適用","-","915","0.13","N","Y","N","本公司114年度EPS(2.56元)較高，主要係因營業外收入-採用權益法認列之關聯企業損益份額所致。","公司後續將視營運狀況不斷檢討、調整員工薪酬福利。",
"水泥工業","1108","幸福","234405","371","632","595","6.22%","555","523","6.12%","2.18","不適用","不適用","-","不適用","不適用","-","不適用","不適用","-","不適用","不適用","-","915","0.13","N","Y","N","1.114年度EPS為2.18元，主係單一事件(石材供應商退款)所導致，若排除此單一事件，114年度之EPS尚低於113年度。
2.本公司非擔任主管職員工薪資之平均數，114年度為632仟元，113年度595仟元，已實質增加37仟元。","本公司預計於今年(115年)實質調薪。",
"水泥工業","1109","信大","210012","322","652","681","-4.26%","623","651","-4.30%","1.03","不適用","不適用","-","不適用","不適用","-","不適用","不適用","-","不適用","不適用","-","915","0.13","N","Y","N","本公司每年透過員工酬勞與年終獎金機制，將年度績效回饋予全體員工。","本公司114年度營收及EPS皆較113年度下降，公司仍展現對員工的重視，於115年4月進行全體員工薪資調整，平均實質薪資提升約5%。",
"水泥工業","1110","東泥","38742","44","881","768","14.71%","809","729","10.97%","0.36","不適用","不適用","-","不適用","不適用","-","不適用","不適用","-","不適用","不適用","-","915","0.13","N","Y","N","本公司114年度EPS0.36元除比台泥EPS-1.60元高外，其他同業EPS均高於本公司甚多，另114年度本公司非擔任主管之全時員工薪資平均數較113年增加10.97%，同業114年平均數較113年僅增加0.66%，顯示本公司優於同業。","遵循公司章程規定，員工酬勞中分配予基層員工比例不低於50%，並持續檢視薪酬政策，以確保薪資水準與市場趨勢保持合理性。",
"食品工業","1201","味全","1054862","1340","787","789","-0.25%","730","729","0.14%","0.40","不適用","不適用","-","不適用","不適用","-","不適用","不適用","-","不適用","不適用","-","875","2.70","N","N","N","","",
"食品工業","1203","味王","410269","666","616","620","-0.65%","584","592","-1.35%","1.81","不適用","不適用","-","不適用","不適用","-","不適用","不適用","-","不適用","不適用","-","875","2.70","N","N","N","","",
"食品工業","1210","大成","2400433","2973","807","784","2.93%","689","666","3.45%","4.33","不適用","不適用","-","不適用","不適用","-","不適用","不適用","-","不適用","不適用","-","875","2.70","N","Y","N","本公司目前營業比重以飼料為大宗約佔52%，食品僅約佔21%，與其它食品業有相當的差異；另又人力結構中，外籍移工佔比逾三成。","本公司依照公司營運目標的進展與獲利發放各項獎金、年終獎金，員工酬勞依年度可分配盈餘不低於2%提撥發放， 並依法於114年修訂公司章程，明訂前述員工酬勞的分配之中基層員工酬勞不低於0.5%。",
"食品工業","1213","大飲","37976","87","437","421","3.80%","407","398","2.26%","-0.85","不適用","不適用","-","不適用","不適用","-","不適用","不適用","-","不適用","不適用","-","875","2.70","Y","N","N","本公司為傳統產業,公司營運不如預期,雖薪資平均數未達50萬元,但每年皆依政府規定基本工資作調整。","依政府規定基本工資作調整。",
"食品工業","1215","卜蜂","1800196","2443","737","729","1.10%","588","507","15.98%","10.39","不適用","不適用","-","不適用","不適用","-","不適用","不適用","-","不適用","不適用","-","875","2.70","N","Y","N","台灣缺工問題長期嚴重，加上公司為3K行業，本國人大多不願從事，新增人力多為外籍定期契約勞工。目前外勞佔比達40%，故整體薪資平均數低於同業水準。但員工薪資平均上漲幅度大於同業公司員工薪資平均幅度。","持續招聘本國籍員工，降低外勞使用人數。",
"食品工業","1216","統一","6822714","5561","1227","1220","0.57%","1040","1041","-0.10%","3.45","          1,299","不適用","-","          1,111","不適用","-","          1,117","不適用","-","            996","不適用","-","875","2.70","N","N","N","","",
"食品工業","1217","愛之味","391197","558","701","699","0.29%","611","603","1.33%","0.42","不適用","不適用","-","不適用","不適用","-","不適用","不適用","-","不適用","不適用","-","875","2.70","N","N","N","","",
"食品工業","1218","泰山","312798","447","700","641","9.20%","635","585","8.55%","1.59","不適用","不適用","-","不適用","不適用","-","不適用","不適用","-","不適用","不適用","-","875","2.70","N","N","N","","",
"食品工業","1219","福壽","413650","609","679","665","2.11%","619","616","0.49%","0.45","不適用","不適用","-","不適用","不適用","-","不適用","不適用","-","不適用","不適用","-","875","2.70","N","N","N","","",
"食品工業","1220","台榮","136142","205","664","682","-2.64%","634","655","-3.21%","0.08","不適用","不適用","-","不適用","不適用","-","不適用","不適用","-","不適用","不適用","-","875","2.70","N","N","N","","",
"食品工業","1225","福懋油","148867","223","668","682","-2.05%","625","633","-1.26%","1.62","不適用","不適用","-","不適用","不適用","-","不適用","不適用","-","不適用","不適用","-","875","2.70","N","N","Y","員工酬勞：以當年度獲利提撥2%~4%為員工酬勞，114年提撥2%員工酬勞。
年終獎金：依公司預算達成率提撥年終獎金，並依個人績效發放。
年度調薪：依照市場薪資動態及整體經濟，再依個人績效評等，進行年度調薪作業。","1.114年調高員工薪資，整體固定薪資較113年提升。
2.因114年度預算目標較高，預算達成率較低，因此依據當年度預算達成率提撥年終獎金較113年少。
3.將依產業競爭及員工激勵之需要，將預算目標做合適調整。",
"食品工業","1227","佳格","945962","1121","844","897","-5.91%","749","804","-6.84%","1.33","不適用","不適用","-","不適用","不適用","-","不適用","不適用","-","不適用","不適用","-","875","2.70","N","N","N","","",
"食品工業","1229","聯華","1053691","1247","845","802","5.36%","778","733","6.14%","2.57","            874","不適用","-","            779","不適用","-","            809","不適用","-","            721","不適用","-","875","2.70","N","N","N","","",
"食品工業","1231","聯華食","1706365","2398","712","721","-1.25%","633","630","0.48%","3.81","不適用","不適用","-","不適用","不適用","-","不適用","不適用","-","不適用","不適用","-","875","2.70","N","Y","N","公司基層人力佔約七成，其中外籍移工、建教生及未全年在職人數佔36%，員工人數較去年成長4%，年資未足一年之員工佔11%，影響整體薪資平均數。本公司秉持共創價值、利潤分享之理念，將持續提升員工薪資福利。","1.進行市場薪資調查產業薪資水平，持續提升基層員工薪資競爭力。
2.推動培訓、輪調、升遷管道，讓員工有多元專業職涯發展提升薪資水平。
3.參考通膨指數、人才市場薪資福利，持續提升各類補助與津貼制度。",
"食品工業","1232","大統益","233614","139","1681","1630","3.13%","1455","1422","2.32%","8.25","不適用","不適用","-","不適用","不適用","-","不適用","不適用","-","不適用","不適用","-","875","2.70","N","N","N","","",
"食品工業","1233","天仁","499825","774","646","642","0.62%","564","553","1.99%","0.75","不適用","不適用","-","不適用","不適用","-","不適用","不適用","-","不適用","不適用","-","875","2.70","N","N","N","","",
"食品工業","1234","黑松","468393","565","829","852","-2.70%","733","759","-3.43%","2.00","            857","不適用","-","            768","不適用","-","            761","不適用","-","            674","不適用","-","875","2.70","N","N","N","","",
"食品工業","1235","興泰","4480","13","345","356","-3.09%","354","386","-8.29%","-0.03","不適用","不適用","-","不適用","不適用","-","不適用","不適用","-","不適用","不適用","-","875","2.70","Y","N","N","1.本公司已成立50多年，老員工已退休，目前員工為年資較淺之新員工。
2.公司獲利原因為業外投資收益，本業實則處於虧損狀態，因考量老員工再投入職場不易，故也未實施資遣，尚於苦&#25745;中。","公司依各別員工表現予以調高薪資,並不定期加發獎金以提振員工士氣。",
"食品工業","1236","宏亞","343164","657","522","532","-1.88%","454","473","-4.02%","-0.43","不適用","不適用","-","不適用","不適用","-","不適用","不適用","-","不適用","不適用","-","875","2.70","N","N","N","","",
"塑膠工業","1301","台塑","8447743","6033","1400","1382","1.30%","1273","1262","0.87%","-1.58","          1,434","不適用","-","          1,106","不適用","-","          1,311","不適用","-","          1,025","不適用","-","1235","-0.80","N","N","N","","",
"塑膠工業","1303","南亞","13064852","10397","1257","1229","2.28%","1159","1139","1.76%","0.57","          1,313","不適用","-","            960","不適用","-","          1,246","不適用","-","            943","不適用","-","1235","-0.80","N","N","N","","",
"塑膠工業","1304","台聚","438851","406","1081","1038","4.14%","1001","958","4.49%","-2.60","          1,080","不適用","-","          1,085","不適用","-","          1,000","不適用","-","          1,052","不適用","-","1235","-0.80","N","N","N","本公司綜合評估年度經營績效、國內同業薪酬水準及員工個人表現等因素後，據以核定年度獎金發放機制與薪資調整方案","密切追蹤國內同業給薪標準，並同步完善績效考核制度，據以優化員工的整體薪酬結構",
"塑膠工業","1305","華夏","529236","545","971","961","1.04%","918","907","1.21%","-1.58","不適用","不適用","-","不適用","不適用","-","不適用","不適用","-","不適用","不適用","-","1235","-0.80","N","N","N","本公司員工酬勞制度在公司章程中已訂定：
「公司年度如有獲利，員工酬勞不低於當年度獲利百分之一。但尚有累積虧損時，應預先保留彌補數額。
依前項分派之員工酬勞總額，基層員工占比不低於該數額之百分之四十。」","增加「依前項分派之員工酬勞總額，基層員工占比不低於該數額之百分之四十」。",
"塑膠工業","1307","三芳","424649","453","937","1014","-7.59%","833","971","-14.21%","2.85","不適用","不適用","-","不適用","不適用","-","不適用","不適用","-","不適用","不適用","-","1235","-0.80","N","Y","N","本公司主要生產人工皮革,鞋材佔比約90%,因114年度匯率影響損益,造成EPS較去年同期減少約23%,本公司獎金與營運成果具有連動影響,故非擔任主管職務之員工薪資平均數較去年同期減少約8%。","本公司會持續同業薪資調查、市場薪酬分析及關鍵人才薪資檢視，持續提出制度性改善，確保薪酬具市場競爭力，積極落實員工可與企業共享成果。",
"塑膠工業","1308","亞聚","254061","225","1129","1094","3.20%","1067","1035","3.09%","-1.76","不適用","不適用","-","不適用","不適用","-","不適用","不適用","-","不適用","不適用","-","1235","-0.80","N","N","N","本公司綜合評估年度經營績效、國內同業薪酬水準及員工個人表現等因素後，據以核定年度獎金發放機制與薪資調整方案。","密切追蹤國內同業給薪標準，並同步完善績效考核制度，據以優化員工的整體薪酬結構。",
"塑膠工業","1309","台達化","346467","338","1025","1031","-0.58%","998","987","1.11%","-1.07","不適用","不適用","-","不適用","不適用","-","不適用","不適用","-","不適用","不適用","-","1235","-0.80","N","N","N","","",
"塑膠工業","1310","台苯","160862","174","924","938","-1.49%","838","849","-1.30%","-1.37","不適用","不適用","-","不適用","不適用","-","不適用","不適用","-","不適用","不適用","-","1235","-0.80","N","N","N","","",
"塑膠工業","1312","國喬","337587","351","962","992","-3.02%","867","887","-2.25%","-3.97","            951","不適用","-","          1,059","不適用","-","            865","不適用","-","          1,039","不適用","-","1235","-0.80","N","N","N","","",
"塑膠工業","1313","聯成","277743","219","1268","1249","1.52%","1168","1145","2.01%","-1.17","          1,282","不適用","-","          1,229","不適用","-","          1,166","不適用","-","          1,175","不適用","-","1235","-0.80","N","N","N","","",
"塑膠工業","1314","中石化","821612","917","896","849","5.54%","816","781","4.48%","-0.78","            912","不適用","-","            818","不適用","-","            829","不適用","-","            744","不適用","-","1235","-0.80","N","Y","N","1. 本公司薪酬依職務、績效及市場水準訂定，並與經營績效連動。
2. 2025年度因受整體經濟與營運環境波動影響，獲利較前一年度有所下滑，薪資調整致與同業產生短期落差，符合公司薪酬政策之營運風險共擔原則。","本公司重視人才，將持續優化獎酬制度、強化關鍵人才留任及員工福祉，並於獲利回升時適時調整薪資結構，與員工共享經營成果。",
"塑膠工業","1315","達新","214063","332","645","636","1.42%","590","583","1.20%","1.55","不適用","不適用","-","不適用","不適用","-","不適用","不適用","-","不適用","不適用","-","1235","-0.80","N","Y","N","1.依學經歷、職等及薪資敘薪標準核薪，秉持共享營運績效原則，並逐年依公司營運狀況適時調整。
2.營業項目塑膠製品67.06%
3.外籍員工占全體員工13.86%
4.上述說明，成長優於同業、較同業標準低，係屬合理。","1.本公司產品多樣，塑膠製品占6成，相較同業資訊，衡量基礎不同。
2.提升整體團隊對長期績效之責任與擔當，共創營運佳績。",
"建材營造","1316","上曜","30555","36","849","757","12.15%","605","540","12.04%","-0.52","          1,242","不適用","-","            778","不適用","-","            968","不適用","-","            581","不適用","-","963","2.29","N","N","N","","",
"汽車工業","1319","東陽","2778348","3624","767","797","-3.76%","624","648","-3.70%","6.43","不適用","不適用","-","不適用","不適用","-","不適用","不適用","-","不適用","不適用","-","890","4.02","N","Y","N","公司為汽車上游零組件業，勞力密集生產型態，外籍員工佔總人數近四成，影響整體平均薪資水準；每年依營運及獲利持續調薪，近年平均年薪自58.9萬(2018年)調至76.7萬(2025年)，增幅約30%。2025年人事費用成長4.28%。","公司後續仍將視營運狀況不斷檢討、提升員工薪酬福利，2026年人事費用成長預計可達3.6%。",
"塑膠工業","1321","大洋","337525","429","787","786","0.13%","732","728","0.55%","-1.25","            783","不適用","-","            816","不適用","-","            737","不適用","-","            689","不適用","-","1235","-0.80","N","N","N","","",
"塑膠工業","1323","永裕","378529","620","611","595","2.69%","583","529","10.21%","0.26","不適用","不適用","-","不適用","不適用","-","不適用","不適用","-","不適用","不適用","-","1235","-0.80","N","Y","N","1.永裕為塑膠製品業，就營運規模、產業特性與塑膠原料商大量化生產模式不同。
2.永裕為塑膠製品業，員工產值偏低。","不適用(114年員工薪資平均數及中位數皆較前一年增加)",
"塑膠工業","1324","地球","123174","207","595","562","5.87%","493","453","8.83%","-0.82","不適用","不適用","-","不適用","不適用","-","不適用","不適用","-","不適用","不適用","-","1235","-0.80","N","N","N","","",
"塑膠工業","1325","恆大","56431","109","518","509","1.77%","462","457","1.09%","-0.70","不適用","不適用","-","不適用","不適用","-","不適用","不適用","-","不適用","不適用","-","1235","-0.80","N","Y","N","本公司不織布產品屬塑膠下游產業，因行業生產性質、員工人數及用人結構等，
與上游及中游之塑膠同業有非常大之差異，本公司因基層員工之比例佔比較高，
故員工薪資平均數較塑膠同業公司資訊平均數為低。","因疫情後不織布市場供過於求，競爭激烈，致使公司營收衰退，114年度每股虧
損新台幣0.70元，故員工酬勞為0元，公司目前正加強產品開發，以期改善營
運狀況，未來若公司恢復獲利時，公司會提升員工薪酬。",
"塑膠工業","1326","台化","5574176","3828","1456","1408","3.41%","1317","1279","2.97%","-0.99","          1,508","不適用","-","            983","不適用","-","          1,352","不適用","-","            967","不適用","-","1235","-0.80","N","N","N","","",
"汽車工業","1339","昭輝","153607","255","602","659","-8.65%","508","508","0.00%","2.41","不適用","不適用","-","不適用","不適用","-","不適用","不適用","-","不適用","不適用","-","890","4.02","N","N","N","","",
"其他","1342","八貫","296856","429","692","683","1.32%","605","578","4.67%","5.62","不適用","不適用","-","不適用","不適用","-","不適用","不適用","-","不適用","不適用","-","922","2.61","N","Y","N","本公司所屬產業類別-同業中有服務業、製造業，員工人數不同，較難比較。公司114年新進員工有112人，佔平均人數429人之26%，非全年之員工人數增加，另114年進行調薪，114年的非主管職務員工薪資仍較113年增加。","隨員工平均年資增加，員工薪酬將依績效表現等…調整。",
"紡織纖維","1402","遠東新","3686696","3394","1086","1092","-0.55%","913","914","-0.11%","1.55","          1,068","不適用","-","          1,137","不適用","-","            905","不適用","-","            938","不適用","-","767","1.15","N","N","N","","",
"紡織纖維","1409","新纖","1127466","1599","705","717","-1.67%","662","662","0.00%","1.19","            715","不適用","-","            652","不適用","-","            668","不適用","-","            599","不適用","-","767","1.15","N","Y","Y","主要獲利為子公司及業外收入，本業狀況則較為低迷，員工的獎金主是以本業營運狀況連動，因此影響該年度薪資水平","主要獲利為子公司及業外收入，本業狀況則較為低迷，員工的獎金主是以本業營運狀況連動，因此影響該年度薪資水平",
"紡織纖維","1410","南染","4457","8","557","547","1.83%","580","529","9.64%","0.58","不適用","不適用","-","不適用","不適用","-","不適用","不適用","-","不適用","不適用","-","767","1.15","N","N","N","","",
"紡織纖維","1413","宏洲","113885","166","686","662","3.63%","659","616","6.98%","0.45","不適用","不適用","-","不適用","不適用","-","不適用","不適用","-","不適用","不適用","-","767","1.15","N","N","N","","",
"紡織纖維","1414","東和","68196","128","533","509","4.72%","480","468","2.56%","0.19","不適用","不適用","-","不適用","不適用","-","不適用","不適用","-","不適用","不適用","-","767","1.15","N","N","N","","",
"其他","1416","廣豐","4744","5","949","917","3.49%","969","946","2.43%","0.81","不適用","不適用","-","不適用","不適用","-","不適用","不適用","-","不適用","不適用","-","922","2.61","N","N","N","","",
"紡織纖維","1417","嘉裕","128656","206","625","557","12.21%","599","486","23.25%","0.62","不適用","不適用","-","不適用","不適用","-","不適用","不適用","-","不適用","不適用","-","767","1.15","N","N","N","","",
"紡織纖維","1418","東華","16743","27","620","659","-5.92%","549","545","0.73%","-1.29","不適用","不適用","-","不適用","不適用","-","不適用","不適用","-","不適用","不適用","-","767","1.15","N","N","N","","",
"紡織纖維","1419","新紡","455210","620","734","711","3.23%","632","596","6.04%","4.11","不適用","不適用","-","不適用","不適用","-","不適用","不適用","-","不適用","不適用","-","767","1.15","N","Y","N","本公司114年度獲利成長主要來源為業外投資收益及股利收入，屬非常態性質， 與員工勞務貢獻連結性有限，而本公司114年度員工平均薪資已較113年度有所提升。","本公司將以本業營業利益為基準，優先調整薪資偏低職類，逐步縮小與同業之差距。",
"紡織纖維","1423","利華","35225","39","903","576","56.77%","727","534","36.14%","4.36","不適用","不適用","-","不適用","不適用","-","不適用","不適用","-","不適用","不適用","-","767","1.15","N","N","N","","",
"運動休閒","1432","大魯閣","199314","313","637","579","10.02%","538","495","8.69%","6.03","不適用","不適用","-","不適用","不適用","-","不適用","不適用","-","不適用","不適用","-","890","5.10","N","Y","N","本公司薪酬制度兼顧市場競爭力及經營績效，除固定薪資外，並透過績效獎金、年終獎金及員工酬勞及福利措施回饋員工。本年度獲利增加係因認列一次性處分利益，非經常性營運成果，薪酬政策仍以本業經營績效為考量基礎。","本公司將持續檢視市場薪酬水準，強化績效導向獎酬機制，推動年度調薪及人才培育制度，並優化薪酬福利措施，兼顧公司永續經營與員工福祉，透過成果共享機制，逐步提升員工薪酬水準，強化人才留任與企業永續發展。",
"紡織纖維","1434","福懋","1478404","2545","581","555","4.68%","513","489","4.91%","0.51","            631","不適用","-","            501","不適用","-","            564","不適用","-","            474","不適用","-","767","1.15","N","N","N","","",
"其他","1435","中福","5200","5","1040","1033","0.68%","1279","625","104.64%","-0.41","不適用","不適用","-","不適用","不適用","-","不適用","不適用","-","不適用","不適用","-","922","2.61","N","N","N","","",
"建材營造","1436","華友聯","38378","39","984","1096","-10.22%","918","1052","-12.74%","5.39","不適用","不適用","-","不適用","不適用","-","不適用","不適用","-","不適用","不適用","-","963","2.29","N","N","N","","",
"其他","1437","勤益控","18171","22","826","818","0.98%","512","485","5.57%","2.41","不適用","不適用","-","不適用","不適用","-","不適用","不適用","-","不適用","不適用","-","922","2.61","N","N","N","","",
"建材營造","1438","三地開發","5221","8","653","588","11.05%","551","573","-3.84%","1.74","不適用","不適用","-","不適用","不適用","-","不適用","不適用","-","不適用","不適用","-","963","2.29","N","N","N","","",
"建材營造","1439","雋揚","7008","9","779","660","18.03%","782","641","22.00%","3.21","不適用","不適用","-","不適用","不適用","-","不適用","不適用","-","不適用","不適用","-","963","2.29","N","Y","N","公司屬新創事業逐步成長，也因為產業特性目前經營獲利營收主要來自合建投資案，整體員工人數較中大型建商仍屬偏少，且人力結構中非擔任主管職務之全時員工以新進同仁較多且年資尚淺基數較低。","公司於115年4月完成非擔任主管職務員工調薪、5月董事會已通過調整基層員工薪資之「一定範圍」，另公司建案將陸續交屋，經營績效亦會實質回饋同仁，且透過多元福利政策，補強非現金報酬，以幸福企業為目標。",
"紡織纖維","1440","南紡","480026","777","618","610","1.31%","562","558","0.72%","-0.15","            650","不適用","-","            514","不適用","-","            587","不適用","-","            493","不適用","-","767","1.15","N","N","N","","",
"紡織纖維","1441","大東","14603","21","695","603","15.26%","624","547","14.08%","-0.45","不適用","不適用","-","不適用","不適用","-","不適用","不適用","-","不適用","不適用","-","767","1.15","N","N","N","","",
"建材營造","1442","名軒","38195","42","909","1269","-28.37%","777","1099","-29.30%","3.03","不適用","不適用","-","不適用","不適用","-","不適用","不適用","-","不適用","不適用","-","963","2.29","N","Y","N","本公司114年度EPS優於同業，係個案完工持續入帳之成果，並已反映於相應員工之獎酬；另員工人數較去年增加，又有人員異動之緣故，離職與新進人員的薪資差，故影響整體平均薪資。","公司每年進行年度調薪，亦持續針對同業市場薪資水準進行內部調薪",
"其他","1443","立益物流","79722","114","699","676","3.40%","693","675","2.67%","1.13","不適用","不適用","-","不適用","不適用","-","不適用","不適用","-","不適用","不適用","-","922","2.61","N","N","N","","",
"紡織纖維","1444","力麗","505597","914","553","544","1.65%","477","472","1.06%","-0.78","不適用","不適用","-","不適用","不適用","-","不適用","不適用","-","不適用","不適用","-","767","1.15","N","N","N","","",
"紡織纖維","1445","大宇","160926","222","725","608","19.24%","603","552","9.24%","-0.87","不適用","不適用","-","不適用","不適用","-","不適用","不適用","-","不適用","不適用","-","767","1.15","N","N","N","","",
"紡織纖維","1446","宏和","28734","36","798","661","20.73%","681","535","27.29%","1.62","不適用","不適用","-","不適用","不適用","-","不適用","不適用","-","不適用","不適用","-","767","1.15","N","N","N","","",
"紡織纖維","1447","力鵬","781831","1243","629","611","2.95%","562","553","1.63%","-0.97","不適用","不適用","-","不適用","不適用","-","不適用","不適用","-","不適用","不適用","-","767","1.15","N","N","N","","",
"紡織纖維","1449","佳和","424309","810","524","580","-9.66%","494","555","-10.99%","0.12","不適用","不適用","-","不適用","不適用","-","不適用","不適用","-","不適用","不適用","-","767","1.15","N","N","N","","",
"紡織纖維","1451","年興","134627","166","811","846","-4.14%","732","698","4.87%","1.76","不適用","不適用","-","不適用","不適用","-","不適用","不適用","-","不適用","不適用","-","767","1.15","N","N","Y","EPS成長係因114年度處份投資性不動產。
營業利益較前一年度降低44%，故薪資平均數較前一年度低。","提升生產效率縮短產品開發與製程，增加產品高附加價值，以增進經營績效與員工薪資。",
"紡織纖維","1452","宏益","118291","217","545","665","-18.05%","493","574","-14.11%","-0.41","不適用","不適用","-","不適用","不適用","-","不適用","不適用","-","不適用","不適用","-","767","1.15","N","N","N","","",
"建材營造","1453","大將","6725","11","611","612","-0.16%","600","596","0.67%","0.04","不適用","不適用","-","不適用","不適用","-","不適用","不適用","-","不適用","不適用","-","963","2.29","N","N","Y","本公司員工人數加權平均分別為
10.83人(四捨五入為11人)及
10.43人(10人)計算平均數分別為
621仟元(611仟元)及588仟元
(612仟元),因計算採四捨五入
取整數造成薪資平均數較前一年度
減少(實際上係增加)","落實基層員工調整薪資或分派酬勞,
將依公司章程規定,公司如有獲利,
提撥員工酬勞,員工酬勞數額中,應
提撥不低於20%為基層員工分派酬勞.",
"紡織纖維","1454","台富","209829","369","569","558","1.97%","508","503","0.99%","-1.12","不適用","不適用","-","不適用","不適用","-","不適用","不適用","-","不適用","不適用","-","767","1.15","N","N","N","","",
"紡織纖維","1455","集盛","776104","1169","664","629","5.56%","582","568","2.46%","-0.99","不適用","不適用","-","不適用","不適用","-","不適用","不適用","-","不適用","不適用","-","767","1.15","N","N","N","","",
"建材營造","1456","怡華","14452","22","657","593","10.79%","620","588","5.44%","3.41","            633","不適用","-","            685","不適用","-","            646","不適用","-","            589","不適用","-","963","2.29","N","Y","N","本公司114年度員工薪酬較之113年度平均成長11%，主要產業為不動產部，次要為紡織部，114年紡織部毛利率4%、平均薪資63.2萬元，114年不動產部毛利率35%，其平均薪資62.5萬元，員工薪酬主係以整體營運考量。","本公司將適時視市場薪資動態、整體經濟及產業景氣變動、政府法令規定之必要而有所調整員工薪酬，並依據其學經歷、專業知識及技術、專業年資經驗及個人績效表現而定，依公司營運績效及員工個人績效表現發放獎金。",
"紡織纖維","1457","宜進","12092","15","806","845","-4.62%","653","759","-13.97%","1.18","不適用","不適用","-","不適用","不適用","-","不適用","不適用","-","不適用","不適用","-","767","1.15","N","N","Y","1、114年農曆年在一月，114年的終獎金提早於113年12月發放。(非經常性薪資發放時點)
2、114年下半年有2位資深非擔任主管的員工退休及離職，拉低了114年員工薪資平均數。","本公司會注意年終獎金發放的時間，及在每年度平均分配員工非經常性薪資。",
"紡織纖維","1459","聯發","15564","22","707","483","46.38%","620","404","53.47%","0.81","不適用","不適用","-","不適用","不適用","-","不適用","不適用","-","不適用","不適用","-","767","1.15","N","N","N","","",
"紡織纖維","1460","宏遠","798074","1388","575","548","4.93%","515","492","4.67%","-0.27","不適用","不適用","-","不適用","不適用","-","不適用","不適用","-","不適用","不適用","-","767","1.15","N","N","N","","",
"紡織纖維","1463","強盛新","57654","116","497","557","-10.77%","410","521","-21.31%","0.13","不適用","不適用","-","不適用","不適用","-","不適用","不適用","-","不適用","不適用","-","767","1.15","Y","N","N","本公司員工以染整事業部生產線人員為主，受近年產業景氣影響，產量及加班減少，致非主管全時員工平均薪資偏低；惟仍依法提供薪資、獎金及福利，並依績效及營運狀況適時調整薪酬。","本公司將持續推動營運改善、提升接單量及生產效率，並定期檢視薪酬及福利制度，參考市場薪資水準及同業情形適時調整員工待遇，透過調薪、獎金及人才培育措施，提升員工整體薪酬水準及留任意願。",
"紡織纖維","1464","得力","385870","654","590","580","1.72%","539","526","2.47%","0.35","不適用","不適用","-","不適用","不適用","-","不適用","不適用","-","不適用","不適用","-","767","1.15","N","N","N","","",
"紡織纖維","1465","偉全","73351","143","513","554","-7.40%","467","491","-4.89%","-0.33","不適用","不適用","-","不適用","不適用","-","不適用","不適用","-","不適用","不適用","-","767","1.15","N","N","N","","",
"紡織纖維","1466","聚隆","192589","301","640","611","4.75%","612","606","0.99%","-1.07","不適用","不適用","-","不適用","不適用","-","不適用","不適用","-","不適用","不適用","-","767","1.15","N","N","N","","",
"紡織纖維","1467","南緯","104990","151","695","702","-1.00%","599","629","-4.77%","-0.45","不適用","不適用","-","不適用","不適用","-","不適用","不適用","-","不適用","不適用","-","767","1.15","N","N","N","","",
"紡織纖維","1468","昶和","22820","39","585","606","-3.47%","541","542","-0.18%","0.21","不適用","不適用","-","不適用","不適用","-","不適用","不適用","-","不適用","不適用","-","767","1.15","N","N","N","","",
"紡織纖維","1470","大統新創","143104","228","628","634","-0.95%","538","547","-1.65%","0.78","不適用","不適用","-","不適用","不適用","-","不適用","不適用","-","不適用","不適用","-","767","1.15","N","N","N","","",
"電子零組件業","1471","首利","17739","23","771","769","0.26%","818","818","0.00%","0.03","不適用","不適用","-","不適用","不適用","-","不適用","不適用","-","不適用","不適用","-","1048","7.37","N","N","N","","",
"建材營造","1472","三洋實業","37881","40","947","826","14.65%","798","665","20.00%","6.40","不適用","不適用","-","不適用","不適用","-","不適用","不適用","-","不適用","不適用","-","963","2.29","N","Y","N","主要係因在建工案工期較長，目前尚未完工所致。
本公司營運方面循序漸進穩定成長，員工薪資平均數較去年度略有提升，今後會持續提升員工薪資水準，與員工共享公司成就。","未來隨著完工工程數量增加，以完工工程績效連動獎金機制，依實際完成情形發放獎金，持續提升員工薪資水準。
公司亦有訂定制度化加薪辦法，每年依公司營運成果予員工加薪。",
"紡織纖維","1473","台南","225648","320","705","648","8.80%","631","558","13.08%","0.57","不適用","不適用","-","不適用","不適用","-","不適用","不適用","-","不適用","不適用","-","767","1.15","N","N","N","","",
"紡織纖維","1474","弘裕","252203","413","611","577","5.89%","556","539","3.15%","0.34","不適用","不適用","-","不適用","不適用","-","不適用","不適用","-","不適用","不適用","-","767","1.15","N","N","N","","",
"紡織纖維","1475","業旺","11741","20","587","762","-22.97%","587","647","-9.27%","2.72","不適用","不適用","-","不適用","不適用","-","不適用","不適用","-","不適用","不適用","-","767","1.15","N","Y","N","本公司依員工能力及績效核定薪酬，並參酌公司營運成果調整。114年因新進員工增加，平均年資較短，且營運表現較113年略為下滑，致整體薪酬較前一年度減少。","提升公司未來獲利能力，並依據公司經營成果及員工績效表現進行評估，將經營成果適當回饋予員工。",
"紡織纖維","1476","儒鴻","1891596","1781","1062","1103","-3.72%","912","961","-5.10%","20.10","不適用","不適用","-","不適用","不適用","-","不適用","不適用","-","不適用","不適用","-","767","1.15","N","N","N","","",
"紡織纖維","1477","聚陽","1319026","803","1643","1629","0.86%","1479","1443","2.49%","14.65","不適用","不適用","-","不適用","不適用","-","不適用","不適用","-","不適用","不適用","-","767","1.15","N","N","N","","",
"電機機械","1503","士電","2502568","2191","1142","1080","5.74%","921","892","3.25%","6.27","不適用","不適用","-","不適用","不適用","-","不適用","不適用","-","不適用","不適用","-","910","1.58","N","N","N","","",
"電機機械","1504","東元","2321587","2221","1045","999","4.60%","802","793","1.13%","2.42","          1,138","不適用","-","            846","不適用","-","            862","不適用","-","            708","不適用","-","910","1.58","N","N","N","","",
"電機機械","1506","正道","146918","280","525","539","-2.60%","473","492","-3.86%","0.06","不適用","不適用","-","不適用","不適用","-","不適用","不適用","-","不適用","不適用","-","910","1.58","N","N","N","","",
"汽車工業","1512","瑞利","27112","36","753","567","32.80%","657","472","39.19%","0.19","不適用","不適用","-","不適用","不適用","-","不適用","不適用","-","不適用","不適用","-","890","4.02","N","N","N","","",
"電機機械","1513","中興電","1789719","1856","964","942","2.34%","869","828","4.95%","8.07","不適用","不適用","-","不適用","不適用","-","不適用","不適用","-","不適用","不適用","-","910","1.58","N","N","N","","",
"電機機械","1514","亞力","702211","679","1034","977","5.83%","895","846","5.79%","3.30","不適用","不適用","-","不適用","不適用","-","不適用","不適用","-","不適用","不適用","-","910","1.58","N","N","N","","",
"電機機械","1515","力山","391685","613","639","525","21.71%","548","431","27.15%","0.97","不適用","不適用","-","不適用","不適用","-","不適用","不適用","-","不適用","不適用","-","910","1.58","N","N","N","","",
"其他","1516","川飛","997","1","997","689","44.70%","779","689","13.06%","0.04","不適用","不適用","-","不適用","不適用","-","不適用","不適用","-","不適用","不適用","-","922","2.61","N","N","N","","",
"電機機械","1517","利奇","258051","545","473","453","4.42%","430","409","5.13%","-0.69","不適用","不適用","-","不適用","不適用","-","不適用","不適用","-","不適用","不適用","-","910","1.58","Y","N","N","114年度因自行車產業受全球通膨與庫存影響，整體市場需求量並未增加，致本公司114年度營收未成長，獲利仍不理想。惟114年度員工薪資平均數及中位數較前一年度提高，待提升營運績效，優化員工薪酬福利。","本公司面對自行車產業結構性變革，持續加強財務風險管控，致力投入ESG和永續發展的工程；審慎因應市場變化，穩健推動營運改善與轉型策略，以增加公司獲利並提升員工福利。",
"電機機械","1519","華城","1934157","1098","1762","1727","2.03%","1177","1159","1.55%","13.99","不適用","不適用","-","不適用","不適用","-","不適用","不適用","-","不適用","不適用","-","910","1.58","N","N","N","","",
"汽車工業","1521","大億","418770","668","627","603","3.98%","577","541","6.65%","0.87","不適用","不適用","-","不適用","不適用","-","不適用","不適用","-","不適用","不適用","-","890","4.02","N","N","N","","",
"汽車工業","1522","堤維西","1002833","1579","635","656","-3.20%","566","585","-3.25%","1.72","不適用","不適用","-","不適用","不適用","-","不適用","不適用","-","不適用","不適用","-","890","4.02","N","N","N","","",
"汽車工業","1524","耿鼎","273600","422","648","689","-5.95%","556","594","-6.40%","1.95","不適用","不適用","-","不適用","不適用","-","不適用","不適用","-","不適用","不適用","-","890","4.02","N","N","N","","",
"汽車工業","1525","江申","203607","300","679","664","2.26%","626","613","2.12%","3.21","不適用","不適用","-","不適用","不適用","-","不適用","不適用","-","不適用","不適用","-","890","4.02","N","N","N","","",
"電機機械","1526","日馳","87028","139","626","584","7.19%","498","460","8.26%","-0.11","不適用","不適用","-","不適用","不適用","-","不適用","不適用","-","不適用","不適用","-","910","1.58","N","N","N","","",
"電機機械","1527","鑽全","413767","657","630","645","-2.33%","554","568","-2.46%","1.52","不適用","不適用","-","不適用","不適用","-","不適用","不適用","-","不適用","不適用","-","910","1.58","N","N","N","","",
"電機機械","1528","恩德","173867","261","666","665","0.15%","579","580","-0.17%","-0.35","不適用","不適用","-","不適用","不適用","-","不適用","不適用","-","不適用","不適用","-","910","1.58","N","N","N","","",
"電機機械","1529","樂事綠能","39026","76","514","528","-2.65%","455","506","-10.08%","1.01","不適用","不適用","-","不適用","不適用","-","不適用","不適用","-","不適用","不適用","-","910","1.58","N","N","Y","114年度EPS較113年度佳，係因台電風力訴訟案之鉅額調解金入帳，屬營業外收入之挹注。本公司薪資調整及獎酬乃以年度績效考核依據，以提撥年度獲利固定比例(近幾年均為1%)之數額，依年度考評作為員工薪酬發放之依據。","配合台電強韌電網政策之商機，增加產品規格之認證，並拓展新客源及業務，以取得更多標案及訂單，待公司獲利穩定成長時，再檢討薪資結構,加強績效與獎酬之連結，以提高員工福利。",
"電機機械","1530","亞崴","194699","294","662","693","-4.47%","628","638","-1.57%","-2.45","不適用","不適用","-","不適用","不適用","-","不適用","不適用","-","不適用","不適用","-","910","1.58","N","N","N","","",
"電機機械","1531","高林股","74781","85","880","792","11.11%","793","712","11.38%","-0.12","不適用","不適用","-","不適用","不適用","-","不適用","不適用","-","不適用","不適用","-","910","1.58","N","N","N","","",
"電機機械","1532","勤美","230606","284","812","802","1.25%","732","645","13.49%","0.98","            780","不適用","-","            857","不適用","-","            710","不適用","-","            770","不適用","-","910","1.58","N","N","N","本公司依章程規定，年度獲利提撥 2.5%以上為員工酬勞，其中不少於30%作為基層員工分酬勞。
114年公司EPS為 0.98，並調整 1%~4% 薪資確保營運績效合理回饋員工。","NA",
"汽車工業","1533","車王電","228609","370","618","589","4.92%","521","514","1.36%","0.58","不適用","不適用","-","不適用","不適用","-","不適用","不適用","-","不適用","不適用","-","890","4.02","N","N","N","","",
"電機機械","1535","中宇","1504767","1238","1215","1160","4.74%","1134","1091","3.94%","4.00","不適用","不適用","-","不適用","不適用","-","不適用","不適用","-","不適用","不適用","-","910","1.58","N","N","N","","",
"汽車工業","1536","和大","496820","807","616","593","3.88%","599","576","3.99%","-2.74","不適用","不適用","-","不適用","不適用","-","不適用","不適用","-","不適用","不適用","-","890","4.02","N","N","N","","",
"電機機械","1537","廣隆","94709","114","831","861","-3.48%","690","695","-0.72%","7.95","不適用","不適用","-","不適用","不適用","-","不適用","不適用","-","不適用","不適用","-","910","1.58","N","Y","N","本公司考量年資與績效考核，分配年終獎金及依章程提撥之員工酬勞予員工，以激勵員工共同為公司目標努力。114年度較前一年度獲利減少32.23%，非擔任主管之員工薪資平均數減少3.48%，經營績效與員工薪資呈正相關。","在營運績效成長的同時，持續重視及增進基層員工的薪資福利。未來將持續推動福利政策增加員工福祉。",
"電機機械","1538","正峰","12770","21","608","702","-13.39%","472","400","18.00%","-1.59","不適用","不適用","-","不適用","不適用","-","不適用","不適用","-","不適用","不適用","-","910","1.58","N","N","Y","查因專業工程師非主管人數減少3位，而新進補充之人員屬初級工程師，造成薪資平均114年度較113年度減少13.39%，但整體薪資中位數有提升18%。","因專業魚電共生工程師，人才市場較為短缺，故以專業培養模式，以達選、用、育、晉、留之永續營運目標。",
"電機機械","1539","巨庭","67015","140","479","498","-3.82%","418","445","-6.07%","0.21","不適用","不適用","-","不適用","不適用","-","不適用","不適用","-","不適用","不適用","-","910","1.58","Y","N","N","本公司是傳統產業木工機OEM其毛利偏低,
114年公司獲利偏低致員工酬勞較少
本公司115年初整體調薪平均3.13%。","積極研發降低成本提高毛利率",
"電機機械","1540","喬福","47754","85","562","625","-10.08%","523","588","-11.05%","1.11","不適用","不適用","-","不適用","不適用","-","不適用","不適用","-","不適用","不適用","-","910","1.58","N","N","N","","",
"電機機械","1541","錩泰","202206","362","559","500","11.80%","507","428","18.46%","2.32","不適用","不適用","-","不適用","不適用","-","不適用","不適用","-","不適用","不適用","-","910","1.58","N","Y","N","本公司訂單增加之直接人工主要係以外籍員工、派遣人力及委外生產為主，薪資皆按勞基法規定，故114年非擔任主管職之全時員工人數僅增加2%，而人力派遣成本較113年增加421.84%，導致委外生產成本增加。","本公司會將現行之薪酬政策提報至薪酬委員會進行專案討論。",
"電機機械","1558","伸興","198552","235","845","755","11.92%","790","703","12.38%","5.52","不適用","不適用","-","不適用","不適用","-","不適用","不適用","-","不適用","不適用","-","910","1.58","N","Y","N","113年度新進人員佔比約為21%，114年度所發放變動獎金歸屬年度為113年度，113年度新進人員的變動獎金主要依到職年資比例發放，以致於公司獲利高非主管職薪資水準較低之原因。","113年到職人員，114獎酬發放已依全額發放，無比例發放，114年新進比率約為4%，變動獎金影響比例降低。",
"電機機械","1560","中砂","1515038","1661","912","855","6.67%","820","782","4.86%","9.28","不適用","不適用","-","不適用","不適用","-","不適用","不適用","-","不適用","不適用","-","910","1.58","N","N","N","","",
"汽車工業","1563","巧新","828254","1348","614","604","1.66%","589","568","3.70%","1.42","不適用","不適用","-","不適用","不適用","-","不適用","不適用","-","不適用","不適用","-","890","4.02","N","N","N","","",
"汽車工業","1568","倉佑","186682","299","624","595","4.87%","563","540","4.26%","1.36","不適用","不適用","-","不適用","不適用","-","不適用","不適用","-","不適用","不適用","-","890","4.02","N","N","N","本公司於114年度因經常性薪資調升，致相關變動薪資（如加班費及獎金）隨之增加，整體薪資費用變動係屬合理範圍，並無薪資費用與經營績效不相當之情形。","持續深化獎酬制度與績效表現之關聯，建立以獲利為基礎的利潤分享機制；定期檢視薪資結構與營運成果之關聯，以提高人事成本運用效率，確保與整體經營績效相契合。",
"電子零組件業","1582","信錦","186392","172","1084","1225","-11.51%","1019","1107","-7.95%","3.45","不適用","不適用","-","不適用","不適用","-","不適用","不適用","-","不適用","不適用","-","1048","7.37","N","N","N","","",
"電機機械","1583","程泰","234526","381","616","781","-21.13%","575","714","-19.47%","-4.83","不適用","不適用","-","不適用","不適用","-","不適用","不適用","-","不適用","不適用","-","910","1.58","N","N","N","","",
"汽車工業","1587","吉茂","93385","180","519","498","4.22%","482","450","7.11%","0.37","不適用","不適用","-","不適用","不適用","-","不適用","不適用","-","不適用","不適用","-","890","4.02","N","N","N","","",
"電機機械","1597","直得","199983","301","664","617","7.62%","590","537","9.87%","0.91","不適用","不適用","-","不適用","不適用","-","不適用","不適用","-","不適用","不適用","-","910","1.58","N","N","N","","",
"運動休閒","1598","岱宇","324836","580","560","555","0.90%","491","485","1.24%","-3.35","不適用","不適用","-","不適用","不適用","-","不適用","不適用","-","不適用","不適用","-","890","5.10","N","N","N","","",
"電器電纜","1603","華電","366792","567","647","608","6.41%","560","521","7.49%","3.26","不適用","不適用","-","不適用","不適用","-","不適用","不適用","-","不適用","不適用","-","904","1.51","N","Y","N","員工酬金組合主要包含基本固定薪資、獎金及福利，依據個人能力、對公司貢獻度、績效表現、所任職位之市場價值及考量公司未來營運風險後決定，與經營績效正相關，隨效率提高，經營績效提升，員工薪酬亦將會隨之增加。","本公司已於115年度，調整全體員工薪資2.33%。",
"電器電纜","1604","聲寶","575306","715","805","850","-5.29%","723","763","-5.24%","1.70","不適用","不適用","-","不適用","不適用","-","不適用","不適用","-","不適用","不適用","-","904","1.51","N","Y","N","為落實深耕台灣的永續承諾，本公司斥資27億元建置台南新廠。
隨著生產基地轉移，公司積極推動人才世代交替，雖有資深同仁相繼榮退，但也成功吸引大量優秀在地青年加入，人才結構年輕化為平均薪資略低於業界的主因。","公司未來將持續落實完善的留才與薪酬調整機制，並配合現有的內部升遷管道與人才培訓資源，協助新進同仁快速成長並實現職涯晉升，全面提升薪酬之市場競爭力，落實友善職場與在地留才之承諾。",
"電器電纜","1605","華新","3032292","2736","1108","1112","-0.36%","945","921","2.61%","0.75","          1,076","不適用","-","          1,328","不適用","-","            929","不適用","-","          1,111","不適用","-","904","1.51","N","N","Y","114年EPS較113年成長，係受營業外收益增加影響；非主管全時員工平均薪資下降，係部分事業單位受營運績效影響致獎金減少，惟公司持續調薪，多數員工薪資成長帶動中位數提升，薪酬變動與整體經營成果具合理關聯性。","本公司將持續優化薪酬與獎酬制度，並參酌營運成果、市場薪資水準及人才發展需求，適時辦理調薪及獎勵措施，強化員工薪酬競爭力，落實經營成果共享精神。",
"電器電纜","1608","華榮","407115","401","1015","827","22.73%","982","800","22.75%","5.50","          1,036","不適用","-","            917","不適用","-","          1,009","不適用","-","            870","不適用","-","904","1.51","N","N","N","","",
"電器電纜","1609","大亞","586315","612","958","1002","-4.39%","902","947","-4.75%","1.65","            939","不適用","-","          1,088","不適用","-","            885","不適用","-","          1,022","不適用","-","904","1.51","N","N","N","員工薪酬組合主要包含基本固定薪資、獎金及福利，其中獎金連結績效考核，依個人績效表現、目標達成率、貢獻之價值與營運績效給予合理報酬。","不適用",
"電器電纜","1611","中電","1221","2","611","531","15.07%","757","531","42.56%","0.03","不適用","不適用","-","不適用","不適用","-","不適用","不適用","-","不適用","不適用","-","904","1.51","N","N","N","","",
"電器電纜","1612","宏泰","323512","252","1284","1230","4.39%","1005","961","4.58%","2.77","不適用","不適用","-","不適用","不適用","-","不適用","不適用","-","不適用","不適用","-","904","1.51","N","N","N","","",
"電器電纜","1614","三洋電","547046","915","598","580","3.10%","568","543","4.60%","0.97","不適用","不適用","-","不適用","不適用","-","不適用","不適用","-","不適用","不適用","-","904","1.51","N","N","N","","",
"電器電纜","1615","大山","230501","265","870","752","15.69%","815","689","18.29%","4.81","不適用","不適用","-","不適用","不適用","-","不適用","不適用","-","不適用","不適用","-","904","1.51","N","Y","N","員工薪酬組合主要包含基本固定薪資、獎金及福利，其中獎金連結績效考核，依個人績效表現、目標達成率、貢獻之價值與營運績效給予合理報酬。","114年度員工薪資平均數較113年度成長15.69%，今後會持續提升員工薪資水準，與員工共享公司成就。",
"電器電纜","1616","億泰","142436","198","719","752","-4.39%","670","643","4.20%","1.55","不適用","不適用","-","不適用","不適用","-","不適用","不適用","-","不適用","不適用","-","904","1.51","N","Y","N","員工酬金組合主要包含基本固定薪資、獎金及福利，其中獎金連結績效考核，依個人績效表現、目標達成率、貢獻之價值與營運績效給予合理報酬。","隨著員工平均年資增加、效率將隨之提高，員工薪酬將依績效表現等給予合理報酬，往後亦將依營運狀況，合理調整薪酬。",
"電器電纜","1617","榮星","147378","222","664","636","4.40%","604","577","4.68%","0.68","不適用","不適用","-","不適用","不適用","-","不適用","不適用","-","不適用","不適用","-","904","1.51","N","N","N","","",
"電器電纜","1618","合機","206458","216","956","898","6.46%","868","802","8.23%","4.21","            952","不適用","-","            970","不適用","-","            823","不適用","-","            901","不適用","-","904","1.51","N","N","N","","",
"食品工業","1702","南僑","44387","36","1233","1278","-3.52%","878","943","-6.89%","1.12","不適用","不適用","-","不適用","不適用","-","不適用","不適用","-","不適用","不適用","-","875","2.70","N","N","N","","",
"生技醫療業","1707","葡萄王","445720","536","832","845","-1.54%","728","769","-5.33%","8.22","不適用","不適用","-","不適用","不適用","-","不適用","不適用","-","不適用","不適用","-","870","2.67","N","Y","N","葡萄王114年EPS與平均薪資與過去2年比較降幅約16%與約1.5%，應屬合理；另因有增聘用外籍同仁，若排除外籍平均薪資則約為同業的106%。顯見員工酬勞與公司績效確實有正向關聯且合理範圍。","葡萄王的員工酬勞提撥比例應與同業的平均基礎應有不同，且與經營績效有高度關聯性。未來將持續創造公司經營績效的提升，另可透過提升自動化生產與AI運用，提升效率，也可減少外籍勞工的使用影響。",
"化學工業","1708","東鹼","179474","170","1056","1073","-1.58%","934","919","1.63%","3.28","          1,023","不適用","-","          1,268","不適用","-","            918","不適用","-","          1,052","不適用","-","905","1.43","N","N","N","","",
"化學工業","1709","和益","298235","197","1514","1691","-10.47%","1397","1556","-10.22%","1.23","不適用","不適用","-","不適用","不適用","-","不適用","不適用","-","不適用","不適用","-","905","1.43","N","N","N","","",
"化學工業","1710","東聯","360623","353","1022","1067","-4.22%","928","994","-6.64%","-1.01","不適用","不適用","-","不適用","不適用","-","不適用","不適用","-","不適用","不適用","-","905","1.43","N","N","N","","",
"化學工業","1711","永光","906713","1252","724","725","-0.14%","684","693","-1.30%","-0.21","不適用","不適用","-","不適用","不適用","-","不適用","不適用","-","不適用","不適用","-","905","1.43","N","N","N","","",
"化學工業","1712","興農","1086750","1346","807","767","5.22%","726","688","5.52%","2.60","不適用","不適用","-","不適用","不適用","-","不適用","不適用","-","不適用","不適用","-","905","1.43","N","Y","N","本公司依經營成果、整體經濟情勢、及市場薪資水準訂定薪酬政策，並透過每年調薪、各項獎金制度分享經營成果。因公司人力涵蓋生產、銷售門市及農業服務等職務，與部分化工同業人力結構不同，致平均薪資水準有所差異。","本公司持續檢討薪酬制度，近二年已辦理平均約3%調薪，並針對表現優良之基層員工，提高調薪幅度，以強化薪酬競爭力及人才留任。",
"化學工業","1713","國化","123347","83","1486","892","66.59%","1299","855","51.93%","3.87","不適用","不適用","-","不適用","不適用","-","不適用","不適用","-","不適用","不適用","-","905","1.43","N","N","N","","",
"化學工業","1714","和桐","85827","105","817","829","-1.45%","682","687","-0.73%","0.50","不適用","不適用","-","不適用","不適用","-","不適用","不適用","-","不適用","不適用","-","905","1.43","N","N","Y","本年度EPS較前一年度成長，惟非經理人全時員工薪資平均數較前一年度減少，主要係受人員異動及人力結構變動影響，包括新進及離職人員增加、資深員工退休或離職等因素所致，並非因調降員工薪資所致。","本公司依營運績效、個人績效及市場薪資水準訂定薪酬制度，除固定薪資外，另發放年終獎金、績效獎金及員工酬勞，並定期檢視薪資水準，以維持薪酬競爭力及員工薪酬與經營績效之合理連結。",
"化學工業","1717","長興","1783554","1833","973","968","0.52%","856","844","1.42%","1.41","            994","不適用","-","            905","不適用","-","            859","不適用","-","            846","不適用","-","905","1.43","N","N","N","","",
"化學工業","1718","中纖","363750","546","666","655","1.68%","628","611","2.78%","0.09","            675","不適用","-","            621","不適用","-","            640","不適用","-","            540","不適用","-","905","1.43","N","N","N","","",
"生技醫療業","1720","生達","722311","802","901","898","0.33%","772","771","0.13%","5.19","不適用","不適用","-","不適用","不適用","-","不適用","不適用","-","不適用","不適用","-","870","2.67","N","N","N","","",
"化學工業","1721","三晃","301388","416","724","734","-1.36%","672","694","-3.17%","-1.84","不適用","不適用","-","不適用","不適用","-","不適用","不適用","-","不適用","不適用","-","905","1.43","N","N","N","","",
"化學工業","1722","台肥","876094","657","1333","1339","-0.45%","1188","1187","0.08%","0.95","不適用","不適用","-","不適用","不適用","-","不適用","不適用","-","不適用","不適用","-","905","1.43","N","N","N","","",
"化學工業","1723","中碳","381340","316","1207","1537","-21.47%","1128","1432","-21.23%","2.65","          1,221","不適用","-","          1,118","不適用","-","          1,150","不適用","-","          1,026","不適用","-","905","1.43","N","N","N","","",
"化學工業","1725","元禎","64898","86","755","788","-4.19%","572","692","-17.34%","1.53","不適用","不適用","-","不適用","不適用","-","不適用","不適用","-","不適用","不適用","-","905","1.43","N","Y","N","本公司員工薪酬除固定月薪之外，餘均依本業績效決定。
114年個體營業淨利下滑29%，係造成員工薪酬下滑主因。","關於具體改善措施，仍有賴石化景氣復甦，努力拓展業績，以提升本業獲利，進而增加員工薪酬。",
"化學工業","1726","永記","587363","702","837","810","3.33%","766","737","3.93%","5.50","不適用","不適用","-","不適用","不適用","-","不適用","不適用","-","不適用","不適用","-","905","1.43","N","Y","N","本公司股本較小，且營運多為勞力密集的生產型態而雇有外籍勞工，是以影響每股盈餘及平均薪資的計算。","未來依公司政策及營運狀況調整薪資並透過多項員工福利措施回饋予員工，期許員工薪酬與經營績效相對應。",
"化學工業","1727","中華化","164749","252","654","710","-7.89%","614","651","-5.68%","0.04","不適用","不適用","-","不適用","不適用","-","不適用","不適用","-","不適用","不適用","-","905","1.43","N","N","N","","",
"化學工業","1730","花仙子","124630","125","997","954","4.51%","913","823","10.94%","4.50","不適用","不適用","-","不適用","不適用","-","不適用","不適用","-","不適用","不適用","-","905","1.43","N","N","N","","",
"生技醫療業","1731","美吾華","141189","195","724","754","-3.98%","649","668","-2.84%","1.36","不適用","不適用","-","不適用","不適用","-","不適用","不適用","-","不適用","不適用","-","870","2.67","N","N","Y","本年度新進同仁初階人員起薪基期較低，使整體平均薪資產生結構性稀釋而下滑。惟連續在職員工之薪資獎金仍隨獲利增長而提升，薪酬政策與經營績效之關聯仍屬緊密合理。","定期檢視市場行情並隨時確認新進人員起薪符合市場水平；同時，定期審評連續在職薪資對比指標，排除結構盲點，確保分潤實質落實。",
"化學工業","1732","毛寶","78160","134","583","554","5.23%","503","469","7.25%","0.69","不適用","不適用","-","不適用","不適用","-","不適用","不適用","-","不適用","不適用","-","905","1.43","N","N","N","","",
"生技醫療業","1733","五鼎","412723","632","653","630","3.65%","541","522","3.64%","1.63","不適用","不適用","-","不適用","不適用","-","不適用","不適用","-","不適用","不適用","-","870","2.67","N","N","N","","",
"生技醫療業","1734","杏輝","509867","753","677","643","5.29%","588","561","4.81%","1.92","不適用","不適用","-","不適用","不適用","-","不適用","不適用","-","不適用","不適用","-","870","2.67","N","N","N","","",
"化學工業","1735","日勝化","151431","185","819","880","-6.93%","746","784","-4.85%","0.78","不適用","不適用","-","不適用","不適用","-","不適用","不適用","-","不適用","不適用","-","905","1.43","N","N","N","","",
"運動休閒","1736","喬山","995788","1230","810","788","2.79%","666","638","4.39%","9.06","不適用","不適用","-","不適用","不適用","-","不適用","不適用","-","不適用","不適用","-","890","5.10","N","Y","N","本公司直接人員約占總員工人數七成，並因應營運成長持續招募人才。114年度非主管職員工中，任職未滿六個月者約占18.3%，新進人員占比較高，致對非主管職員工平均薪資產生影響。","本公司將持續完善薪酬及獎酬制度，並配合營運發展適時檢討薪資水準。未來本公司仍會秉持價值共享、利潤分享之理念，持續提升員工薪資福利。",
"食品工業","1737","臺鹽","468304","447","1048","1048","0.00%","948","954","-0.63%","2.00","不適用","不適用","-","不適用","不適用","-","不適用","不適用","-","不適用","不適用","-","875","2.70","N","N","N","","",
"生技醫療業","1752","南光","409775","624","657","623","5.46%","574","550","4.36%","2.42","不適用","不適用","-","不適用","不適用","-","不適用","不適用","-","不適用","不適用","-","870","2.67","N","N","N","","",
"生技醫療業","1760","寶齡富錦","299269","358","836","785","6.50%","679","645","5.27%","2.22","            960","不適用","-","            771","不適用","-","            743","不適用","-","            663","不適用","-","870","2.67","N","N","N","","",
"生技醫療業","1762","中化生","183821","266","691","699","-1.14%","631","648","-2.62%","-4.39","不適用","不適用","-","不適用","不適用","-","不適用","不適用","-","不適用","不適用","-","870","2.67","N","N","N","","",
"化學工業","1773","勝一","511435","449","1139","1063","7.15%","1029","946","8.77%","6.81","不適用","不適用","-","不適用","不適用","-","不適用","不適用","-","不適用","不適用","-","905","1.43","N","N","N","","",
"化學工業","1776","展宇","62740","95","660","666","-0.90%","629","624","0.80%","0.28","不適用","不適用","-","不適用","不適用","-","不適用","不適用","-","不適用","不適用","-","905","1.43","N","N","N","","",
"生技醫療業","1783","和康生","122388","142","862","813","6.03%","668","670","-0.30%","2.96","不適用","不適用","-","不適用","不適用","-","不適用","不適用","-","不適用","不適用","-","870","2.67","N","Y","N","本公司EPS表現雖優於同業，惟受限於過往薪資基期，致非主管全時員工平均薪資與同業有些許差異。但公司獲利已實質回饋員工，非主管平均薪資已較往年持續成長，薪酬與經營&#32489;效具正向關聯。","公司承諾每年提撥獲利朝薪資增加空間努力。未來將引進更具競爭力的調薪機制，並將經營績效更緊密鏈結績效獎金，逐年擴大調幅，以實質縮短與同業之差距、提昇員工整體福祉。",
"生技醫療業","1786","科妍","81845","102","802","753","6.51%","714","685","4.23%","2.24","不適用","不適用","-","不適用","不適用","-","不適用","不適用","-","不適用","不適用","-","870","2.67","N","N","N","","",
"生技醫療業","1789","神隆","607303","700","868","885","-1.92%","817","829","-1.45%","0.17","不適用","不適用","-","不適用","不適用","-","不適用","不適用","-","不適用","不適用","-","870","2.67","N","N","N","","",
"生技醫療業","1795","美時","768157","660","1164","1103","5.53%","825","815","1.23%","18.14","不適用","不適用","-","不適用","不適用","-","不適用","不適用","-","不適用","不適用","-","870","2.67","N","N","N","","",
"玻璃陶瓷","1802","台玻","2854285","4008","712","682","4.40%","658","647","1.70%","-0.20","            729","不適用","-","            617","不適用","-","            676","不適用","-","            554","不適用","-","694","-0.04","N","N","N","","",
"建材營造","1805","寶徠","10421","13","802","840","-4.52%","856","780","9.74%","0.20","不適用","不適用","-","不適用","不適用","-","不適用","不適用","-","不適用","不適用","-","963","2.29","N","N","N","","",
"玻璃陶瓷","1806","冠軍","451938","682","663","648","2.31%","604","588","2.72%","0.29","            676","不適用","-","            612","不適用","-","            607","不適用","-","            598","不適用","-","694","-0.04","N","Y","N","本公司非擔任主管職務之全時員工以工廠基層員工為主。勞動力結構中基層員工及外籍移工占比較高，致平均薪資較同業略低。","本公司已於114年3月實施全員調薪，平均調幅約4%。未來將持續依據營運成果、產業薪資水準及人才留任需求，適時調整薪酬制度，並透過完善福利措施及獎酬機制，提升員工整體薪酬。",
"建材營造","1808","潤隆","74311","83","895","878","1.94%","782","783","-0.13%","1.36","不適用","不適用","-","不適用","不適用","-","不適用","不適用","-","不適用","不適用","-","963","2.29","N","N","N","","",
"玻璃陶瓷","1809","中釉","170618","234","729","749","-2.67%","643","642","0.16%","0.19","不適用","不適用","-","不適用","不適用","-","不適用","不適用","-","不適用","不適用","-","694","-0.04","N","N","N","","",
"玻璃陶瓷","1810","和成","542996","897","605","598","1.17%","542","525","3.24%","0.05","不適用","不適用","-","不適用","不適用","-","不適用","不適用","-","不適用","不適用","-","694","-0.04","N","Y","N","公司仍在台生產，生產主力仍在台灣，故基層人員及外籍移工人員佔相當比率，相對於其他不在台生產廠商或磁磚業少用人力，公司相對有較高比例基層作業員及移工，故平均薪資跟著被拉低。","因公司尚有獲利,預計於下半年度調薪,以提高人員平均薪資。",
"玻璃陶瓷","1817","凱撒衛","127386","157","811","810","0.12%","714","687","3.93%","3.61","不適用","不適用","-","不適用","不適用","-","不適用","不適用","-","不適用","不適用","-","694","-0.04","N","N","N","","",
"造紙工業","1903","士紙","25175","39","646","600","7.67%","586","576","1.74%","1.29","不適用","不適用","-","不適用","不適用","-","不適用","不適用","-","不適用","不適用","-","801","0.48","N","Y","N","員工平均薪資低於同業平均，主要受到組織結構調整、人員減少及新進人員比例較高等因素影響。","本公司持續依營運成果及市場薪資水準檢視薪酬制度，後續將逐步推動調薪機制及強化留才方案，並依個人績效及公司營運績效發放獎金，確保與員工共享成果。",
"造紙工業","1904","正隆","3045872","3533","862","845","2.01%","814","793","2.65%","0.74","            880","不適用","-","            751","不適用","-","            824","不適用","-","            749","不適用","-","801","0.48","N","N","N","","",
"造紙工業","1905","華紙","1418653","1970","720","743","-3.10%","666","691","-3.62%","-0.56","            724","不適用","-","            687","不適用","-","            676","不適用","-","            619","不適用","-","801","0.48","N","N","N","","",
"造紙工業","1906","寶隆","6976","9","775","742","4.45%","748","820","-8.78%","0.01","不適用","不適用","-","不適用","不適用","-","不適用","不適用","-","不適用","不適用","-","801","0.48","N","N","N","","",
"造紙工業","1907","永豐餘","3343418","4285","780","785","-0.64%","689","703","-1.99%","1.19","            781","不適用","-","            778","不適用","-","            697","不適用","-","            648","不適用","-","801","0.48","N","Y","Y","本公司為投控公司，獲利主要來自投資收益。114年部分子公司經營成果未達預期，年度獎金依相關公司及廠別損益表現計算，致年薪平均數下降。","本公司將聚焦子公司經營體質改善，透過產銷結構調整、製程效率提升及成本費用管理，提升營運績效與獲利能力；並依經營成果及市場薪酬水準，檢討薪資調整及績效獎金發放。",
"造紙工業","1909","榮成","706049","941","750","774","-3.10%","721","740","-2.57%","-0.39","            780","不適用","-","            599","不適用","-","            759","不適用","-","            572","不適用","-","801","0.48","N","N","N","","",
"鋼鐵工業","2002","中鋼","11828017","9352","1265","1288","-1.79%","1197","1215","-1.48%","-0.29","          1,272","不適用","-","          1,075","不適用","-","          1,206","不適用","-","          1,054","不適用","-","1016","0.47","N","N","N","","",
"鋼鐵工業","2006","東和鋼鐵","2358454","2058","1146","1104","3.80%","1076","1041","3.36%","6.47","不適用","不適用","-","不適用","不適用","-","不適用","不適用","-","不適用","不適用","-","1016","0.47","N","N","N","","",
"鋼鐵工業","2007","燁興","313834","438","717","682","5.13%","687","657","4.57%","-2.24","不適用","不適用","-","不適用","不適用","-","不適用","不適用","-","不適用","不適用","-","1016","0.47","N","N","N","","",
"鋼鐵工業","2008","高興昌","121194","198","612","581","5.34%","540","507","6.51%","0.68","不適用","不適用","-","不適用","不適用","-","不適用","不適用","-","不適用","不適用","-","1016","0.47","N","Y","N","(1)114年度的高薪退休人員數目增加,同時低薪新進(移工)人員數目也增加的情形下,將整體員工薪資平均值下拉。
(2)114年度的業外收益較113年度多。","配合政府調薪政策,使公司經營績效與員工薪酬有正向聯結。",
"鋼鐵工業","2009","第一銅","150019","229","655","672","-2.53%","624","658","-5.17%","0.34","            659","不適用","-","            617","不適用","-","            633","不適用","-","            563","不適用","-","1016","0.47","N","N","N","","",
"鋼鐵工業","2010","春源","1156331","1434","806","761","5.91%","691","654","5.66%","2.32","不適用","不適用","-","不適用","不適用","-","不適用","不適用","-","不適用","不適用","-","1016","0.47","N","Y","N","本公司114年EPS2.32元較113年1.65元增加0.67元，114年非擔任主管職務之全時員工薪資平均數806仟元/人，較113年761仟元/人增加45仟元/人，薪酬與公司績效成正比。
移工佔員工人數比約為28%，以致薪資平均數較低。","配合政府調薪政策，使公司經營績效與員工薪酬有正向聯結。",
"鋼鐵工業","2012","春雨","321565","519","620","648","-4.32%","559","569","-1.76%","0.20","不適用","不適用","-","不適用","不適用","-","不適用","不適用","-","不適用","不適用","-","1016","0.47","N","N","N","","",
"鋼鐵工業","2013","中鋼構","832164","444","1874","1754","6.84%","1692","1578","7.22%","3.19","不適用","不適用","-","不適用","不適用","-","不適用","不適用","-","不適用","不適用","-","1016","0.47","N","N","N","","",
"鋼鐵工業","2014","中鴻","856599","1033","829","829","0.00%","792","794","-0.25%","-1.29","            836","不適用","-","            769","不適用","-","            799","不適用","-","            750","不適用","-","1016","0.47","N","N","N","","",
"鋼鐵工業","2015","豐興","993769","946","1050","1037","1.25%","969","954","1.57%","3.88","不適用","不適用","-","不適用","不適用","-","不適用","不適用","-","不適用","不適用","-","1016","0.47","N","N","N","","",
"鋼鐵工業","2017","官田鋼","139409","251","555","567","-2.12%","497","496","0.20%","-0.56","不適用","不適用","-","不適用","不適用","-","不適用","不適用","-","不適用","不適用","-","1016","0.47","N","N","N","","",
"鋼鐵工業","2020","美亞","250746","313","801","812","-1.35%","699","694","0.72%","2.13","不適用","不適用","-","不適用","不適用","-","不適用","不適用","-","不適用","不適用","-","1016","0.47","N","Y","N","因同產業劃分較廣，而本公司產品別不同，若聚焦與相同產品別之同業相比，本公司非主管職全時員工薪資平均數實高於同業水準。","本公司已規劃辦理115年度薪資調整作業，平均調幅約4.6%，並持續檢視薪酬結構、獎酬制度及福利措施，以期逐步提升非主管職員工薪酬水準、強化內部留任誘因，並積極改善此項指標，回饋員工貢獻。",
"鋼鐵工業","2022","聚亨","62122","100","621","606","2.48%","563","567","-0.71%","-0.02","不適用","不適用","-","不適用","不適用","-","不適用","不適用","-","不適用","不適用","-","1016","0.47","N","N","N","","",
"鋼鐵工業","2023","燁輝","1241398","1419","875","873","0.23%","851","852","-0.12%","-1.85","            888","不適用","-","            769","不適用","-","            870","不適用","-","            736","不適用","-","1016","0.47","N","N","N","","",
"鋼鐵工業","2024","志聯","75021","127","591","571","3.50%","562","528","6.44%","-0.06","不適用","不適用","-","不適用","不適用","-","不適用","不適用","-","不適用","不適用","-","1016","0.47","N","N","N","","",
"鋼鐵工業","2025","千興","38023","67","568","581","-2.24%","559","570","-1.93%","-0.18","不適用","不適用","-","不適用","不適用","-","不適用","不適用","-","不適用","不適用","-","1016","0.47","N","N","Y","本年EPS為-0.18係出售投資性不動產及機器設備利益266,545千元排除後EPS為-1.72與同業相比(中鋼-0.29，燁輝-1.85)無表現較佳。本公司長期虧損且113年已全面調薪3%-15%。","不銹鋼產業近年受到中國、東南亞低價競爭衝擊，致營收獲利空間有限，本公司致力提升產品品質，樽節費用降低成本，提升本業收入創造營業淨利，計畫於獲利年度，提高年終獎金金額使經營績效與員工薪酬之關聯呈正相關。",
"鋼鐵工業","2027","大成鋼","797199","996","800","737","8.55%","728","639","13.93%","2.88","            785","不適用","-","            855","不適用","-","            737","不適用","-","            707","不適用","-","1016","0.47","N","Y","N","公司主要的獲利係來自海外子公司
員工薪酬係按照集團獲利狀況整體考量予以分配
另外考量台灣實際通膨狀況","已於115年3月調整薪資",
"鋼鐵工業","2028","威致","282953","368","769","807","-4.71%","717","768","-6.64%","0.28","不適用","不適用","-","不適用","不適用","-","不適用","不適用","-","不適用","不適用","-","1016","0.47","N","N","N","","",
"鋼鐵工業","2029","盛餘","545021","485","1124","1116","0.72%","1035","1034","0.10%","0.74","不適用","不適用","-","不適用","不適用","-","不適用","不適用","-","不適用","不適用","-","1016","0.47","N","N","N","","",
"鋼鐵工業","2030","彰源","384154","559","687","687","0.00%","613","608","0.82%","0.35","不適用","不適用","-","不適用","不適用","-","不適用","不適用","-","不適用","不適用","-","1016","0.47","N","N","N","","",
"鋼鐵工業","2031","新光鋼","201334","262","768","779","-1.41%","652","657","-0.76%","3.30","            766","不適用","-","            776","不適用","-","            650","不適用","-","            666","不適用","-","1016","0.47","N","Y","N","本公司依營運成果及同業水準核定員工酬勞總額，薪酬制度兼顧專業能力、工作貢獻與績效表現，並衡量外部競爭力、內部公平性及合理性，秉持利潤共享理念，結合完善福利措施，致力提供優於同業水準之整體報酬。","本公司將持續檢討薪酬制度，依獲利成果逐步提高基層員工薪資及獎酬，強化績效獎勵機制，並透過職能培訓、職涯發展及福利優化等措施，提升員工整體待遇與留任意願，逐步縮減與同業差距。",
"鋼鐵工業","2032","新鋼","94791","162","585","550","6.36%","559","526","6.27%","0.56","不適用","不適用","-","不適用","不適用","-","不適用","不適用","-","不適用","不適用","-","1016","0.47","N","Y","N","1.本公司114年EPS0.56元較113年0.45元增加0.11元
114年薪資平均數585仟元較113年增加35仟元，經營績效與員工酬勞成正比。
2.本年度獲利主要來自轉投資收益，排除前述收益並無獲利較同業為佳但薪資低於同業情形。","1.持續開發新技術、新產品與新市場提升本業獲利以增進員工薪酬。
2.定期檢視同業薪資水準與內部薪酬結構作為調薪依據。",
"鋼鐵工業","2033","佳大","53408","96","556","549","1.28%","532","538","-1.12%","0.35","不適用","不適用","-","不適用","不適用","-","不適用","不適用","-","不適用","不適用","-","1016","0.47","N","N","N","","",
"鋼鐵工業","2034","允強","445437","635","701","684","2.49%","655","638","2.66%","0.21","不適用","不適用","-","不適用","不適用","-","不適用","不適用","-","不適用","不適用","-","1016","0.47","N","N","N","","",
"鋼鐵工業","2038","海光","257782","370","697","667","4.50%","658","604","8.94%","-0.56","不適用","不適用","-","不適用","不適用","-","不適用","不適用","-","不適用","不適用","-","1016","0.47","N","N","N","","",
"電機機械","2049","上銀","3763479","4393","857","841","1.90%","818","792","3.28%","4.31","不適用","不適用","-","不適用","不適用","-","不適用","不適用","-","不適用","不適用","-","910","1.58","N","Y","N","1.本公司生產製造主要集中於台灣，台灣總公司人力結構以一般生產人員佔多數
2.本公司外籍勞工人數佔總人數約14%，拉低整體薪資平均數
3.本公司大力推廣產學合作，產學生人數約9%，因其無加班致拉低整體薪資平均數","1依據公司營運狀況與參考外部薪資行情，規劃執行年度調薪2產學生皆以正式員工任用，持續每年度進行晉升職等作業，予以調加薪資3以智慧自動化專案逐步合理化外籍勞工進用占比；留任績優外籍勞工予以轉任中階技術工",
"電子零組件業","2059","川湖","629052","507","1241","1014","22.39%","877","729","20.30%","103.23","不適用","不適用","-","不適用","不適用","-","不適用","不適用","-","不適用","不適用","-","1048","7.37","N","N","N","","",
"居家生活","2062","橋椿","462521","802","577","558","3.41%","517","501","3.19%","0.39","不適用","不適用","-","不適用","不適用","-","不適用","不適用","-","不適用","不適用","-","737","5.53","N","N","N","","",
"鋼鐵工業","2069","運錩","101758","162","628","617","1.78%","534","550","-2.91%","1.62","不適用","不適用","-","不適用","不適用","-","不適用","不適用","-","不適用","不適用","-","1016","0.47","N","Y","N","1.EPS佳為主要是海外子公司之貢獻。
2.全時員工薪資平數低於同業，主要為聘僱外藉移工人數佔全體員工人數30%，外藉移工多以基本工資給薪，故影響基層員工薪資平均數。","本公司已將提升員工薪資競爭力列為重要目標。每年定期參與市場薪資調查，並對標同業薪資水準。未來在辦理年度調薪作業時，將優先針對薪資低於同業平均水準進行結構性調薪，以逐步拉近與同業之薪資差距。",
"綠能環保","2072","世紀風電","769128","880","874","0","0.00%","847","0","0.00%","11.94","不適用","不適用","-","不適用","不適用","-","不適用","不適用","-","不適用","不適用","-","1032","4.97","N","Y","N","本公司為離岸風電水下基礎製造商，因產業特性主要員工為銲工、西工，全公司880人(現場作業705人)，相對其他同業因案場在廠區外，係將工程委外下包商施作，故本公司平均薪資相對較同業低。","1.本公司章程規定公司年度如有獲利，員工酬勞總數額中，提撥不低於50%為基層員工分派之酬勞。
2.本公司115年2月23日董事會通過114年度員工酬勞總數額中，占員工酬勞55.92%予基層員工。",
"橡膠工業","2101","南港","813602","920","884","813","8.73%","785","719","9.18%","1.01","不適用","不適用","-","不適用","不適用","-","不適用","不適用","-","不適用","不適用","-","764","0.78","N","N","N","","",
"橡膠工業","2102","泰豐","18907","29","652","673","-3.12%","659","675","-2.37%","6.28","不適用","不適用","-","不適用","不適用","-","不適用","不適用","-","不適用","不適用","-","764","0.78","N","Y","Y","本公司114年度每股盈餘較前一年度增加係因處分本公司觀音廠，與公司經營績效與員工薪酬無關聯。","公司114年度每股盈餘較前一年度增加係因處分本公司觀音廠，故公司EPS獲利表現較同業為佳並無明確比較基礎，待本公司經營績效提升，將重新檢視薪資水準以確保員工薪資競爭力。",
"橡膠工業","2103","台橡","737111","623","1183","1184","-0.08%","1072","1061","1.04%","0.54","不適用","不適用","-","不適用","不適用","-","不適用","不適用","-","不適用","不適用","-","764","0.78","N","N","N","","",
"橡膠工業","2104","國際中橡","251549","244","1031","1053","-2.09%","929","909","2.20%","-4.28","不適用","不適用","-","不適用","不適用","-","不適用","不適用","-","不適用","不適用","-","764","0.78","N","N","N","","",
"橡膠工業","2105","正新","2846114","4027","707","734","-3.68%","673","696","-3.30%","1.50","            716","不適用","-","            633","不適用","-","            692","不適用","-","            612","不適用","-","764","0.78","N","Y","N","本公司為輪胎製造業與其它橡膠工業產業屬性不同，現場需求大量人工作業。","公司章程明訂：本公司年度如有獲利，應提撥不低於百分之二作為員工酬勞（本項員工酬勞數額中應提撥不低於30％為基層員工分配酬勞）。",
"橡膠工業","2106","建大","1139395","1705","668","623","7.22%","626","587","6.64%","0.13","不適用","不適用","-","不適用","不適用","-","不適用","不適用","-","不適用","不適用","-","764","0.78","N","N","N","","",
"橡膠工業","2107","厚生","122700","176","697","657","6.09%","642","603","6.47%","1.67","不適用","不適用","-","不適用","不適用","-","不適用","不適用","-","不適用","不適用","-","764","0.78","N","Y","N","員工薪酬依據個別員工、部門及全公司績效獲利而有不同，並參考同業整體經濟及物價水準調整之。","本公司114年營運表現及獲利較前一年度成長,為積極留才,鼓勵員工,將於115年度為非經理人員工調薪。",
"橡膠工業","2108","南帝","273134","253","1080","1090","-0.92%","1005","1009","-0.40%","0.83","不適用","不適用","-","不適用","不適用","-","不適用","不適用","-","不適用","不適用","-","764","0.78","N","N","N","","",
"橡膠工業","2109","華豐","295936","477","620","611","1.47%","513","548","-6.39%","1.16","不適用","不適用","-","不適用","不適用","-","不適用","不適用","-","不適用","不適用","-","764","0.78","N","Y","N","1.本公司114年員工平均薪資增幅較同業高，並逐步提升中。
2.我司為輪胎製造業，勞力需求高，與上游橡膠原料供應商之同業人力需求結構有所差別。","本公司將視每年度營運情形調整員工薪資及相關獎金與紅利之發放。",
"橡膠工業","2114","鑫永銓","59565","101","590","578","2.08%","568","554","2.53%","5.78","不適用","不適用","-","不適用","不適用","-","不適用","不適用","-","不適用","不適用","-","764","0.78","N","Y","N","114年度獲利較去年成長13%，平均員工薪資費用也較去年增加17%。","本公司秉持共創價值分享利益，持續優化同仁薪資水準。",
"汽車工業","2201","裕隆","909360","1086","837","910","-8.02%","797","853","-6.57%","0.93","            837","不適用","-","            841","不適用","-","            798","不適用","-","            784","不適用","-","890","4.02","N","N","N","","",
"汽車工業","2204","中華","2203036","2096","1051","1044","0.67%","949","967","-1.86%","5.47","不適用","不適用","-","不適用","不適用","-","不適用","不適用","-","不適用","不適用","-","890","4.02","N","N","N","","",
"汽車工業","2206","三陽工業","2739394","2427","1129","1149","-1.74%","1045","1085","-3.69%","5.78","不適用","不適用","-","不適用","不適用","-","不適用","不適用","-","不適用","不適用","-","890","4.02","N","N","N","","",
"汽車工業","2207","和泰車","1463118","546","2680","2677","0.11%","2157","2103","2.57%","33.93","不適用","不適用","-","不適用","不適用","-","不適用","不適用","-","不適用","不適用","-","890","4.02","N","N","N","","",
"航運業","2208","台船","2625666","2748","955","957","-0.21%","892","900","-0.89%","-1.77","            965","不適用","-","            849","不適用","-","            905","不適用","-","            791","不適用","-","1543","4.81","N","N","Y","113 年度 EPS 2.20 、 114 年度 EPS 1.77 113 年度薪資平均數 957 仟元、 114年度薪資平均數 955 仟元 114 年度稅後虧損雖較 113 年度減少，惟因應退休潮及發展新事業之故，大量招考新進人員，致薪資平均數略降 。","未來將持續優化員工福利，並強化績效與獎金連動機制。若公司整體獲利改善，將依章程提撥 員工 酬勞以提升薪酬水準，落實獲利共享與永續經營。",
"鋼鐵工業","2211","長榮鋼","704049","651","1081","1051","2.85%","1063","1021","4.11%","8.60","不適用","不適用","-","不適用","不適用","-","不適用","不適用","-","不適用","不適用","-","1016","0.47","N","N","N","","",
"汽車工業","2227","裕日車","355649","306","1162","1213","-4.20%","1115","1164","-4.21%","1.30","不適用","不適用","-","不適用","不適用","-","不適用","不適用","-","不適用","不適用","-","890","4.02","N","N","N","","",
"汽車工業","2228","劍麟","292983","452","648","680","-4.71%","558","572","-2.45%","5.25","不適用","不適用","-","不適用","不適用","-","不適用","不適用","-","不適用","不適用","-","890","4.02","N","Y","N","1.EPS主要歸功於海外子公司。2.合理性：每年參考CPI、外部薪資調查，檢視薪等表市場定位；近10年平均調薪幅度>3%。3.關聯性：自105年度起，依據年度獲利狀況發放員工酬勞；每年視經營績效決議調薪幅度與年獎發放額。","設計生產獎金、專案獎金等激勵方案，提高生產力與提供對應報酬。",
"汽車工業","2231","為升","254570","368","692","664","4.22%","592","567","4.41%","-1.63","不適用","不適用","-","不適用","不適用","-","不適用","不適用","-","不適用","不適用","-","890","4.02","N","N","N","","",
"汽車工業","2233","宇隆","261324","356","734","770","-4.68%","614","626","-1.92%","6.70","不適用","不適用","-","不適用","不適用","-","不適用","不適用","-","不適用","不適用","-","890","4.02","N","Y","N","本公司人力結構中，直接員工約占總員工數五成，其中外籍員工約占直接員工數五成。受人力組成差異影響，整體平均薪資水準與同業或以本國籍員工為主之企業有所不同。","藉由調整外籍人力來源結構，降低人力過度集中風險，逐步優化人力組成，並帶動整體薪資結構提升。",
"汽車工業","2241","艾姆勒","118566","159","746","757","-1.45%","664","687","-3.35%","-0.70","不適用","不適用","-","不適用","不適用","-","不適用","不適用","-","不適用","不適用","-","890","4.02","N","N","Y","本公司114年度EPS較113年度成長，主係因業外處分資產利益增加所致；非擔任主管職務之全時員工薪資平均數較前一年度減少，主係因人員結構異動及薪酬調整時點影響所致。","本公司將依營運成果及員工績效，持續優化薪酬與福利制度，強化薪資競爭力及員工留任誘因。",
"汽車工業","2247","汎德永業","1683099","1475","1141","1213","-5.94%","881","916","-3.82%","18.32","不適用","不適用","-","不適用","不適用","-","不適用","不適用","-","不適用","不適用","-","890","4.02","N","N","N","","",
"汽車工業","2254","巨鎧精密-創","61324","119","515","524","-1.72%","470","484","-2.89%","-0.84","不適用","不適用","-","不適用","不適用","-","不適用","不適用","-","不適用","不適用","-","890","4.02","N","N","Y","1、因帳上仍有累積虧損，依公司法第232條優先彌補虧損，尚無法提撥員工酬勞或進行調薪。
2、公司尚處於營運轉型期，薪資結構維持審慎控管，且部分資深人員流動、新進人員遞補，導致平均薪資微幅下滑。","1、定期評估市場薪資水準，針對非經常性績效獎勵採滾動彈性調配，確保優秀基層員工能獲得即時回饋。
2、強化職能培訓、優化晉升管道來提升認同感；於獲利後，優先調整非經理人全時員工之薪資待遇使具市場競爭力。",
"汽車工業","2258","鴻華先進-創","1331798","982","1356","1364","-0.59%","1144","1148","-0.35%","-2.15","          1,394","不適用","-","          1,168","不適用","-","          1,187","不適用","-","          1,021","不適用","-","890","4.02","N","N","N","","",
"電腦及週邊設備業","2301","光寶科","7362002","4726","1558","1489","4.63%","1231","1246","-1.20%","6.64","          1,881","不適用","-","          1,186","不適用","-","          1,578","不適用","-","            765","不適用","-","1536","8.64","N","N","N","","",
"半導體業","2302","麗正","28251","42","673","663","1.51%","544","534","1.87%","0.49","不適用","不適用","-","不適用","不適用","-","不適用","不適用","-","不適用","不適用","-","2233","26.52","N","N","N","","",
"半導體業","2303","聯電","20817091","11973","1739","1800","-3.39%","1590","1611","-1.30%","3.34","          2,179","不適用","-","          1,140","不適用","-","          2,055","不適用","-","            890","不適用","-","2233","26.52","N","N","N","","",
"電腦及週邊設備業","2305","全友","61711","72","857","840","2.02%","816","802","1.75%","0.20","不適用","不適用","-","不適用","不適用","-","不適用","不適用","-","不適用","不適用","-","1536","8.64","N","N","N","","",
"電子零組件業","2308","台達電","25833609","13046","1980","1827","8.37%","1665","1543","7.91%","23.14","          2,232","不適用","-","          1,407","不適用","-","          1,874","不適用","-","          1,065","不適用","-","1048","7.37","N","N","N","本公司產線基層作業人員佔總人數15%，且主要由外籍移工組成，整體薪資統計受影響而下偏。排除產線基層作業人員後，薪資平均數為2,226仟元，薪資中位數為1,850仟元。","無。",
"其他電子業","2312","金寶","648618","375","1730","1680","2.98%","1457","1396","4.37%","1.05","          1,943","不適用","-","          1,541","不適用","-","          1,690","不適用","-","          1,330","不適用","-","1487","11.09","N","N","N","","",
"電子零組件業","2313","華通","4377483","4690","933","979","-4.70%","824","883","-6.68%","5.51","          1,006","不適用","-","            828","不適用","-","            858","不適用","-","            792","不適用","-","1048","7.37","N","N","Y","獲利為全企業各集團之總貢獻，獲利成長主要為子廠貢獻，公司採利潤中心制並合理分配員工獎金，故台灣區之非經理人之全時員工薪資平均數，未有明顯成長","公司獲利穩定，將持續依員工績效及就業市場情形，並參考PCB同業薪資趨勢，給予相應之薪酬。",
"通信網路業","2314","台揚","206665","244","847","908","-6.72%","734","815","-9.94%","-6.11","不適用","不適用","-","不適用","不適用","-","不適用","不適用","-","不適用","不適用","-","1376","4.79","N","N","N","","",
"電子零組件業","2316","楠梓電","638449","1102","579","551","5.08%","518","508","1.97%","13.38","不適用","不適用","-","不適用","不適用","-","不適用","不適用","-","不適用","不適用","-","1048","7.37","N","Y","N","本公司係依職務工作資歷等敘薪，另訂有獎金辦法依照公司營業利潤及員工表現作為獎金發放之依據。本公司EPS增加係認列處分投資利益，與非擔任主管職務之全時員工較無關聯性。114年員工平均薪資較去年增加5%。","本公司除積極拓展新客源增加訂單外，節流方面也持續控管成本，以期115年增加營業利益。",
"其他電子業","2317","鴻海","11338242","4096","2768","2670","3.67%","2028","1937","4.70%","13.61","          3,005","不適用","-","          2,021","不適用","-","          2,197","不適用","-","          1,637","不適用","-","1487","11.09","N","N","N","","",
"通信網路業","2321","東訊","104547","135","774","754","2.65%","697","659","5.77%","-0.76","不適用","不適用","-","不適用","不適用","-","不適用","不適用","-","不適用","不適用","-","1376","4.79","N","N","N","","",
"光電業","2323","中環","321359","468","687","628","9.39%","612","581","5.34%","1.58","            704","不適用","-","            656","不適用","-","            618","不適用","-","            598","不適用","-","1045","1.05","N","Y","N","本公司主要以台灣為製造業生產地，直接人力結構佔總人數約85%，在人力結構不同的情況下，致員工平均薪資低於同業。
但平均薪資及中位數薪資均比113年度增加。","基於營運成本考量，係以部門績效指標及員工績效達成率提升薪資，希望兼顧激勵及永續經營。
平均薪資較去年提升9.3% ，中位數薪資較去年提升 5.3%，顯示114年度薪資水準有較113年度增加。",
"電腦及週邊設備業","2324","仁寶","11983962","7526","1592","1467","8.52%","1418","1348","5.19%","1.38","          1,807","不適用","-","          1,159","不適用","-","          1,621","不適用","-","          1,011","不適用","-","1536","8.64","N","N","N","","",
"電子零組件業","2327","國巨*","3201471","3652","877","773","13.45%","754","672","12.20%","11.51","不適用","不適用","-","不適用","不適用","-","不適用","不適用","-","不適用","不適用","-","1048","7.37","N","Y","N","本公司台灣地區直接人員比例較高（逾50%），人力結構與同業有所差異，致平均薪資水準受統計結構影響。惟公司薪酬係依職務、績效及市場薪資水準核定，並配合年度調薪及績效獎金機制，整體薪酬具合理性與市場競爭力。","公司持續優化薪酬結構，針對低於市場水準之職類進行調整，並提升起薪及薪資成長機制。同時強化績效與獲利連動，透過獎金制度反映營運成果，並推動關鍵人才留任及薪資檢討，以逐步提升整體薪酬競爭力。",
"電子零組件業","2328","廣宇","60607","46","1318","1422","-7.31%","1255","1244","0.88%","1.56","不適用","不適用","-","不適用","不適用","-","不適用","不適用","-","不適用","不適用","-","1048","7.37","N","N","N","","",
"半導體業","2329","華泰","3637361","4483","811","705","15.04%","709","624","13.62%","2.45","不適用","不適用","-","不適用","不適用","-","不適用","不適用","-","不適用","不適用","-","2233","26.52","N","N","N","","",
"半導體業","2330","台積電","305362414","74988","4072","3391","20.08%","3162","2645","19.55%","66.26","          4,678","不適用","-","          2,879","不適用","-","          3,666","不適用","-","          2,125","不適用","-","2233","26.52","N","N","N","","",
"電腦及週邊設備業","2331","精英","609331","433","1407","1114","26.30%","1248","981","27.22%","1.41","不適用","不適用","-","不適用","不適用","-","不適用","不適用","-","不適用","不適用","-","1536","8.64","N","N","N","","",
"通信網路業","2332","友訊","448750","366","1226","1184","3.55%","1130","1060","6.60%","-0.90","不適用","不適用","-","不適用","不適用","-","不適用","不適用","-","不適用","不適用","-","1376","4.79","N","N","N","","",
"半導體業","2337","旺宏","4678621","3385","1382","1420","-2.68%","1152","1199","-3.92%","-1.77","          1,630","不適用","-","            997","不適用","-","          1,523","不適用","-","            783","不適用","-","2233","26.52","N","N","N","","",
"半導體業","2338","光罩","353525","423","836","830","0.72%","721","710","1.55%","-4.88","不適用","不適用","-","不適用","不適用","-","不適用","不適用","-","不適用","不適用","-","2233","26.52","N","N","N","","",
"半導體業","2340","台亞","590125","729","809","790","2.41%","720","700","2.86%","-2.88","不適用","不適用","-","不適用","不適用","-","不適用","不適用","-","不適用","不適用","-","2233","26.52","N","N","N","","",
"半導體業","2342","茂矽","528831","594","890","860","3.49%","781","760","2.76%","-0.49","不適用","不適用","-","不適用","不適用","-","不適用","不適用","-","不適用","不適用","-","2233","26.52","N","N","N","","",
"半導體業","2344","華邦電","6534965","3414","1914","1726","10.89%","1617","1513","6.87%","0.88","          2,207","不適用","-","          1,307","不適用","-","          1,822","不適用","-","          1,014","不適用","-","2233","26.52","N","N","N","","",
"通信網路業","2345","智邦","7903780","4177","1892","1542","22.70%","1155","1149","0.52%","47.13","不適用","不適用","-","不適用","不適用","-","不適用","不適用","-","不適用","不適用","-","1376","4.79","N","N","N","","",
"電子通路業","2347","聯強","640429","482","1329","1213","9.56%","1120","1044","7.28%","5.08","          1,491","不適用","-","          1,213","不適用","-","          1,214","不適用","-","          1,071","不適用","-","1126","5.43","N","N","N","","",
"其他","2348","海悅","201824","175","1153","1528","-24.54%","1035","1271","-18.57%","6.85","不適用","不適用","-","不適用","不適用","-","不適用","不適用","-","不適用","不適用","-","922","2.61","N","N","N","","",
"光電業","2349","錸德","406525","577","705","697","1.15%","562","549","2.37%","-0.36","不適用","不適用","-","不適用","不適用","-","不適用","不適用","-","不適用","不適用","-","1045","1.05","N","N","N","","",
"半導體業","2351","順德","915748","1327","690","706","-2.27%","614","608","0.99%","1.66","不適用","不適用","-","不適用","不適用","-","不適用","不適用","-","不適用","不適用","-","2233","26.52","N","N","N","","",
"電腦及週邊設備業","2352","佳世達","2160759","1543","1400","1385","1.08%","1222","1192","2.52%","0.64","          1,598","不適用","-","          1,099","不適用","-","          1,446","不適用","-","            983","不適用","-","1536","8.64","N","N","N","","",
"電腦及週邊設備業","2353","宏碁","2279456","1433","1591","1753","-9.24%","1348","1439","-6.32%","1.26","          1,735","不適用","-","          1,388","不適用","-","          1,456","不適用","-","          1,187","不適用","-","1536","8.64","N","N","N","","",
"其他電子業","2354","鴻準","659592","273","2416","2205","9.57%","1663","1588","4.72%","2.32","          2,659","不適用","-","          1,497","不適用","-","          1,953","不適用","-","          1,282","不適用","-","1487","11.09","N","N","N","","",
"電子零組件業","2355","敬鵬","2015747","2728","739","733","0.82%","654","648","0.93%","1.60","不適用","不適用","-","不適用","不適用","-","不適用","不適用","-","不適用","不適用","-","1048","7.37","N","N","N","","",
"電腦及週邊設備業","2356","英業達","7964420","6455","1234","1153","7.03%","1006","973","3.39%","2.42","          1,444","不適用","-","          1,226","不適用","-","            945","不適用","-","            725","不適用","-","1536","8.64","N","N","N","","",
"電腦及週邊設備業","2357","華碩","13954531","7237","1928","1837","4.95%","1539","1473","4.48%","59.99","不適用","不適用","-","不適用","不適用","-","不適用","不適用","-","不適用","不適用","-","1536","8.64","N","N","N","","",
"其他電子業","2359","所羅門","263802","266","992","948","4.64%","854","828","3.14%","1.23","不適用","不適用","-","不適用","不適用","-","不適用","不適用","-","不適用","不適用","-","1487","11.09","N","N","N","","",
"其他電子業","2360","致茂","3226138","1978","1631","1395","16.92%","1273","1144","11.28%","27.70","不適用","不適用","-","不適用","不適用","-","不適用","不適用","-","不適用","不適用","-","1487","11.09","N","N","N","","",
"電腦及週邊設備業","2362","藍天","635087","520","1221","1209","0.99%","1133","1116","1.52%","2.05","不適用","不適用","-","不適用","不適用","-","不適用","不適用","-","不適用","不適用","-","1536","8.64","N","N","N","","",
"半導體業","2363","矽統","266182","143","1861","1908","-2.46%","1507","1574","-4.26%","1.53","不適用","不適用","-","不適用","不適用","-","不適用","不適用","-","不適用","不適用","-","2233","26.52","N","N","Y","公司114 EPS雖較前一年度成長，惟因公司合併後人力結構有所調整，且部分資深員工離職，影響平均薪資水準，致非經理人全時員工平均薪資較前一年度減少。","矽統將持續優化人才結構，強化關鍵人才留任機制，並定期檢視薪酬制度，以提升員工整體獎酬福利。",
"電腦及週邊設備業","2364","倫飛","170310","190","896","865","3.58%","695","691","0.58%","4.20","不適用","不適用","-","不適用","不適用","-","不適用","不適用","-","不適用","不適用","-","1536","8.64","N","N","N","","",
"電腦及週邊設備業","2365","昆盈","50013","51","981","1044","-6.03%","879","955","-7.96%","0.32","不適用","不適用","-","不適用","不適用","-","不適用","不適用","-","不適用","不適用","-","1536","8.64","N","N","N","","",
"電子零組件業","2367","燿華","3095440","4350","712","719","-0.97%","663","669","-0.90%","0.68","不適用","不適用","-","不適用","不適用","-","不適用","不適用","-","不適用","不適用","-","1048","7.37","N","N","N","","",
"電子零組件業","2368","金像電","2756522","2673","1031","885","16.50%","846","716","18.16%","19.47","不適用","不適用","-","不適用","不適用","-","不適用","不適用","-","不適用","不適用","-","1048","7.37","N","Y","N","本公司114年度集團合併營收創歷史新高，獲利成長主係大陸廠營運創下佳績所致，非經理人之全時員工薪資平均數，本公司採利潤中心制並合理分配員工績效獎金。","本公司採利潤中心制並合理分配員工績效獎金，且本公司在114年度整體調薪達4.08%，並無低於業界水準。",
"半導體業","2369","菱生","1232229","2055","600","590","1.69%","542","539","0.56%","-1.05","不適用","不適用","-","不適用","不適用","-","不適用","不適用","-","不適用","不適用","-","2233","26.52","N","N","N","","",
"電機機械","2371","大同","1634010","2132","766","799","-4.13%","669","714","-6.30%","-5.20","            788","不適用","-","            705","不適用","-","            692","不適用","-","            620","不適用","-","910","1.58","N","N","N","","",
"其他電子業","2373","震旦行","709981","876","810","771","5.06%","688","671","2.53%","3.87","不適用","不適用","-","不適用","不適用","-","不適用","不適用","-","不適用","不適用","-","1487","11.09","N","N","N","","",
"光電業","2374","佳能","623948","491","1271","1200","5.92%","1063","1063","0.00%","2.44","不適用","不適用","-","不適用","不適用","-","不適用","不適用","-","不適用","不適用","-","1045","1.05","N","N","N","","",
"電子零組件業","2375","凱美","34699","39","890","829","7.36%","789","782","0.90%","3.73","不適用","不適用","-","不適用","不適用","-","不適用","不適用","-","不適用","不適用","-","1048","7.37","N","N","N","","",
"電腦及週邊設備業","2376","技嘉","3516336","2095","1678","1655","1.39%","1032","1020","1.18%","18.20","不適用","不適用","-","不適用","不適用","-","不適用","不適用","-","不適用","不適用","-","1536","8.64","N","N","N","","",
"電腦及週邊設備業","2377","微星","4555837","3082","1478","1515","-2.44%","1245","1286","-3.19%","6.80","不適用","不適用","-","不適用","不適用","-","不適用","不適用","-","不適用","不適用","-","1536","8.64","N","N","N","","",
"半導體業","2379","瑞昱","20934814","5408","3871","3915","-1.12%","3193","3246","-1.63%","28.77","不適用","不適用","-","不適用","不適用","-","不適用","不適用","-","不適用","不適用","-","2233","26.52","N","N","N","","",
"電腦及週邊設備業","2380","虹光","318683","338","943","912","3.40%","828","805","2.86%","0.72","不適用","不適用","-","不適用","不適用","-","不適用","不適用","-","不適用","不適用","-","1536","8.64","N","N","N","","",
"電腦及週邊設備業","2382","廣達","21531102","10886","1978","1688","17.18%","1716","1490","15.17%","19.45","          2,217","不適用","-","          1,487","不適用","-","          1,935","不適用","-","          1,174","不適用","-","1536","8.64","N","N","N","","",
"電子零組件業","2383","台光電","1351737","1062","1273","1156","10.12%","974","888","9.68%","41.67","不適用","不適用","-","不適用","不適用","-","不適用","不適用","-","不適用","不適用","-","1048","7.37","N","N","N","","",
"電子零組件業","2385","群光","1796063","830","2164","2269","-4.63%","1920","1990","-3.52%","9.05","不適用","不適用","-","不適用","不適用","-","不適用","不適用","-","不適用","不適用","-","1048","7.37","N","N","N","","",
"電腦及週邊設備業","2387","精元","186828","247","756","768","-1.56%","672","679","-1.03%","3.47","不適用","不適用","-","不適用","不適用","-","不適用","不適用","-","不適用","不適用","-","1536","8.64","N","N","N","","",
"半導體業","2388","威盛","589323","341","1728","1866","-7.40%","1537","1652","-6.96%","0.12","不適用","不適用","-","不適用","不適用","-","不適用","不適用","-","不適用","不適用","-","2233","26.52","N","N","N","","",
"其他電子業","2390","云辰","49797","66","755","751","0.53%","734","694","5.76%","-0.14","不適用","不適用","-","不適用","不適用","-","不適用","不適用","-","不適用","不適用","-","1487","11.09","N","N","N","","",
"電子零組件業","2392","正崴","1011549","786","1287","1184","8.70%","1149","1046","9.85%","-6.62","不適用","不適用","-","不適用","不適用","-","不適用","不適用","-","不適用","不適用","-","1048","7.37","N","N","N","","",
"光電業","2393","億光","1072337","985","1089","1131","-3.71%","856","812","5.42%","4.60","不適用","不適用","-","不適用","不適用","-","不適用","不適用","-","不適用","不適用","-","1045","1.05","N","N","N","","",
"電腦及週邊設備業","2395","研華","4685786","3544","1322","1267","4.34%","1156","1104","4.71%","12.25","不適用","不適用","-","不適用","不適用","-","不適用","不適用","-","不適用","不適用","-","1536","8.64","N","Y","N","1.研華長期結合經營績效與員工個人薪酬，除發放績效獎金與現金分紅外，另發行員工認股權ESOP/PSOP，但此認股權證價值不被列入平均薪資計算。2.研華有45%員工從事營運製造，與同業大多將製造移往海外之組織結構不同。","定期參與市場薪酬調研，審視整體薪酬於市場水準，並主動進行調整，保持整體薪酬競爭力。",
"電腦及週邊設備業","2397","友通","535681","573","935","863","8.34%","735","683","7.61%","2.49","          1,189","不適用","-","            705","不適用","-","          1,047","不適用","-","            590","不適用","-","1536","8.64","N","N","N","","",
"電腦及週邊設備業","2399","映泰","105848","119","889","916","-2.95%","787","797","-1.25%","0.15","不適用","不適用","-","不適用","不適用","-","不適用","不適用","-","不適用","不適用","-","1536","8.64","N","N","Y","本公司EPS較前一年只增加6,471仟元, 差異不大, 而平均薪資減少主要原因,是有4位資深員工轉擔任主管職務之全時員工,
所以造成非擔任主管職務之全時員工人數減少,以及平均薪資滅少","本公司績效跟福利的關聯性無變動,公司獲利時,會依公司章程規定,提列一定比率之員工酬勞做為福利",
"半導體業","2401","凌陽","445066","301","1479","1462","1.16%","1311","1243","5.47%","-0.37","不適用","不適用","-","不適用","不適用","-","不適用","不適用","-","不適用","不適用","-","2233","26.52","N","N","N","本公司持續強化永續經營，營運績效與員工薪酬具連動性，透過完善的薪資結構、績效獎酬及調薪機制，合理反映經營成果與員工貢獻，並關注市場薪酬水準與人才留任，致力於打造公平且具吸引力之薪酬制度。","無",
"電子零組件業","2402","毅嘉","121030","175","692","632","9.49%","590","530","11.32%","2.47","不適用","不適用","-","不適用","不適用","-","不適用","不適用","-","不適用","不適用","-","1048","7.37","N","N","N","","",
"其他電子業","2404","漢唐","1968727","838","2349","1901","23.57%","2024","1674","20.91%","48.08","不適用","不適用","-","不適用","不適用","-","不適用","不適用","-","不適用","不適用","-","1487","11.09","N","N","N","","",
"電腦及週邊設備業","2405","輔信","161749","162","998","972","2.67%","865","827","4.59%","-0.20","不適用","不適用","-","不適用","不適用","-","不適用","不適用","-","不適用","不適用","-","1536","8.64","N","N","N","","",
"光電業","2406","國碩","81352","118","689","724","-4.83%","611","654","-6.57%","-0.92","            702","不適用","-","            657","不適用","-","            619","不適用","-","            606","不適用","-","1045","1.05","N","N","N","","",
"半導體業","2408","南亞科","5692865","3528","1614","1379","17.04%","1356","1111","22.05%","2.13","          1,725","不適用","-","          1,322","不適用","-","          1,436","不適用","-","          1,171","不適用","-","2233","26.52","N","N","N","","",
"光電業","2409","友達","21802996","17447","1250","1167","7.11%","956","892","7.17%","0.90","          1,391","不適用","-","            980","不適用","-","          1,114","不適用","-","            780","不適用","-","1045","1.05","N","N","N","","",
"通信網路業","2412","中華電","34646570","20402","1698","1613","5.27%","1646","1573","4.64%","4.99","          1,684","不適用","-","          1,730","不適用","-","          1,604","不適用","-","          1,720","不適用","-","1376","4.79","N","N","N","","",
"電子零組件業","2413","環科","316874","549","577","529","9.07%","514","448","14.73%","0.41","不適用","不適用","-","不適用","不適用","-","不適用","不適用","-","不適用","不適用","-","1048","7.37","N","N","N","","",
"電子通路業","2414","精技","377633","389","971","921","5.43%","874","825","5.94%","3.17","不適用","不適用","-","不適用","不適用","-","不適用","不適用","-","不適用","不適用","-","1126","5.43","N","N","N","","",
"電子零組件業","2415","錩新","29009","25","1160","1088","6.62%","974","949","2.63%","1.81","不適用","不適用","-","不適用","不適用","-","不適用","不適用","-","不適用","不適用","-","1048","7.37","N","N","N","","",
"電腦及週邊設備業","2417","圓剛","207785","176","1181","1437","-17.81%","1119","1380","-18.91%","-0.19","不適用","不適用","-","不適用","不適用","-","不適用","不適用","-","不適用","不適用","-","1536","8.64","N","N","Y","本公司2025年因組織精簡，離職人員多屬資深高薪人員，導致全年度薪資總額降幅大於人數變動，使平均薪資較前一年度減少。此為正常人事結構更迭，留任員工之薪資福利皆未受影響。","2025年因組織精簡, 此為正常人事結構更迭, 故無需改善措施。",
"通信網路業","2419","仲琦","149009","116","1285","1234","4.13%","1196","1110","7.75%","-0.36","不適用","不適用","-","不適用","不適用","-","不適用","不適用","-","不適用","不適用","-","1376","4.79","N","N","N","","",
"電子零組件業","2420","新巨","329951","506","652","617","5.67%","564","544","3.68%","3.91","不適用","不適用","-","不適用","不適用","-","不適用","不適用","-","不適用","不適用","-","1048","7.37","N","N","N","","",
"電子零組件業","2421","建準","858383","614","1398","1205","16.02%","1105","951","16.19%","7.94","不適用","不適用","-","不適用","不適用","-","不適用","不適用","-","不適用","不適用","-","1048","7.37","N","N","N","","",
"其他電子業","2423","固緯","417178","410","1018","958","6.26%","922","869","6.10%","2.92","不適用","不適用","-","不適用","不適用","-","不適用","不適用","-","不適用","不適用","-","1487","11.09","N","N","N","","",
"通信網路業","2424","隴華","19404","22","882","948","-6.96%","793","828","-4.23%","-1.34","不適用","不適用","-","不適用","不適用","-","不適用","不適用","-","不適用","不適用","-","1376","4.79","N","N","Y","本公司114年度部分資深員工於完成階段性任務後請辭，致非經理人全時員工平均薪資較前一年度下降。惟公司持續提升營運效率及市場拓展成效，帶動獲利成長，故EPS較前一年度增加。","本公司將持續檢視薪酬制度及人才發展機制，透過完善職涯規劃、教育訓練及績效獎酬措施，提升員工留任意願與整體薪酬競爭力，並與公司經營成果共享成長成果。",
"電腦及週邊設備業","2425","承啟","92621","62","1494","1534","-2.61%","1362","1292","5.42%","-0.32","不適用","不適用","-","不適用","不適用","-","不適用","不適用","-","不適用","不適用","-","1536","8.64","N","N","N","","",
"光電業","2426","鼎元","468091","743","630","656","-3.96%","551","573","-3.84%","-0.25","不適用","不適用","-","不適用","不適用","-","不適用","不適用","-","不適用","不適用","-","1045","1.05","N","N","N","","",
"資訊服務業","2427","三商電","645694","756","854","818","4.40%","805","761","5.78%","1.53","不適用","不適用","-","不適用","不適用","-","不適用","不適用","-","不適用","不適用","-","1118","4.37","N","N","N","","",
"電子零組件業","2428","興勤","414681","467","888","850","4.47%","680","656","3.66%","11.76","不適用","不適用","-","不適用","不適用","-","不適用","不適用","-","不適用","不適用","-","1048","7.37","N","Y","N","本公司員工薪酬依公司各項規章及營運狀況給予合理報酬，惟本公司直接人員佔全體員工比重近5成，致使平均薪資數較同業低。","公司每年皆依據個人實績進行調薪，115年度因應通膨及強化員工薪酬福利，同步實施全體員工調薪。",
"光電業","2429","銘旺科","15830","25","633","612","3.43%","594","577","2.95%","-1.40","不適用","不適用","-","不適用","不適用","-","不適用","不適用","-","不適用","不適用","-","1045","1.05","N","N","N","","",
"電子通路業","2430","燦坤","1257947","1771","710","683","3.95%","674","643","4.82%","0.70","不適用","不適用","-","不適用","不適用","-","不適用","不適用","-","不適用","不適用","-","1126","5.43","N","N","N","","",
"電子零組件業","2431","聯昌","36808","37","995","1009","-1.39%","871","890","-2.13%","-2.10","不適用","不適用","-","不適用","不適用","-","不適用","不適用","-","不適用","不適用","-","1048","7.37","N","N","N","","",
"電腦及週邊設備業","2432","倚天酷碁-創","84442","58","1456","1462","-0.41%","1271","1207","5.30%","1.88","          1,755","不適用","-","          1,229","不適用","-","          1,525","不適用","-","          1,082","不適用","-","1536","8.64","N","N","N","","",
"其他電子業","2433","互盛電","282165","365","773","751","2.93%","690","689","0.15%","3.05","不適用","不適用","-","不適用","不適用","-","不適用","不適用","-","不適用","不適用","-","1487","11.09","N","N","N","","",
"半導體業","2434","統懋","13594","26","523","537","-2.61%","482","498","-3.21%","0.02","不適用","不適用","-","不適用","不適用","-","不適用","不適用","-","不適用","不適用","-","2233","26.52","N","N","N","","",
"半導體業","2436","偉詮電","404947","280","1446","1299","11.32%","1339","1206","11.03%","3.02","不適用","不適用","-","不適用","不適用","-","不適用","不適用","-","不適用","不適用","-","2233","26.52","N","N","N","","",
"光電業","2438","翔耀","22404","38","590","495","19.19%","503","481","4.57%","-2.38","不適用","不適用","-","不適用","不適用","-","不適用","不適用","-","不適用","不適用","-","1045","1.05","N","N","N","","",
"通信網路業","2439","美律","824968","773","1067","1286","-17.03%","830","917","-9.49%","5.36","不適用","不適用","-","不適用","不適用","-","不適用","不適用","-","不適用","不適用","-","1376","4.79","N","Y","N","產業型態不盡相同，客戶、產品、技術差異甚大，營運和品牌經營各異；因應114年度公司獲利情形，而員工薪酬為依據前一年度經營績效而分配之變動獎金，故整體言之，員工平均薪資較去年酌減。","員工固定薪酬依市場水平核敘，及按消費者物價指數評估當年度的調薪；變動薪酬則與公司經營績效連結。",
"電子零組件業","2440","太空梭","12710","16","794","780","1.79%","753","748","0.67%","-0.23","            955","不適用","-","            698","不適用","-","            941","不適用","-","            646","不適用","-","1048","7.37","N","N","N","","",
"半導體業","2441","超豐","3824931","4215","907","829","9.41%","760","688","10.47%","4.31","不適用","不適用","-","不適用","不適用","-","不適用","不適用","-","不適用","不適用","-","2233","26.52","N","N","N","","",
"建材營造","2442","新美齊","104157","72","1447","1134","27.60%","1101","972","13.27%","5.24","不適用","不適用","-","不適用","不適用","-","不適用","不適用","-","不適用","不適用","-","963","2.29","N","N","N","","",
"通信網路業","2444","兆勁","207039","398","520","548","-5.11%","434","469","-7.46%","-1.90","不適用","不適用","-","不適用","不適用","-","不適用","不適用","-","不適用","不適用","-","1376","4.79","N","N","N","","",
"半導體業","2449","京元電子","7410775","8141","910","859","5.94%","719","696","3.30%","9.01","            987","不適用","-","            804","不適用","-","            788","不適用","-","            661","不適用","-","2233","26.52","N","N","N","","",
"通信網路業","2450","神腦","1252555","1829","685","664","3.16%","649","630","3.02%","1.72","            721","不適用","-","            657","不適用","-","            672","不適用","-","            627","不適用","-","1376","4.79","N","N","N","","",
"半導體業","2451","創見","884330","923","958","786","21.88%","739","642","15.11%","12.98","不適用","不適用","-","不適用","不適用","-","不適用","不適用","-","不適用","不適用","-","2233","26.52","N","N","N","","",
"資訊服務業","2453","凌群","1235919","1172","1055","1000","5.50%","958","907","5.62%","3.12","不適用","不適用","-","不適用","不適用","-","不適用","不適用","-","不適用","不適用","-","1118","4.37","N","N","N","","",
"半導體業","2454","聯發科","52784432","11823","4465","4310","3.60%","3552","3438","3.32%","66.16","          4,695","不適用","-","          3,366","不適用","-","          3,788","不適用","-","          2,783","不適用","-","2233","26.52","N","N","N","","",
"通信網路業","2455","全新","294519","279","1056","1061","-0.47%","789","747","5.62%","2.97","不適用","不適用","-","不適用","不適用","-","不適用","不適用","-","不適用","不適用","-","1376","4.79","N","N","N","","",
"電子零組件業","2457","飛宏","422777","374","1130","1147","-1.48%","964","947","1.80%","-1.48","不適用","不適用","-","不適用","不適用","-","不適用","不適用","-","不適用","不適用","-","1048","7.37","N","N","N","","",
"半導體業","2458","義隆","1946593","1001","1945","2009","-3.19%","1823","1835","-0.65%","8.53","不適用","不適用","-","不適用","不適用","-","不適用","不適用","-","不適用","不適用","-","2233","26.52","N","N","N","","",
"其他電子業","2459","敦吉","59091","56","1055","1019","3.53%","1048","993","5.54%","5.17","不適用","不適用","-","不適用","不適用","-","不適用","不適用","-","不適用","不適用","-","1487","11.09","N","N","N","","",
"電子零組件業","2460","建通","78737","122","645","629","2.54%","584","569","2.64%","-3.00","不適用","不適用","-","不適用","不適用","-","不適用","不適用","-","不適用","不適用","-","1048","7.37","N","N","N","","",
"其他電子業","2461","光群雷","91699","132","695","760","-8.55%","682","661","3.18%","-0.61","不適用","不適用","-","不適用","不適用","-","不適用","不適用","-","不適用","不適用","-","1487","11.09","N","N","N","","",
"電子零組件業","2462","良得電","45739","43","1064","1249","-14.81%","947","1003","-5.58%","0.27","不適用","不適用","-","不適用","不適用","-","不適用","不適用","-","不適用","不適用","-","1048","7.37","N","N","N","","",
"其他電子業","2464","盟立","1121092","988","1135","1131","0.35%","965","922","4.66%","-0.84","不適用","不適用","-","不適用","不適用","-","不適用","不適用","-","不適用","不適用","-","1487","11.09","N","N","N","","",
"電腦及週邊設備業","2465","麗臺","149542","149","1004","943","6.47%","762","836","-8.85%","0.43","不適用","不適用","-","不適用","不適用","-","不適用","不適用","-","不適用","不適用","-","1536","8.64","N","N","N","","",
"光電業","2466","冠西電","36294","58","626","522","19.92%","501","371","35.04%","0.25","不適用","不適用","-","不適用","不適用","-","不適用","不適用","-","不適用","不適用","-","1045","1.05","N","N","N","","",
"電子零組件業","2467","志聖","507635","405","1253","1138","10.11%","1084","1051","3.14%","5.50","不適用","不適用","-","不適用","不適用","-","不適用","不適用","-","不適用","不適用","-","1048","7.37","N","N","N","","",
"資訊服務業","2468","華經","192560","229","841","788","6.73%","689","643","7.15%","1.25","不適用","不適用","-","不適用","不適用","-","不適用","不適用","-","不適用","不適用","-","1118","4.37","N","N","N","為讓公司經營成果得與員工分享，特制定「員工績效考核、獎金暨員工酬勞發放辦法」，透過公正、透明的績效考核機制，作為獎金核定、職位晉升、職務異動、薪資調整、工作改善及其他人資管理作業之重要參考依據。","無補充說明事項。",
"資訊服務業","2471","資通","324577","247","1314","1277","2.90%","1199","1158","3.54%","3.63","不適用","不適用","-","不適用","不適用","-","不適用","不適用","-","不適用","不適用","-","1118","4.37","N","N","N","","",
"電子零組件業","2472","立隆電","145008","97","1495","1318","13.43%","1385","1376","0.65%","8.73","不適用","不適用","-","不適用","不適用","-","不適用","不適用","-","不適用","不適用","-","1048","7.37","N","N","N","","",
"其他電子業","2474","可成","1937952","2714","714","739","-3.38%","577","625","-7.68%","11.33","不適用","不適用","-","不適用","不適用","-","不適用","不適用","-","不適用","不適用","-","1487","11.09","N","Y","N","一、關聯性說明：
透過多元薪酬制度（包含固定薪資、年終及績效獎金等），使員工報酬與個人績效及公司整體營運成果能相互連動。
二、合理性評估：
參考薪資調查資料，檢視與同業及地區之薪資水準，以維持競爭力。","一、有關員工獎酬制度：
將視營運成果、整體財務狀況與人力資源政策之綜合考量，適時檢討員工獎酬制度。
二、參考市場對標機制：
持續參考產業薪資資料，作為薪酬政策調整與制度設計之依據，確保具市場競爭性。",
"電子零組件業","2476","鉅祥","572460","776","738","712","3.65%","650","645","0.78%","4.36","不適用","不適用","-","不適用","不適用","-","不適用","不適用","-","不適用","不適用","-","1048","7.37","N","N","N","","",
"其他電子業","2477","美隆電","91172","103","885","875","1.14%","834","816","2.21%","1.68","不適用","不適用","-","不適用","不適用","-","不適用","不適用","-","不適用","不適用","-","1487","11.09","N","N","N","","",
"電子零組件業","2478","大毅","739856","851","869","778","11.70%","731","646","13.16%","3.45","不適用","不適用","-","不適用","不適用","-","不適用","不適用","-","不適用","不適用","-","1048","7.37","N","N","N","","",
"資訊服務業","2480","敦陽科","648850","592","1096","1065","2.91%","1006","973","3.39%","8.00","不適用","不適用","-","不適用","不適用","-","不適用","不適用","-","不適用","不適用","-","1118","4.37","N","Y","N","114年度平均薪資由1065K成長至1096K(+2.9%），中位數由973K成長至1006K(+3.4%),顯示薪酬隨經營績效正向提升。員工人數增加,薪資分布結構有所調整,致平均數略低於同業;惟中位數成長幅度較高,整體薪酬水準仍具合理性。","公司薪酬政策持續兼顧公司與個人績效，並定期檢視與調整內外部薪資水準，以帶動基層員工薪資提升。未來將持續依市場與組織需求，逐步檢討薪酬結構與調整機制，確保薪酬合理性並維持員工薪酬競爭力。",
"半導體業","2481","強茂","1094149","1287","850","785","8.28%","651","610","6.72%","3.12","          1,115","不適用","-","            699","不適用","-","            892","不適用","-","            582","不適用","-","2233","26.52","N","N","N","","",
"其他電子業","2482","連宇","115074","141","816","825","-1.09%","684","702","-2.56%","-1.09","不適用","不適用","-","不適用","不適用","-","不適用","不適用","-","不適用","不適用","-","1487","11.09","N","N","N","","",
"電子零組件業","2483","百容","303519","552","550","524","4.96%","474","450","5.33%","0.60","不適用","不適用","-","不適用","不適用","-","不適用","不適用","-","不適用","不適用","-","1048","7.37","N","N","N","","",
"電子零組件業","2484","希華","454214","680","668","650","2.77%","561","575","-2.43%","0.65","不適用","不適用","-","不適用","不適用","-","不適用","不適用","-","不適用","不適用","-","1048","7.37","N","N","N","","",
"通信網路業","2485","兆赫","527267","877","601","585","2.74%","451","429","5.13%","-0.96","不適用","不適用","-","不適用","不適用","-","不適用","不適用","-","不適用","不適用","-","1376","4.79","N","N","N","","",
"光電業","2486","一詮","569217","856","665","677","-1.77%","601","596","0.84%","0.22","不適用","不適用","-","不適用","不適用","-","不適用","不適用","-","不適用","不適用","-","1045","1.05","N","N","Y","本公司薪酬制度係依職務、個人績效、經營成果及市場薪資水準訂定，並透過年度調薪、績效獎金及員工酬勞分享經營成果。年度平均薪資變動受人力結構及新進人員增加等因素影響，整體薪酬政策與經營績效具合理關聯性。","本公司已實施年度調薪及發放績效獎金與員工酬勞，未來將持續依獲利成果及市場薪資水準適時調整薪酬，以提升員工待遇及留任意願。",
"其他電子業","2488","漢平","135004","132","1023","981","4.28%","818","797","2.63%","4.56","不適用","不適用","-","不適用","不適用","-","不適用","不適用","-","不適用","不適用","-","1487","11.09","N","N","N","","",
"光電業","2489","瑞軒","531224","384","1383","1360","1.69%","1232","1200","2.67%","1.22","不適用","不適用","-","不適用","不適用","-","不適用","不適用","-","不適用","不適用","-","1045","1.05","N","N","N","","",
"光電業","2491","吉祥全","5799","10","580","568","2.11%","550","552","-0.36%","1.43","不適用","不適用","-","不適用","不適用","-","不適用","不適用","-","不適用","不適用","-","1045","1.05","N","Y","N","本公司依員工職責考核其績效及對公司之貢獻，並考量公司營運給予相應酬金。本期EPS獲利較同業佳，主係非經常性營業外收入增加，故尚難與同業做客觀比較。","本公司致力於永續經營，為吸引並留任優秀人才，建立完善的員工福利制度，未來將持續優化具競爭力的薪酬與福利政策；另外持續強化產品競爭力並且降低營業成本以增加本業營收及獲利，確保員工薪酬能獲得提升。",
"電子零組件業","2492","華新科","1690144","2231","758","752","0.80%","665","650","2.31%","4.74","            836","不適用","-","            678","不適用","-","            789","不適用","-","            651","不適用","-","1048","7.37","N","N","N","","",
"電子零組件業","2493","揚博","293833","282","1042","954","9.22%","857","870","-1.49%","4.36","不適用","不適用","-","不適用","不適用","-","不適用","不適用","-","不適用","不適用","-","1048","7.37","N","N","N","","",
"電腦及週邊設備業","2495","普安","371702","372","999","976","2.36%","899","855","5.15%","1.13","          1,073","不適用","-","            821","不適用","-","            990","不適用","-","            763","不適用","-","1536","8.64","N","N","N","","",
"其他","2496","卓越","4784","6","797","855","-6.78%","661","852","-22.42%","6.12","不適用","不適用","-","不適用","不適用","-","不適用","不適用","-","不適用","不適用","-","922","2.61","N","Y","N","1.同業組成多元，行業特性差異大，與同業比較基礎有限。
2.EPS貢獻為其重要子公司，母公司非擔任主管職務之全時員工以行政後勤人員為主。
3.114年度新增多位年資未滿一年之基層員工導致平均薪酬受影響。","持續推動員工薪酬優化機制，透過年度調薪、績效獎金、員工分紅及持股信託等措施，並參酌市場薪資水準及內部公平性進行調整，以提升員工留任及激勵效果，共享企業經營成果。",
"汽車工業","2497","怡利電","350326","455","770","724","6.35%","696","646","7.74%","2.37","不適用","不適用","-","不適用","不適用","-","不適用","不適用","-","不適用","不適用","-","890","4.02","N","N","N","","",
"通信網路業","2498","宏達電","1256222","897","1400","1332","5.11%","1139","1092","4.30%","7.21","不適用","不適用","-","不適用","不適用","-","不適用","不適用","-","不適用","不適用","-","1376","4.79","N","N","N","","",
"建材營造","2501","國建","192341","155","1241","1225","1.31%","1137","1095","3.84%","2.83","          1,261","不適用","-","          1,212","不適用","-","          1,177","不適用","-","          1,119","不適用","-","963","2.29","N","N","N","","",
"建材營造","2504","國產","683192","611","1118","1114","0.36%","1109","1118","-0.81%","3.30","          1,127","不適用","-","          1,084","不適用","-","          1,125","不適用","-","          1,039","不適用","-","963","2.29","N","N","N","","",
"建材營造","2505","國揚","130312","78","1671","1099","52.05%","1383","976","41.70%","2.37","不適用","不適用","-","不適用","不適用","-","不適用","不適用","-","不適用","不適用","-","963","2.29","N","N","N","","",
"建材營造","2506","太設","53197","69","771","1002","-23.05%","705","869","-18.87%","0.02","不適用","不適用","-","不適用","不適用","-","不適用","不適用","-","不適用","不適用","-","963","2.29","N","N","N","","",
"建材營造","2509","全坤建","41444","52","797","822","-3.04%","746","773","-3.49%","-0.80","不適用","不適用","-","不適用","不適用","-","不適用","不適用","-","不適用","不適用","-","963","2.29","N","N","N","","",
"建材營造","2511","太子","137682","177","778","721","7.91%","708","660","7.27%","0.33","            888","不適用","-","            707","不適用","-","            803","不適用","-","            682","不適用","-","963","2.29","N","N","N","","",
"其他","2514","龍邦","14099","17","829","868","-4.49%","707","777","-9.01%","1.85","不適用","不適用","-","不適用","不適用","-","不適用","不適用","-","不適用","不適用","-","922","2.61","N","N","N","","",
"建材營造","2515","中工","1142650","1170","977","943","3.61%","887","827","7.26%","0.40","          1,055","不適用","-","            840","不適用","-","            960","不適用","-","            771","不適用","-","963","2.29","N","N","N","","",
"建材營造","2516","新建","570290","910","627","623","0.64%","457","507","-9.86%","1.23","不適用","不適用","-","不適用","不適用","-","不適用","不適用","-","不適用","不適用","-","963","2.29","N","N","N","","",
"建材營造","2520","冠德","89315","75","1191","1561","-23.70%","1092","1416","-22.88%","2.61","不適用","不適用","-","不適用","不適用","-","不適用","不適用","-","不適用","不適用","-","963","2.29","N","N","N","","",
"建材營造","2524","京城","31062","36","863","1116","-22.67%","822","1072","-23.32%","1.71","不適用","不適用","-","不適用","不適用","-","不適用","不適用","-","不適用","不適用","-","963","2.29","N","N","N","","",
"建材營造","2527","宏璟","23990","25","960","896","7.14%","965","878","9.91%","0.93","不適用","不適用","-","不適用","不適用","-","不適用","不適用","-","不適用","不適用","-","963","2.29","N","N","N","","",
"建材營造","2528","皇普","38368","34","1128","1200","-6.00%","942","903","4.32%","3.65","不適用","不適用","-","不適用","不適用","-","不適用","不適用","-","不適用","不適用","-","963","2.29","N","N","Y","本公司依公司章程及薪資作業辦法提撥並發放基層員工酬勞及薪酬。非經理人全時員工平均薪資較前一年度減少，係新進初階職等員工增加，員工總數較去年成長所致，本公司薪酬政策並未異動，尚無不合理情事。","本年度薪資平均數較前一年度減少非受本公司薪酬制度影響。未來將持續定期檢視及評估薪酬制度之合理性，以維護員工權益。",
"建材營造","2530","華建","41445","36","1151","1137","1.23%","1008","1104","-8.70%","2.03","不適用","不適用","-","不適用","不適用","-","不適用","不適用","-","不適用","不適用","-","963","2.29","N","N","N","","",
"建材營造","2534","宏盛","54488","65","838","842","-0.48%","814","763","6.68%","2.06","不適用","不適用","-","不適用","不適用","-","不適用","不適用","-","不適用","不適用","-","963","2.29","N","N","Y","14年因部分建案完工交屋並認列收入，帶動獲利提升，EPS較前一年度提高。惟受非主管職全時員工人數增加、新進人員加入及薪資結構變動影響，薪資平均數呈微幅下降；惟薪資中位數仍有提升，整體薪酬水準仍呈正向趨勢。","本公司將持續依營運成果、個人績效及市場薪資水準，檢討調薪與獎酬制度，並推動人才培育及留任措施，以維持員工薪酬競爭力，促進員工與公司共同成長。",
"建材營造","2535","達欣工","827147","484","1709","1455","17.46%","1563","1313","19.04%","6.50","不適用","不適用","-","不適用","不適用","-","不適用","不適用","-","不適用","不適用","-","963","2.29","N","N","N","","",
"建材營造","2536","宏普","53475","32","1671","1492","12.00%","1572","1427","10.16%","3.19","不適用","不適用","-","不適用","不適用","-","不適用","不適用","-","不適用","不適用","-","963","2.29","N","N","N","","",
"建材營造","2537","聯上發","25970","28","928","1005","-7.66%","906","934","-3.00%","0.15","不適用","不適用","-","不適用","不適用","-","不適用","不適用","-","不適用","不適用","-","963","2.29","N","N","N","","",
"建材營造","2538","基泰","5070","5","1014","1077","-5.85%","955","1037","-7.91%","0.35","不適用","不適用","-","不適用","不適用","-","不適用","不適用","-","不適用","不適用","-","963","2.29","N","N","N","","",
"建材營造","2539","櫻花建","76459","70","1092","1073","1.77%","1019","947","7.60%","3.46","          1,217","不適用","-","            820","不適用","-","          1,102","不適用","-","            729","不適用","-","963","2.29","N","N","N","","",
"建材營造","2540","愛山林","175996","98","1796","3541","-49.28%","854","1942","-56.02%","0.69","不適用","不適用","-","不適用","不適用","-","不適用","不適用","-","不適用","不適用","-","963","2.29","N","N","N","","",
"建材營造","2542","興富發","266621","262","1018","1022","-0.39%","828","788","5.08%","2.10","          1,080","不適用","-","            974","不適用","-","            870","不適用","-","            791","不適用","-","963","2.29","N","N","N","","",
"建材營造","2543","皇昌","1365041","1641","832","792","5.05%","606","541","12.01%","2.69","不適用","不適用","-","不適用","不適用","-","不適用","不適用","-","不適用","不適用","-","963","2.29","N","Y","N","本公司申報114年度之全時員工資訊包含外籍移工，移工佔本國比例約52.6%。","若不含外籍移工本國籍員工年薪平均為1,101(仟元)。",
"建材營造","2545","皇翔","80754","66","1224","1441","-15.06%","1083","1198","-9.60%","1.92","不適用","不適用","-","不適用","不適用","-","不適用","不適用","-","不適用","不適用","-","963","2.29","N","N","N","","",
"建材營造","2546","根基","983143","1111","885","864","2.43%","708","748","-5.35%","9.52","不適用","不適用","-","不適用","不適用","-","不適用","不適用","-","不適用","不適用","-","963","2.29","N","Y","N","本公司皆依當年度經營績效核發員工年度獎金，本年度員工加薪幅度與年度獎金皆創新高，惟因產業缺工，外籍勞工比例攀升，導致本調查數據受結構性影響，若扣除外籍勞工，本國籍員工薪酬實已高於同業平均。","本公司建立與經營績效緊密連結之薪酬機制。每年度追蹤同業薪資市場動態，作為落實調薪之依據；同時將公司整體獲利成果實質回饋於員工之變動獎金與酬勞分配，以確保整體薪酬具備市場競爭力。",
"建材營造","2547","日勝生","87867","93","945","939","0.64%","821","864","-4.98%","2.85","          1,030","不適用","-","            902","不適用","-","            932","不適用","-","            776","不適用","-","963","2.29","N","Y","N","本公司114年度EPS成長係因業外收益所致，非經理人之全時員工薪資平均數雖低於同業水準，但較113年度成長6%。","本公司除於公司章程明定，年度如有獲利，應按一定比率提撥員工酬勞分派予基層員工，與員工共享營運成果外，每年亦依公司營運績效、獲利狀況及同業薪酬水準辦理調薪及發放獎金。",
"建材營造","2548","華固","176969","69","2565","1556","64.85%","1918","1503","27.61%","10.15","不適用","不適用","-","不適用","不適用","-","不適用","不適用","-","不適用","不適用","-","963","2.29","N","N","N","","",
"建材營造","2597","潤弘","1541227","1323","1165","1167","-0.17%","777","894","-13.09%","10.75","不適用","不適用","-","不適用","不適用","-","不適用","不適用","-","不適用","不適用","-","963","2.29","N","N","Y","依據公司&#22892;金辦法，連結公司經營績效及個人目標達成情形發放酬金，因營收獲利均較前一年度增加，故EPS較去年成長亦優於營建同業，惟114年度基層作業人員(移工)大幅增加，故影響整體平均薪資及中位數。","本公司為激勵員工、留任優秀人才，定期檢討&#22892;金辦法，讓同仁之貢獻與&#22892;金得以清楚連結，每年定期檢視調整薪資，確保薪酬水準具市場競爭力，秉持「公司獲利與員工分享」理念、良性循環共享成果。",
"航運業","2601","益航","27839","34","819","918","-10.78%","801","831","-3.61%","-1.63","不適用","不適用","-","不適用","不適用","-","不適用","不適用","-","不適用","不適用","-","1543","4.81","N","N","N","","",
"航運業","2603","長榮","5699577","2897","1967","2523","-22.04%","1807","2415","-25.18%","31.68","          2,039","不適用","-","          1,841","不適用","-","          1,858","不適用","-","          1,777","不適用","-","1543","4.81","N","N","N","","",
"航運業","2605","新興","38151","22","1734","1894","-8.45%","1477","1634","-9.61%","1.45","不適用","不適用","-","不適用","不適用","-","不適用","不適用","-","不適用","不適用","-","1543","4.81","N","N","N","","",
"航運業","2606","裕民","507968","285","1782","1695","5.13%","1562","1462","6.84%","4.31","不適用","不適用","-","不適用","不適用","-","不適用","不適用","-","不適用","不適用","-","1543","4.81","N","N","N","","",
"航運業","2607","榮運","1131666","989","1144","1063","7.62%","1129","1046","7.94%","3.56","不適用","不適用","-","不適用","不適用","-","不適用","不適用","-","不適用","不適用","-","1543","4.81","N","N","N","","",
"航運業","2608","嘉里大榮","2828051","3812","742","727","2.06%","703","689","2.03%","1.97","不適用","不適用","-","不適用","不適用","-","不適用","不適用","-","不適用","不適用","-","1543","4.81","N","N","N","","",
"航運業","2609","陽明","2849154","1674","1702","2342","-27.33%","1528","2048","-25.39%","4.90","          1,846","不適用","-","          1,497","不適用","-","          1,628","不適用","-","          1,395","不適用","-","1543","4.81","N","N","N","","",
"航運業","2610","華航","23345149","9921","2353","2243","4.90%","1793","1722","4.12%","2.42","          2,664","不適用","-","          1,755","不適用","-","          1,880","不適用","-","          1,713","不適用","-","1543","4.81","N","N","N","","",
"航運業","2611","志信","15737","19","828","844","-1.90%","754","792","-4.80%","0.52","不適用","不適用","-","不適用","不適用","-","不適用","不適用","-","不適用","不適用","-","1543","4.81","N","N","N","","",
"航運業","2612","中航","72840","60","1214","1313","-7.54%","1043","1173","-11.08%","5.46","不適用","不適用","-","不適用","不適用","-","不適用","不適用","-","不適用","不適用","-","1543","4.81","N","Y","Y","114年部份高薪人員退休且因儲備幹部增加新進人員，間接影響非經常性薪資總額減少，造成員工薪資平均數下降。","本公司每年度參考物價指數及員工績效考核提升員工薪資，並於公司章程明訂公司如有獲利應提撥員工酬勞分派予基層員工。",
"航運業","2613","中櫃","529897","676","784","638","22.88%","745","609","22.33%","1.14","不適用","不適用","-","不適用","不適用","-","不適用","不適用","-","不適用","不適用","-","1543","4.81","N","N","N","","",
"其他","2614","東森","164446","170","967","1021","-5.29%","910","954","-4.61%","1.99","不適用","不適用","-","不適用","不適用","-","不適用","不適用","-","不適用","不適用","-","922","2.61","N","N","Y","本公司114年營業收入及營業利益較前一年分別減少9%、11%，因此年終獎金發放金額較前一年度減少36%，導致員工薪資平均數較前一年度減少約5%","本公司將持續推動營運效能提升及成本控管，優化資源配置，積極發展創新業務，以提升營運績效及獲利能力，創造企業與員工共享之經營成果。",
"航運業","2615","萬海","2280039","1318","1730","1839","-5.93%","1543","1645","-6.20%","11.21","          1,805","不適用","-","          1,586","不適用","-","          1,549","不適用","-","          1,542","不適用","-","1543","4.81","N","N","N","","",
"油電燃氣業","2616","山隆","392185","590","665","609","9.20%","578","527","9.68%","-6.25","不適用","不適用","-","不適用","不適用","-","不適用","不適用","-","不適用","不適用","-","1261","1.15","N","N","N","","",
"航運業","2617","台航","274660","203","1353","1269","6.62%","1132","1048","8.02%","3.18","不適用","不適用","-","不適用","不適用","-","不適用","不適用","-","不適用","不適用","-","1543","4.81","N","N","N","","",
"航運業","2618","長榮航","19709562","8841","2229","2247","-0.80%","1564","1617","-3.28%","4.84","          3,265","不適用","-","          1,605","不適用","-","          1,779","不適用","-","          1,522","不適用","-","1543","4.81","N","N","N","","",
"航運業","2630","亞航","835693","1112","752","710","5.92%","698","666","4.80%","1.00","不適用","不適用","-","不適用","不適用","-","不適用","不適用","-","不適用","不適用","-","1543","4.81","N","N","N","","",
"航運業","2633","台灣高鐵","6289019","4922","1278","1187","7.67%","1198","1099","9.01%","1.17","          1,330","不適用","-","          1,074","不適用","-","          1,279","不適用","-","          1,060","不適用","-","1543","4.81","N","N","N","","",
"航運業","2634","漢翔","5024959","5122","981","1102","-10.98%","845","948","-10.87%","0.78","不適用","不適用","-","不適用","不適用","-","不適用","不適用","-","不適用","不適用","-","1543","4.81","N","N","N","","",
"航運業","2636","台驊控股","216425","354","611","652","-6.29%","550","567","-3.00%","7.74","不適用","不適用","-","不適用","不適用","-","不適用","不適用","-","不適用","不適用","-","1543","4.81","N","Y","N","本公司屬輕資產物流業，與傳統航運公司在人力與資本配置差異大。薪酬設定依職務、市況與財務體質，將持續優化薪酬制度，強化激勵與永續基礎。","本公司適時調整薪資，導入獎酬連動機制。由人資與薪酬委員會定期檢視薪酬結構，參考市場與產業特性，並強化溝通與透明度，提升員工認同與留任，實踐獲利共享與永續經營。",
"航運業","2642","宅配通","952376","1622","587","593","-1.01%","555","555","0.00%","-1.04","不適用","不適用","-","不適用","不適用","-","不適用","不適用","-","不適用","不適用","-","1543","4.81","N","N","N","","",
"航運業","2645","長榮航太","4213131","3123","1349","1290","4.57%","1276","1292","-1.24%","5.46","不適用","不適用","-","不適用","不適用","-","不適用","不適用","-","不適用","不適用","-","1543","4.81","N","Y","N","本公司業務屬性為飛機維修及零組件製造，與傳統航運業別有所不同，故人力與資本非可同等比較。薪酬設定依職務、市況與財務狀況訂定，將持續優化薪酬制度，強化激勵與永續基礎。","本公司依公司績效適時做薪資調整，由人事與薪酬委員會定期檢視薪酬結構，參考市場與產業特性，並強化溝通與透明度，實踐獲利共享與永續經營。",
"航運業","2646","星宇航空","5252783","4711","1115","1095","1.83%","722","713","1.26%","0.09","          1,437","不適用","-","            772","不適用","-","            821","不適用","-","            672","不適用","-","1543","4.81","N","N","N","","",
"觀光餐旅","2701","萬企","9908","18","550","541","1.66%","537","498","7.83%","0.56","不適用","不適用","-","不適用","不適用","-","不適用","不適用","-","不適用","不適用","-","711","2.66","N","N","N","","",
"觀光餐旅","2702","華園","20718","36","576","574","0.35%","446","437","2.06%","-0.35","不適用","不適用","-","不適用","不適用","-","不適用","不適用","-","不適用","不適用","-","711","2.66","N","N","N","","",
"觀光餐旅","2704","國賓","360625","451","800","769","4.03%","648","630","2.86%","0.57","不適用","不適用","-","不適用","不適用","-","不適用","不適用","-","不適用","不適用","-","711","2.66","N","N","N","","",
"觀光餐旅","2705","六福","419656","697","602","599","0.50%","521","517","0.77%","0.87","不適用","不適用","-","不適用","不適用","-","不適用","不適用","-","不適用","不適用","-","711","2.66","N","N","N","","",
"觀光餐旅","2706","第一店","16910","35","483","462","4.55%","471","462","1.95%","0.65","不適用","不適用","-","不適用","不適用","-","不適用","不適用","-","不適用","不適用","-","711","2.66","Y","N","N","本公司營業收入來自租賃及旅遊，租賃之作業由主管負責，旅遊收入係受大環境及政府政策推動所影響。本公司非主管員工係從事一般基本工作，除有固定薪資保障，並享有津貼、員工酬勞、退休金、勞健保等福利。","積極開發新興客源市場，多元經營，增加收入，以期提高員工薪資平均數。",
"觀光餐旅","2707","晶華","914273","1212","754","710","6.20%","629","589","6.79%","11.42","不適用","不適用","-","不適用","不適用","-","不適用","不適用","-","不適用","不適用","-","711","2.66","N","N","N","","",
"觀光餐旅","2712","遠雄來","159533","300","532","521","2.11%","437","442","-1.13%","-0.38","不適用","不適用","-","不適用","不適用","-","不適用","不適用","-","不適用","不適用","-","711","2.66","N","N","N","","",
"觀光餐旅","2722","夏都","159232","349","456","462","-1.30%","422","417","1.20%","-0.49","不適用","不適用","-","不適用","不適用","-","不適用","不適用","-","不適用","不適用","-","711","2.66","Y","N","N","114年度因營業收入減少產生淨損，公司基於營運績效及成本控管考量，調減獎金發放數，致員工年均薪資下降；惟因基本工資調漲及基層人員薪資調整，帶動薪資中位數較前一年度提高。","公司將持續強化營收來源及成本控管，並視營運績效及財務狀況審慎規劃獎酬制度，以兼顧永續經營、員工激勵及薪酬合理性。",
"觀光餐旅","2727","王品","2767663","3681","752","704","6.82%","620","584","6.16%","16.02","不適用","不適用","-","不適用","不適用","-","不適用","不適用","-","不適用","不適用","-","711","2.66","N","N","N","","",
"觀光餐旅","2731","雄獅","1273780","1630","781","704","10.94%","683","595","14.79%","17.49","            796","不適用","-","            777","不適用","-","            681","不適用","-","            683","不適用","-","711","2.66","N","N","N","公司經營績效與員工薪酬呈正向連動關係。114年受獲利成長帶動，整體薪酬結構同步優化並適度調升，充分反映營運成果共享精神。整體薪酬水準具外部市場競爭力，並持續維持內部公平性與一致性。","持續強化獎酬與績效連動，將變動獎金與公司獲利及關鍵績效指標緊密結合，使員工共享營運成果；定期檢視市場薪資水準，依產業趨勢適度調整薪酬結構，以維持外部競爭力；同步優化關鍵人才留任與發展措施。",
"觀光餐旅","2739","寒舍","1117933","1504","743","725","2.48%","648","626","3.51%","2.36","不適用","不適用","-","不適用","不適用","-","不適用","不適用","-","不適用","不適用","-","711","2.66","N","N","N","","",
"觀光餐旅","2748","雲品","447622","623","718","702","2.28%","617","585","5.47%","2.17","不適用","不適用","-","不適用","不適用","-","不適用","不適用","-","不適用","不適用","-","711","2.66","N","N","N","","",
"觀光餐旅","2753","八方雲集","578222","613","943","856","10.16%","828","750","10.40%","12.84","不適用","不適用","-","不適用","不適用","-","不適用","不適用","-","不適用","不適用","-","711","2.66","N","N","N","","",
"金融保險業","2801","彰銀","9867520","6334","1558","1494","4.28%","1455","1391","4.60%","1.51","          1,557","不適用","-","          1,558","不適用","-","          1,444","不適用","-","          1,458","不適用","-","1592","2.67","N","N","N","","",
"金融保險業","2812","台中銀","3587881","2826","1270","1236","2.75%","1016","1004","1.20%","1.53","          1,329","不適用","-","          1,154","不適用","-","          1,174","不適用","-","            936","不適用","-","1592","2.67","N","N","N","","",
"金融保險業","2816","旺旺保","1188167","1033","1150","1137","1.14%","893","876","1.94%","4.66","不適用","不適用","-","不適用","不適用","-","不適用","不適用","-","不適用","不適用","-","1592","2.67","N","Y","N","此統計涵蓋金控、銀行、證券、產險、壽險，各業者之資本與經營規模差異甚大，實難合理比較員工實質薪資水準。本公司會參酌盈餘概況並據以調升員工薪資、獎金，與產險同業相較，並未有異常低於同業之不合理情事。","公司每年均視歷年營運獲利情形，參考員工績效並考量同業薪資水準，評估調升員工薪資。",
"金融保險業","2820","華票","224814","133","1690","1571","7.57%","1497","1463","2.32%","1.34","          1,741","不適用","-","          1,567","不適用","-","          1,591","不適用","-","          1,384","不適用","-","1592","2.67","N","N","N","","",
"金融保險業","2832","台產","947249","857","1105","1076","2.70%","882","836","5.50%","3.91","不適用","不適用","-","不適用","不適用","-","不適用","不適用","-","不適用","不適用","-","1592","2.67","N","Y","N","金融保險業涵蓋金控、銀行、證券及產壽險等不同行業，各業者市場規模及行業特性不盡相同，薪酬水平亦有差異。本公司每股盈餘較去年成長，同時，員工平均薪資、獎金亦較前一年度1,076仟元增加，與經營績效成正比。","公司將持續優化薪酬福利制度及增進員工薪資福利。",
"金融保險業","2834","臺企銀","7608945","5200","1463","1393","5.03%","1332","1238","7.59%","1.26","          1,536","不適用","-","          1,408","不適用","-","          1,431","不適用","-","          1,256","不適用","-","1592","2.67","N","N","N","","",
"金融保險業","2836","高雄銀","1378173","1119","1232","1206","2.16%","1067","1061","0.57%","0.68","          1,253","不適用","-","          1,214","不適用","-","          1,157","不適用","-","          1,000","不適用","-","1592","2.67","N","N","N","","",
"金融保險業","2838","聯邦銀","3738882","3643","1026","1027","-0.10%","908","900","0.89%","1.29","          1,057","不適用","-","          1,009","不適用","-","            944","不適用","-","            890","不適用","-","1592","2.67","N","N","Y","本行EPS較去年成長，近年本行持續辦理年度調薪，員工薪資中位數亦較去年增加，與公司經營績效成正比，惟去年變動獎金微幅減少，導致114年度薪資平均數減少0.1%。","115年本行亦持續辦理年度調薪及發給員工酬勞，確實將經營績效回饋於員工，落實照顧員工之企業社會責任。",
"金融保險業","2845","遠東銀","3089660","2242","1378","1362","1.17%","1252","1208","3.64%","0.93","          1,488","不適用","-","          1,310","不適用","-","          1,376","不適用","-","          1,189","不適用","-","1592","2.67","N","N","N","","",
"金融保險業","2849","安泰銀","1574105","1451","1085","1033","5.03%","912","843","8.19%","0.79","          1,178","不適用","-","          1,025","不適用","-","            984","不適用","-","            882","不適用","-","1592","2.67","N","N","N","","",
"金融保險業","2850","新產","1922690","1494","1287","1234","4.30%","1034","985","4.97%","12.28","不適用","不適用","-","不適用","不適用","-","不適用","不適用","-","不適用","不適用","-","1592","2.67","N","Y","N","金融保險業涵蓋金控、銀行、保險及證券等，性質、規模及薪酬結構差異甚大，薪酬水準宜綜合考量比較。近年員工薪酬於上市產險業中維持相對較高水準且較前一年提升，顯示重視人才留任及落實員工福利政策。","本公司每年皆有升遷及薪資調整機制，定期檢視員工薪酬，以激勵人才留任與成長。近年持續積極延攬優秀人才，藉由導入多元專業知識與創新思維，提升組織競爭力及創新發展動能，落實人才培育及永續經營理念。",
"金融保險業","2851","中再保","307823","152","2025","1791","13.07%","1537","1497","2.67%","3.66","不適用","不適用","-","不適用","不適用","-","不適用","不適用","-","不適用","不適用","-","1592","2.67","N","N","N","","",
"金融保險業","2852","第一保","899183","783","1148","1167","-1.63%","960","953","0.73%","2.92","不適用","不適用","-","不適用","不適用","-","不適用","不適用","-","不適用","不適用","-","1592","2.67","N","Y","N","本公司雖獲利與薪資較前一年度下滑，但薪酬降幅小於EPS跌幅，兩者具正向關聯與合理性。","1.營運盈餘提升時，優先規劃調薪與提撥績效獎金，實質回饋員工。
2.持續檢視同業薪資市場水準並動態調整，提升市場競爭力。",
"金融保險業","2855","統一證","2678922","1475","1816","1868","-2.78%","1218","1209","0.74%","3.00","          1,948","不適用","-","          1,732","不適用","-","          1,253","不適用","-","          1,193","不適用","-","1592","2.67","N","N","N","","",
"金融保險業","2867","三商壽","1709405","1647","1038","998","4.01%","886","863","2.67%","0.20","          1,171","不適用","-","            964","不適用","-","          1,000","不適用","-","            842","不適用","-","1592","2.67","N","N","N","","",
"金融保險業","2880","華南金","15519624","10147","1529","1443","5.96%","1322","1246","6.10%","1.90","          1,596","不適用","-","          1,439","不適用","-","          1,392","不適用","-","          1,281","不適用","-","1592","2.67","N","N","N","","",
"金融保險業","2881","富邦金","30130746","17445","1727","1624","6.34%","1372","1293","6.11%","8.37","          1,817","不適用","-","          1,674","不適用","-","          1,455","不適用","-","          1,327","不適用","-","1592","2.67","N","N","N","","",
"金融保險業","2882","國泰金","38556454","21708","1776","1680","5.71%","1346","1298","3.70%","7.06","          1,880","不適用","-","          1,711","不適用","-","          1,487","不適用","-","          1,257","不適用","-","1592","2.67","N","N","N","","",
"金融保險業","2883","凱基金","12851722","7836","1640","1652","-0.73%","1301","1293","0.62%","1.74","          1,765","不適用","-","          1,565","不適用","-","          1,387","不適用","-","          1,255","不適用","-","1592","2.67","N","N","N","","",
"金融保險業","2884","玉山金","11673346","7766","1503","1366","10.03%","1308","1229","6.43%","2.12","          1,666","不適用","-","          1,390","不適用","-","          1,525","不適用","-","          1,203","不適用","-","1592","2.67","N","N","N","","",
"金融保險業","2885","元大金","17452096","10204","1710","1648","3.76%","1415","1397","1.29%","2.74","          1,817","不適用","-","          1,653","不適用","-","          1,465","不適用","-","          1,397","不適用","-","1592","2.67","N","N","N","","",
"金融保險業","2886","兆豐金","13796245","8153","1692","1705","-0.76%","1442","1446","-0.28%","2.36","          1,759","不適用","-","          1,648","不適用","-","          1,481","不適用","-","          1,410","不適用","-","1592","2.67","N","N","Y","金控EPS係各子公司合併之經營績效結果，雖114年每股盈餘較113年略增，惟各子公司經營績效不一，由於員工當年度支領之獎酬係依前一年度績效計算，113年部分子公司營運受大環境影響，以致114年獎酬金額略為衰退。","本公司持續關注各子公司營運績效及員工薪資福利，以確保員工薪酬與公司同步成長。",
"金融保險業","2887","台新新光金","25831255","17399","1485","1511","-1.72%","1166","1209","-3.56%","1.91","          1,620","不適用","-","          1,403","不適用","-","          1,284","不適用","-","          1,108","不適用","-","1592","2.67","N","N","Y","114年因金控合併，統計範圍及人員結構與前一年度不同，薪資平均數及中位數之變動主要反映合併後整體結構差異。","114年因金控合併，統計範圍及人員結構與前一年度不同，薪資平均數及中位數之變動主要反映合併後整體結構差異。",
"金融保險業","2889","國票金","1759028","1276","1379","1376","0.22%","988","1037","-4.73%","0.63","          1,519","不適用","-","          1,285","不適用","-","          1,053","不適用","-","            954","不適用","-","1592","2.67","N","N","N","","",
"金融保險業","2890","永豐金","13736535","8508","1615","1526","5.83%","1305","1261","3.49%","1.97","          1,740","不適用","-","          1,539","不適用","-","          1,410","不適用","-","          1,252","不適用","-","1592","2.67","N","N","N","","",
"金融保險業","2891","中信金","28223006","15505","1820","1704","6.81%","1407","1349","4.30%","4.08","          1,902","不適用","-","          1,771","不適用","-","          1,512","不適用","-","          1,356","不適用","-","1592","2.67","N","N","N","","",
"金融保險業","2892","第一金","13769913","8498","1620","1539","5.26%","1473","1402","5.06%","1.87","          1,641","不適用","-","          1,607","不適用","-","          1,481","不適用","-","          1,468","不適用","-","1592","2.67","N","N","N","","",
"金融保險業","2897","王道銀行","1300494","1006","1293","1344","-3.79%","1067","1109","-3.79%","0.61","          1,382","不適用","-","          1,202","不適用","-","          1,139","不適用","-","          1,009","不適用","-","1592","2.67","N","N","N","","",
"貿易百貨","2901","欣欣","18062","22","821","792","3.66%","744","705","5.53%","0.38","不適用","不適用","-","不適用","不適用","-","不適用","不適用","-","不適用","不適用","-","900","3.74","N","N","N","","",
"貿易百貨","2903","遠百","899303","1136","792","788","0.51%","733","732","0.14%","1.56","            895","不適用","-","            733","不適用","-","            826","不適用","-","            681","不適用","-","900","3.74","N","N","N","","",
"其他","2904","匯僑","43860","58","756","777","-2.70%","700","737","-5.02%","0.98","不適用","不適用","-","不適用","不適用","-","不適用","不適用","-","不適用","不適用","-","922","2.61","N","N","N","","",
"貿易百貨","2905","三商","1723847","1656","1041","1000","4.10%","886","863","2.67%","0.71","          1,185","不適用","-","            970","不適用","-","          1,000","不適用","-","            841","不適用","-","900","3.74","N","N","N","","",
"貿易百貨","2906","高林","96232","152","633","620","2.10%","589","559","5.37%","0.47","            629","不適用","-","            635","不適用","-","            557","不適用","-","            601","不適用","-","900","3.74","N","N","N","","",
"貿易百貨","2908","特力","210688","193","1092","999","9.31%","982","870","12.87%","0.23","不適用","不適用","-","不適用","不適用","-","不適用","不適用","-","不適用","不適用","-","900","3.74","N","N","N","","",
"貿易百貨","2910","統領","36651","54","679","657","3.35%","609","599","1.67%","1.23","不適用","不適用","-","不適用","不適用","-","不適用","不適用","-","不適用","不適用","-","900","3.74","N","N","N","","",
"貿易百貨","2911","麗嬰房","269391","470","573","557","2.87%","513","513","0.00%","2.15","不適用","不適用","-","不適用","不適用","-","不適用","不適用","-","不適用","不適用","-","900","3.74","N","N","N","","",
"貿易百貨","2912","統一超","6261363","5768","1086","1080","0.56%","911","908","0.33%","10.78","          1,212","不適用","-","            988","不適用","-","            944","不適用","-","            883","不適用","-","900","3.74","N","N","N","","",
"貿易百貨","2913","農林","114226","182","628","616","1.95%","541","528","2.46%","-0.15","不適用","不適用","-","不適用","不適用","-","不適用","不適用","-","不適用","不適用","-","900","3.74","N","N","N","","",
"貿易百貨","2915","潤泰全","253067","403","628","605","3.80%","478","457","4.60%","9.29","            685","不適用","-","            600","不適用","-","            450","不適用","-","            489","不適用","-","900","3.74","N","Y","N","本公司獲利中包含轉投資收益及投資性不動產評價利益，所佔比率較高,若排除後則獲利未能優於同業;又所營零售業務及量販店等屬人力需求較高行業,因受景氣等因素的影響經營績效及員工薪酬亦受影響。","透過有效之績效獎金辦法，激勵同仁致力提昇業績，俾使公司整體獲利增加，並與員工分享合理報償，提高員工之薪酬",
"貿易百貨","2945","三商家購","992117","1953","508","485","4.74%","443","414","7.00%","2.14","不適用","不適用","-","不適用","不適用","-","不適用","不適用","-","不適用","不適用","-","900","3.74","N","N","N","","",
"電腦及週邊設備業","3002","歐格","30350","33","920","911","0.99%","845","833","1.44%","0.36","不適用","不適用","-","不適用","不適用","-","不適用","不適用","-","不適用","不適用","-","1536","8.64","N","N","N","","",
"電子零組件業","3003","健和興","499243","768","650","660","-1.52%","594","605","-1.82%","0.99","不適用","不適用","-","不適用","不適用","-","不適用","不適用","-","不適用","不適用","-","1048","7.37","N","N","N","","",
"鋼鐵工業","3004","豐達科","469446","508","924","979","-5.62%","816","804","1.49%","5.85","不適用","不適用","-","不適用","不適用","-","不適用","不適用","-","不適用","不適用","-","1016","0.47","N","Y","N","本公司該年度非主管人員平均薪資924千元，略低於同業平均1,016千元，惟整體薪資配置尚屬合理；
每股盈餘5.85元優於同業0.47元，顯示薪酬與經營績效具一定連動性。","&#8226;  優化績效與薪酬連結：強化評核機制，提升薪酬與績效之連動性與公平性。 
&#8226;  確保外部競爭力：檢視市場薪資並適時調整。 
&#8226;  提升制度透明與整體報酬：加強溝通並持續優化福利與獎酬措施。",
"電腦及週邊設備業","3005","神基","1019614","533","1913","1795","6.57%","1589","1565","1.53%","8.43","不適用","不適用","-","不適用","不適用","-","不適用","不適用","-","不適用","不適用","-","1536","8.64","N","N","N","","",
"半導體業","3006","晶豪科","1207654","573","2108","2113","-0.24%","1938","1969","-1.57%","0.87","不適用","不適用","-","不適用","不適用","-","不適用","不適用","-","不適用","不適用","-","2233","26.52","N","N","N","","",
"光電業","3008","大立光","9608047","7989","1203","1319","-8.79%","896","927","-3.34%","159.41","不適用","不適用","-","不適用","不適用","-","不適用","不適用","-","不適用","不適用","-","1045","1.05","N","N","N","","",
"電子通路業","3010","華立","527636","352","1499","1468","2.11%","1222","1182","3.38%","8.84","不適用","不適用","-","不適用","不適用","-","不適用","不適用","-","不適用","不適用","-","1126","5.43","N","N","N","","",
"電子零組件業","3011","今皓","26928","32","842","881","-4.43%","651","698","-6.73%","-2.55","不適用","不適用","-","不適用","不適用","-","不適用","不適用","-","不適用","不適用","-","1048","7.37","N","N","N","","",
"電腦及週邊設備業","3013","晟銘電","110993","128","867","977","-11.26%","778","928","-16.16%","4.03","不適用","不適用","-","不適用","不適用","-","不適用","不適用","-","不適用","不適用","-","1536","8.64","N","N","Y","114年度因應中壢廠生產需求，招募以基層產線作業人員為主，該職類人數較前一年增加約一倍，且逾五成到職未滿半年，致該年度薪資平均數受職類別、年資期間影響。","公司重視人才價值，持續檢視薪酬結構，並依中壢廠營運發展及新進員工年資累積情形，透過績效調薪、年終獎金及激勵措施，維持及提升非主管全時員工薪酬競爭力。",
"半導體業","3014","聯陽","1106057","442","2502","2629","-4.83%","2297","2435","-5.67%","9.51","不適用","不適用","-","不適用","不適用","-","不適用","不適用","-","不適用","不適用","-","2233","26.52","N","N","N","","",
"電子零組件業","3015","全漢","740835","751","986","1001","-1.50%","852","819","4.03%","1.86","不適用","不適用","-","不適用","不適用","-","不適用","不適用","-","不適用","不適用","-","1048","7.37","N","N","N","","",
"半導體業","3016","嘉晶","616036","684","901","940","-4.15%","837","872","-4.01%","0.07","不適用","不適用","-","不適用","不適用","-","不適用","不適用","-","不適用","不適用","-","2233","26.52","N","N","N","","",
"電腦及週邊設備業","3017","奇鋐","819903","555","1477","1253","17.88%","1221","1064","14.76%","49.17","不適用","不適用","-","不適用","不適用","-","不適用","不適用","-","不適用","不適用","-","1536","8.64","N","Y","N","本公司員工薪酬係依據各工作職能及績效，實施績效承諾制度，以績效結果做為獎金、晉升及調薪之參考，並視公司整體營運成果狀況給予及調整；
本年度非主管職務之全時員工薪資平均數及中位數均較上年度成長。","依不同的職務進行市場水平薪資調查，並視營運結果及依個人績效考核結果進行調整之建議。",
"其他電子業","3018","隆銘綠能","36984","49","755","834","-9.47%","699","770","-9.22%","-2.16","不適用","不適用","-","不適用","不適用","-","不適用","不適用","-","不適用","不適用","-","1487","11.09","N","N","N","","",
"光電業","3019","亞光","997579","969","1029","1017","1.18%","878","862","1.86%","6.60","不適用","不適用","-","不適用","不適用","-","不適用","不適用","-","不適用","不適用","-","1045","1.05","N","Y","N","公司注重員工薪酬及福利，並視員工為公司重要資產，公司經營續效較去年成長，且員工平均薪資較前一年度略增，如扣除外藉人士，員工薪資-平均數(仟元/人)為1,134仟元，高於同業平均薪資水準。","本公司每年除參考市場薪酬調查，依據市場薪資水準，公司經營績效後進行薪資調整，114年度本公司非主管職務之員工本國人平均薪資較去年成長3%，以維持整體，薪酬競爭力。",
"電子零組件業","3021","鴻名","138637","180","770","732","5.19%","611","599","2.00%","0.33","不適用","不適用","-","不適用","不適用","-","不適用","不適用","-","不適用","不適用","-","1048","7.37","N","N","N","","",
"電腦及週邊設備業","3022","威強電","429550","402","1069","1124","-4.89%","964","1007","-4.27%","4.63","不適用","不適用","-","不適用","不適用","-","不適用","不適用","-","不適用","不適用","-","1536","8.64","N","N","N","","",
"電子零組件業","3023","信邦","896116","1199","747","759","-1.58%","572","573","-0.17%","13.02","不適用","不適用","-","不適用","不適用","-","不適用","不適用","-","不適用","不適用","-","1048","7.37","N","Y","N","國內工廠產線人員約45%，不宜與國內無工廠公司評比。
獲利主要來自投資收益，77%為業外投資；EPS比去年略減，整體收益未增長。員工平均薪資與去年相比雖未成長，但近年薪資仍為正成長。","公司每年依營運及員工績效並參考市場水平調薪，依職務設置獎金制度及發放員工紅利做為激勵，另有員工信託持股計劃，相對提撥一定比例與員工共享營運成果。且於2026年調整薪酬結構，積極優化員工薪酬。",
"光電業","3024","憶聲","23973","34","705","678","3.98%","612","627","-2.39%","0.28","不適用","不適用","-","不適用","不適用","-","不適用","不適用","-","不適用","不適用","-","1045","1.05","N","N","N","","",
"通信網路業","3025","星通","156030","148","1054","1061","-0.66%","959","907","5.73%","3.45","不適用","不適用","-","不適用","不適用","-","不適用","不適用","-","不適用","不適用","-","1376","4.79","N","N","N","","",
"電子零組件業","3026","禾伸堂","896320","972","922","843","9.37%","800","737","8.55%","6.58","不適用","不適用","-","不適用","不適用","-","不適用","不適用","-","不適用","不適用","-","1048","7.37","N","N","N","","",
"通信網路業","3027","盛達","52684","63","836","868","-3.69%","826","882","-6.35%","-1.06","不適用","不適用","-","不適用","不適用","-","不適用","不適用","-","不適用","不適用","-","1376","4.79","N","N","N","","",
"電子通路業","3028","增你強","376178","320","1176","968","21.49%","1066","877","21.55%","3.15","不適用","不適用","-","不適用","不適用","-","不適用","不適用","-","不適用","不適用","-","1126","5.43","N","N","N","","",
"資訊服務業","3029","零壹","474061","388","1222","1149","6.35%","986","926","6.48%","6.53","不適用","不適用","-","不適用","不適用","-","不適用","不適用","-","不適用","不適用","-","1118","4.37","N","N","N","","",
"其他電子業","3030","德律","935862","599","1562","1348","15.88%","1358","1168","16.27%","10.49","不適用","不適用","-","不適用","不適用","-","不適用","不適用","-","不適用","不適用","-","1487","11.09","N","N","N","","",
"光電業","3031","佰鴻","51439","64","804","815","-1.35%","728","760","-4.21%","1.09","不適用","不適用","-","不適用","不適用","-","不適用","不適用","-","不適用","不適用","-","1045","1.05","N","Y","N","本公司114年度EPS高於同業平均值，但因新增較多基層人員，致員工平均薪資及中位數薪資下降，而有低於同業平均水準的情形。","本公司持續維持穩定的薪資政策，每年固定兩次檢討員工薪資，並依年資提供加給，114年起依據新修訂之公司章程基層員工的員工酬勞分配規定，使基層員工薪資更有保障。",
"電子零組件業","3032","偉訓","110531","126","877","1190","-26.30%","834","1067","-21.84%","-7.93","不適用","不適用","-","不適用","不適用","-","不適用","不適用","-","不適用","不適用","-","1048","7.37","N","N","N","","",
"電子通路業","3033","威健","594693","469","1268","1291","-1.78%","1131","1128","0.27%","1.81","          1,496","不適用","-","          1,003","不適用","-","          1,365","不適用","-","            906","不適用","-","1126","5.43","N","N","N","","",
"半導體業","3034","聯詠","10601918","3266","3246","3521","-7.81%","2652","2865","-7.43%","26.87","不適用","不適用","-","不適用","不適用","-","不適用","不適用","-","不適用","不適用","-","2233","26.52","N","N","N","","",
"半導體業","3035","智原","1248299","617","2023","2089","-3.16%","1752","1802","-2.77%","2.81","不適用","不適用","-","不適用","不適用","-","不適用","不適用","-","不適用","不適用","-","2233","26.52","N","N","N","","",
"電子通路業","3036","文曄","1548274","989","1565","1486","5.32%","1245","1178","5.69%","11.61","          1,820","不適用","-","          1,219","不適用","-","          1,566","不適用","-","            914","不適用","-","1126","5.43","N","N","N","","",
"電子零組件業","3037","欣興","13366709","16085","831","820","1.34%","697","692","0.72%","4.38","            903","不適用","-","            724","不適用","-","            763","不適用","-","            597","不適用","-","1048","7.37","N","N","N","","",
"光電業","3038","全台","522131","785","665","674","-1.34%","545","542","0.55%","1.10","不適用","不適用","-","不適用","不適用","-","不適用","不適用","-","不適用","不適用","-","1045","1.05","N","Y","N","本公司主要以台灣為生產基地，產線基層作業人員佔總人數比重逾半，在與同業人力結構不同情況下，致員工薪資平均數低於同業水準。","每年度依營運目標達成及獲利狀況持續提升員工薪資水準，與員工共享公司成就。",
"其他","3040","遠見","10917","13","840","866","-3.00%","929","903","2.88%","0.32","不適用","不適用","-","不適用","不適用","-","不適用","不適用","-","不適用","不適用","-","922","2.61","N","N","N","","",
"半導體業","3041","揚智","142868","80","1786","1718","3.96%","1713","1662","3.07%","-3.43","不適用","不適用","-","不適用","不適用","-","不適用","不適用","-","不適用","不適用","-","2233","26.52","N","N","N","","",
"電子零組件業","3042","晶技","947089","875","1082","1090","-0.73%","863","849","1.65%","5.28","不適用","不適用","-","不適用","不適用","-","不適用","不適用","-","不適用","不適用","-","1048","7.37","N","N","N","","",
"其他電子業","3043","科風","94974","181","525","549","-4.37%","442","549","-19.49%","-2.67","不適用","不適用","-","不適用","不適用","-","不適用","不適用","-","不適用","不適用","-","1487","11.09","N","N","N","","",
"電子零組件業","3044","健鼎","760653","968","786","735","6.94%","529","462","14.50%","19.45","不適用","不適用","-","不適用","不適用","-","不適用","不適用","-","不適用","不適用","-","1048","7.37","N","Y","N","公司員工薪酬係參考PCB同業水準並依各廠營運貢獻與人員職級按薪酬規則訂定；因產業特性需要,相較其他電子零組件業,製程直接員工佔比高,應對人力需求結構,產線作業員額相對偏高,致薪資平均數低於同業水準。","本公司台灣廠區員工多為產線基本作業人力,基層員工佔比較高,與其他同業人力資源結構不同。
公司獲利穩定,將持續依員工績效表現給予相應之調薪,並參考PCB同業薪資趨勢核定薪酬。",
"通信網路業","3045","台灣大","5011970","4265","1175","1163","1.03%","1030","1004","2.59%","4.77","          1,251","不適用","-","          1,072","不適用","-","          1,127","不適用","-","            944","不適用","-","1376","4.79","N","N","N","","",
"電腦及週邊設備業","3046","建碁","28768","21","1370","1367","0.22%","1472","1497","-1.67%","4.01","不適用","不適用","-","不適用","不適用","-","不適用","不適用","-","不適用","不適用","-","1536","8.64","N","N","N","","",
"通信網路業","3047","訊舟","274498","280","980","1108","-11.55%","884","1014","-12.82%","-0.90","不適用","不適用","-","不適用","不適用","-","不適用","不適用","-","不適用","不適用","-","1376","4.79","N","N","N","","",
"電子通路業","3048","益登","508524","352","1445","1155","25.11%","1238","1014","22.09%","2.01","不適用","不適用","-","不適用","不適用","-","不適用","不適用","-","不適用","不適用","-","1126","5.43","N","N","N","","",
"光電業","3049","精金","186689","252","741","750","-1.20%","696","690","0.87%","-0.64","不適用","不適用","-","不適用","不適用","-","不適用","不適用","-","不適用","不適用","-","1045","1.05","N","N","Y","公司屬光電製造業，基層產線人員占比高，當年度因應市場調整與產線轉型進行人力成本控管與優化，致使EPS提升。另因人力調整導致部分同仁在職月份不完整未參與年終分配，年度總薪資較低，納入平均後拉低整體數值。","本公司因營運轉型辦理人力優化，受調整同仁因在職月份不完整且未參與年末分紅，薪資總額較低，拉低全年平均。惟留任核心團隊之薪資福利未受影響，未來將隨獲利增長穩健提升在職員工待遇。",
"光電業","3050","鈺德","108541","176","617","631","-2.22%","578","577","0.17%","0.04","不適用","不適用","-","不適用","不適用","-","不適用","不適用","-","不適用","不適用","-","1045","1.05","N","N","N","員工薪資除固定薪資外,亦連結與營收連結之績效相關獎金,平均薪酬較去年降低,乃因變動薪資滅少所致","改善人力結構、增加營收",
"光電業","3051","力特","340701","558","611","588","3.91%","581","557","4.31%","1.01","不適用","不適用","-","不適用","不適用","-","不適用","不適用","-","不適用","不適用","-","1045","1.05","N","N","N","","",
"建材營造","3052","夆典","82088","109","753","736","2.31%","698","687","1.60%","1.10","不適用","不適用","-","不適用","不適用","-","不適用","不適用","-","不適用","不適用","-","963","2.29","N","N","N","","",
"食品工業","3054","立萬利","31588","29","1089","929","17.22%","959","840","14.17%","1.96","不適用","不適用","-","不適用","不適用","-","不適用","不適用","-","不適用","不適用","-","875","2.70","N","N","N","","",
"電子通路業","3055","蔚華科","81425","65","1253","1185","5.74%","964","1035","-6.86%","-2.68","不適用","不適用","-","不適用","不適用","-","不適用","不適用","-","不適用","不適用","-","1126","5.43","N","N","N","","",
"建材營造","3056","富華新","15408","25","616","1024","-39.84%","602","981","-38.63%","1.07","不適用","不適用","-","不適用","不適用","-","不適用","不適用","-","不適用","不適用","-","963","2.29","N","N","N","","",
"電腦及週邊設備業","3057","喬鼎","114783","94","1221","1151","6.08%","1043","1029","1.36%","-0.88","不適用","不適用","-","不適用","不適用","-","不適用","不適用","-","不適用","不適用","-","1536","8.64","N","N","N","","",
"電子零組件業","3058","立德","114793","152","755","733","3.00%","631","520","21.35%","-1.44","不適用","不適用","-","不適用","不適用","-","不適用","不適用","-","不適用","不適用","-","1048","7.37","N","N","N","","",
"光電業","3059","華晶科","317896","215","1479","1431","3.35%","1414","1258","12.40%","1.24","不適用","不適用","-","不適用","不適用","-","不適用","不適用","-","不適用","不適用","-","1045","1.05","N","N","N","","",
"電腦及週邊設備業","3060","銘異","155161","221","702","685","2.48%","648","617","5.02%","-0.39","不適用","不適用","-","不適用","不適用","-","不適用","不適用","-","不適用","不適用","-","1536","8.64","N","N","N","","",
"通信網路業","3062","建漢","312807","227","1378","1198","15.03%","1293","1140","13.42%","0.68","不適用","不適用","-","不適用","不適用","-","不適用","不適用","-","不適用","不適用","-","1376","4.79","N","N","N","","",
"電子零組件業","3090","日電貿","134081","144","931","887","4.96%","778","753","3.32%","5.48","不適用","不適用","-","不適用","不適用","-","不適用","不適用","-","不適用","不適用","-","1048","7.37","N","N","N","","",
"電子零組件業","3092","鴻碩","3000","9","333","703","-52.63%","599","635","-5.67%","-5.14","不適用","不適用","-","不適用","不適用","-","不適用","不適用","-","不適用","不適用","-","1048","7.37","Y","N","N","1.係因114年度下半年員工人數增加，統計員工薪資總額含未滿六個月之人數、薪資，以致員工薪資-平均數較低:若年資換算全年度薪資檢視，員工薪資-平均數為630仟元。
2.114年度為稅後淨損，以致未發放員工紅利。","未來將視公司營運績效適時調整員工薪酬。",
"半導體業","3094","聯傑","62453","54","1157","1141","1.40%","1144","1097","4.28%","0.25","不適用","不適用","-","不適用","不適用","-","不適用","不適用","-","不適用","不適用","-","2233","26.52","N","N","N","","",
"數位雲端","3130","一零四","1261000","901","1400","1351","3.63%","1248","1210","3.14%","14.70","不適用","不適用","-","不適用","不適用","-","不適用","不適用","-","不適用","不適用","-","1034","6.89","N","N","N","","",
"半導體業","3135","凌航","57414","58","990","0","0.00%","647","0","0.00%","6.33","不適用","不適用","-","不適用","不適用","-","不適用","不適用","-","不適用","不適用","-","2233","26.52","N","N","N","","",
"通信網路業","3138","耀登","129484","120","1079","1185","-8.95%","913","986","-7.40%","1.50","不適用","不適用","-","不適用","不適用","-","不適用","不適用","-","不適用","不適用","-","1376","4.79","N","N","N","","",
"光電業","3149","正達","228129","349","654","621","5.31%","570","535","6.54%","-2.86","不適用","不適用","-","不適用","不適用","-","不適用","不適用","-","不適用","不適用","-","1045","1.05","N","N","N","","",
"半導體業","3150","鈺寶-創","65185","48","1358","1270","6.93%","1212","1099","10.28%","-0.22","不適用","不適用","-","不適用","不適用","-","不適用","不適用","-","不適用","不適用","-","2233","26.52","N","N","N","","",
"生技醫療業","3164","景岳","66057","110","601","601","0.00%","553","553","0.00%","0.66","不適用","不適用","-","不適用","不適用","-","不適用","不適用","-","不適用","不適用","-","870","2.67","N","N","N","","",
"電機機械","3167","大量","181707","190","956","783","22.09%","852","717","18.83%","8.13","不適用","不適用","-","不適用","不適用","-","不適用","不適用","-","不適用","不適用","-","910","1.58","N","N","N","","",
"光電業","3168","眾福科","151563","130","1166","1225","-4.82%","947","1018","-6.97%","2.61","不適用","不適用","-","不適用","不適用","-","不適用","不適用","-","不適用","不適用","-","1045","1.05","N","N","N","","",
"半導體業","3189","景碩","4755504","6101","779","736","5.84%","658","634","3.79%","3.51","不適用","不適用","-","不適用","不適用","-","不適用","不適用","-","不適用","不適用","-","2233","26.52","N","N","N","","",
"電子通路業","3209","全科","259971","220","1182","1150","2.78%","1017","1007","0.99%","3.02","不適用","不適用","-","不適用","不適用","-","不適用","不適用","-","不適用","不適用","-","1126","5.43","N","N","N","","",
"電子零組件業","3229","晟鈦","117076","200","585","565","3.54%","541","534","1.31%","-0.43","不適用","不適用","-","不適用","不適用","-","不適用","不適用","-","不適用","不適用","-","1048","7.37","N","N","N","","",
"電腦及週邊設備業","3231","緯創","20977997","13999","1499","1443","3.88%","1197","1253","-4.47%","9.04","          1,681","不適用","-","          1,198","不適用","-","          1,403","不適用","-","            916","不適用","-","1536","8.64","N","Y","N","114年整體人數增加26%，其中直接員工較去年增加1.05倍，直接員工占整體員工人數由22%增加至36%，薪資平均數仍較去年增加。","因應全球環境的波動及AI資訊產業持續發展，本公司以臺灣作為主要製造基地之一，持續招募基層員工。將關注市場同業薪酬狀況、員工福祉及企業社會責任，制定具市場競爭力薪酬政策。",
"半導體業","3257","虹冠電","89449","60","1491","1266","17.77%","1158","1029","12.54%","3.42","不適用","不適用","-","不適用","不適用","-","不適用","不適用","-","不適用","不適用","-","2233","26.52","N","N","N","","",
"建材營造","3266","昇陽","86479","71","1218","1778","-31.50%","1196","1777","-32.70%","0.58","不適用","不適用","-","不適用","不適用","-","不適用","不適用","-","不適用","不適用","-","963","2.29","N","N","N","","",
"電子零組件業","3296","勝德","67999","93","731","686","6.56%","628","596","5.37%","0.61","不適用","不適用","-","不適用","不適用","-","不適用","不適用","-","不適用","不適用","-","1048","7.37","N","N","N","","",
"其他電子業","3305","昇貿","107484","154","698","664","5.12%","557","526","5.89%","3.16","不適用","不適用","-","不適用","不適用","-","不適用","不適用","-","不適用","不適用","-","1487","11.09","N","N","N","","",
"電子零組件業","3308","聯德","6991","10","699","704","-0.71%","684","603","13.43%","0.68","不適用","不適用","-","不適用","不適用","-","不適用","不適用","-","不適用","不適用","-","1048","7.37","N","N","N","","",
"通信網路業","3311","閎暉","249361","407","613","617","-0.65%","525","503","4.37%","1.67","不適用","不適用","-","不適用","不適用","-","不適用","不適用","-","不適用","不適用","-","1376","4.79","N","N","Y","本年度EPS增加主係113年下半年旭榮廠縮編節省成本，估列非經常性縮減成本及費用所致。非主管全時員工薪資平均數減少，係因本年度增聘產線基層員工及初階人員所致，核心留才之調薪機制未受影響及異動，仍具合理性。","本公司將持續優化薪酬結構，未來規劃提高基層員工之績效獎金配發比例，將本業經營成果更直接地回饋予非主管同仁。同時，將定期檢視同業薪資水準，對關鍵技術人員實施差異化留才調薪，確保整體員工薪酬具市場競爭力。",
"電子通路業","3312","弘憶股","75835","79","960","878","9.34%","888","832","6.73%","1.74","不適用","不適用","-","不適用","不適用","-","不適用","不適用","-","不適用","不適用","-","1126","5.43","N","N","N","","",
"電子零組件業","3321","同泰","254177","441","576","594","-3.03%","535","551","-2.90%","-3.36","不適用","不適用","-","不適用","不適用","-","不適用","不適用","-","不適用","不適用","-","1048","7.37","N","N","N","","",
"電子零組件業","3338","泰碩","68555","72","952","1040","-8.46%","834","909","-8.25%","1.80","            974","不適用","-","            795","不適用","-","            846","不適用","-","            776","不適用","-","1048","7.37","N","N","N","","",
"汽車工業","3346","麗清","159994","195","820","861","-4.76%","639","721","-11.37%","0.11","不適用","不適用","-","不適用","不適用","-","不適用","不適用","-","不適用","不適用","-","890","4.02","N","N","N","","",
"光電業","3356","奇偶","146276","141","1037","997","4.01%","975","936","4.17%","6.21","不適用","不適用","-","不適用","不適用","-","不適用","不適用","-","不適用","不適用","-","1045","1.05","N","Y","N","本公司依員工職責考核其績效及對公司之貢獻，並考量公司營運給予相應酬金。114年度本業之營收及利益較113年衰退，營業外收入表現較好，以致114年EPS高於同業表現。但薪資平均數及中位數仍較去年增加。","本公司114年薪資水準未能大幅提升乃因本業實質績效較113年衰退。未來需更積極提升產品附加價值與技術競爭力，並加強內部營運管控等，以提升本業經營獲利能力，才可將經營成果轉化於員工薪酬與股東紅利。",
"電子零組件業","3376","新日興","1232208","1962","628","664","-5.42%","565","577","-2.08%","1.63","不適用","不適用","-","不適用","不適用","-","不適用","不適用","-","不適用","不適用","-","1048","7.37","N","N","N","","",
"通信網路業","3380","明泰","1231693","1060","1162","1144","1.57%","1124","1132","-0.71%","-0.36","不適用","不適用","-","不適用","不適用","-","不適用","不適用","-","不適用","不適用","-","1376","4.79","N","N","N","","",
"光電業","3406","玉晶光","559468","630","888","862","3.02%","723","666","8.56%","32.84","不適用","不適用","-","不適用","不適用","-","不適用","不適用","-","不適用","不適用","-","1045","1.05","N","Y","N","本公司之獲利主要係來自海外轉投資收益等，且因基層員工占多數，進而拉低平均薪資，並出現低於同業之狀況，惟本公司114年度之平均薪資及薪資中位數均較前一年度提升。","本公司將透過新產品之開發，創造具利基性之產品，以提升母公司個體之附加價值及獲利空間，進而提高整體員工之薪酬。",
"半導體業","3413","京鼎","620480","410","1513","1518","-0.33%","1271","1351","-5.92%","21.44","不適用","不適用","-","不適用","不適用","-","不適用","不適用","-","不適用","不適用","-","2233","26.52","N","N","N","","",
"電腦及週邊設備業","3416","融程電","365985","403","908","853","6.45%","769","737","4.34%","7.39","不適用","不適用","-","不適用","不適用","-","不適用","不適用","-","不適用","不適用","-","1536","8.64","N","N","N","","",
"通信網路業","3419","譁裕","207444","215","965","942","2.44%","822","779","5.52%","-1.79","不適用","不適用","-","不適用","不適用","-","不適用","不適用","-","不適用","不適用","-","1376","4.79","N","N","N","","",
"電子零組件業","3432","台端","14572","20","729","775","-5.94%","647","634","2.05%","-0.87","不適用","不適用","-","不適用","不適用","-","不適用","不適用","-","不適用","不適用","-","1048","7.37","N","N","N","","",
"光電業","3437","榮創","411540","611","674","680","-0.88%","559","562","-0.53%","-2.65","不適用","不適用","-","不適用","不適用","-","不適用","不適用","-","不適用","不適用","-","1045","1.05","N","N","N","","",
"半導體業","3443","創意","2143247","674","3180","3160","0.63%","2576","2559","0.66%","28.13","不適用","不適用","-","不適用","不適用","-","不適用","不適用","-","不適用","不適用","-","2233","26.52","N","N","N","","",
"通信網路業","3447","展達","136652","107","1277","1224","4.33%","1140","1085","5.07%","1.60","不適用","不適用","-","不適用","不適用","-","不適用","不適用","-","不適用","不適用","-","1376","4.79","N","N","N","","",
"半導體業","3450","聯鈞","472321","546","865","852","1.53%","673","627","7.34%","5.01","不適用","不適用","-","不適用","不適用","-","不適用","不適用","-","不適用","不適用","-","2233","26.52","N","N","N","","",
"光電業","3481","群創","18573899","17741","1047","1008","3.87%","849","785","8.15%","0.03","          1,115","不適用","-","            892","不適用","-","            954","不適用","-","            763","不適用","-","1045","1.05","N","N","N","","",
"電腦及週邊設備業","3494","誠研","116958","194","603","603","0.00%","452","453","-0.22%","-1.84","不適用","不適用","-","不適用","不適用","-","不適用","不適用","-","不適用","不適用","-","1536","8.64","N","N","N","","",
"電子零組件業","3501","維熹","167460","244","686","701","-2.14%","578","488","18.44%","3.00","不適用","不適用","-","不適用","不適用","-","不適用","不適用","-","不適用","不適用","-","1048","7.37","N","N","N","","",
"光電業","3504","揚明光","554534","717","773","763","1.31%","556","590","-5.76%","-0.08","不適用","不適用","-","不適用","不適用","-","不適用","不適用","-","不適用","不適用","-","1045","1.05","N","N","N","","",
"電腦及週邊設備業","3515","華擎","614678","316","1945","1746","11.40%","1704","1527","11.59%","15.28","不適用","不適用","-","不適用","不適用","-","不適用","不適用","-","不適用","不適用","-","1536","8.64","N","N","N","","",
"其他電子業","3518","柏騰","22252","25","890","884","0.68%","899","877","2.51%","-1.56","不適用","不適用","-","不適用","不適用","-","不適用","不適用","-","不適用","不適用","-","1487","11.09","N","N","N","","",
"電子通路業","3528","安馳","141538","137","1033","900","14.78%","903","820","10.12%","2.30","不適用","不適用","-","不適用","不適用","-","不適用","不適用","-","不適用","不適用","-","1126","5.43","N","N","N","","",
"半導體業","3530","晶相光","76549","60","1276","1330","-4.06%","1130","1107","2.08%","1.74","不適用","不適用","-","不適用","不適用","-","不適用","不適用","-","不適用","不適用","-","2233","26.52","N","N","Y","本公司114年度新增員工人數占非主管職員工人數11%，致薪酬指標產生變動。","未來將持續檢視薪酬制度及員工福利措施，以提升人才吸引與留任成效。",
"半導體業","3532","台勝科","1685726","1446","1166","1130","3.19%","1122","1083","3.60%","1.58","不適用","不適用","-","不適用","不適用","-","不適用","不適用","-","不適用","不適用","-","2233","26.52","N","N","N","","",
"電子零組件業","3533","嘉澤","197613","109","1813","1658","9.35%","1381","1265","9.17%","70.17","不適用","不適用","-","不適用","不適用","-","不適用","不適用","-","不適用","不適用","-","1048","7.37","N","N","N","","",
"光電業","3535","晶彩科","170092","168","1012","978","3.48%","892","866","3.00%","-1.07","不適用","不適用","-","不適用","不適用","-","不適用","不適用","-","不適用","不適用","-","1045","1.05","N","N","N","","",
"光電業","3543","州巧","259651","345","753","751","0.27%","669","642","4.21%","-2.24","不適用","不適用","-","不適用","不適用","-","不適用","不適用","-","不適用","不適用","-","1045","1.05","N","N","N","","",
"半導體業","3545","敦泰","797152","438","1820","2239","-18.71%","1612","1954","-17.50%","-4.64","不適用","不適用","-","不適用","不適用","-","不適用","不適用","-","不適用","不適用","-","2233","26.52","N","N","N","","",
"電子零組件業","3550","聯穎","33328","34","980","890","10.11%","897","800","12.13%","-1.18","不適用","不適用","-","不適用","不適用","-","不適用","不適用","-","不適用","不適用","-","1048","7.37","N","N","N","","",
"居家生活","3557","嘉威","52008","61","853","1163","-26.66%","700","1026","-31.77%","0.01","不適用","不適用","-","不適用","不適用","-","不適用","不適用","-","不適用","不適用","-","737","5.53","N","N","N","","",
"光電業","3563","牧德","416481","291","1431","1099","30.21%","1222","948","28.90%","15.80","不適用","不適用","-","不適用","不適用","-","不適用","不適用","-","不適用","不適用","-","1045","1.05","N","N","N","","",
"光電業","3576","聯合再生","663949","841","789","716","10.20%","630","608","3.62%","-0.77","            869","不適用","-","            688","不適用","-","            713","不適用","-","            537","不適用","-","1045","1.05","N","N","N","","",
"半導體業","3583","辛耘","916515","817","1122","1065","5.35%","948","929","2.05%","13.82","不適用","不適用","-","不適用","不適用","-","不適用","不適用","-","不適用","不適用","-","2233","26.52","N","N","N","","",
"半導體業","3588","通嘉","223960","145","1545","1582","-2.34%","1513","1503","0.67%","0.50","不適用","不適用","-","不適用","不適用","-","不適用","不適用","-","不適用","不適用","-","2233","26.52","N","N","N","","",
"光電業","3591","艾笛森","120388","156","772","748","3.21%","662","570","16.14%","-0.34","不適用","不適用","-","不適用","不適用","-","不適用","不適用","-","不適用","不適用","-","1045","1.05","N","N","N","","",
"半導體業","3592","瑞鼎","2716900","938","2896","3413","-15.15%","2288","2612","-12.40%","18.24","不適用","不適用","-","不適用","不適用","-","不適用","不適用","-","不適用","不適用","-","2233","26.52","N","N","N","","",
"電子零組件業","3593","力銘","4237","6","706","643","9.80%","663","657","0.91%","-1.40","            774","不適用","-","            672","不適用","-","            663","不適用","-","            655","不適用","-","1048","7.37","N","N","N","","",
"通信網路業","3596","智易","1785328","941","1897","1882","0.80%","1647","1603","2.74%","12.60","不適用","不適用","-","不適用","不適用","-","不適用","不適用","-","不適用","不適用","-","1376","4.79","N","N","N","","",
"電子零組件業","3605","宏致","578246","710","814","747","8.97%","675","622","8.52%","4.35","不適用","不適用","-","不適用","不適用","-","不適用","不適用","-","不適用","不適用","-","1048","7.37","N","N","N","","",
"電子零組件業","3607","谷崧","26832","42","639","548","16.61%","475","383","24.02%","0.02","不適用","不適用","-","不適用","不適用","-","不適用","不適用","-","不適用","不適用","-","1048","7.37","N","N","N","","",
"其他電子業","3617","碩天","445124","342","1302","1290","0.93%","1201","1174","2.30%","14.47","不適用","不適用","-","不適用","不適用","-","不適用","不適用","-","不適用","不適用","-","1487","11.09","N","Y","N","其他電子業涵蓋之公司營運模式及產品態樣存在一定程度的差異，所需之行銷及研發投入無法一致看待，故薪酬較難相比；本公司薪酬政策係依營運目標與獲利表現，考量員工職掌、技能與績效而定，每年穩健提升員工薪酬。","低於同業水準之情況係屬該類別產業差異，難以進行一致性比較，故不適用其改善措施。惟本公司每年皆依薪酬政策及營運績效進行調薪，持續穩健提升員工整體薪酬。",
"光電業","3622","洋華","154686","142","1089","1009","7.93%","876","794","10.33%","6.09","不適用","不適用","-","不適用","不適用","-","不適用","不適用","-","不適用","不適用","-","1045","1.05","N","N","N","","",
"電子零組件業","3645","達邁","298831","365","819","826","-0.85%","745","743","0.27%","1.54","不適用","不適用","-","不適用","不適用","-","不適用","不適用","-","不適用","不適用","-","1048","7.37","N","N","N","","",
"電腦及週邊設備業","3652","精聯","272796","313","872","866","0.69%","801","803","-0.25%","1.34","不適用","不適用","-","不適用","不適用","-","不適用","不適用","-","不適用","不適用","-","1536","8.64","N","N","N","","",
"電子零組件業","3653","健策","1717186","1825","941","901","4.44%","761","720","5.69%","36.75","不適用","不適用","-","不適用","不適用","-","不適用","不適用","-","不適用","不適用","-","1048","7.37","N","Y","N","針對經營成果的回饋機制，已透過分紅與年終獎金，與員工共享營運成果。整體薪酬結構涵蓋固定與變動報酬，對優秀人才具有一定吸引力。
平均薪資偏低，主要是因人力結構中，基層作業員占比較高所致。","公司已啟動薪酬優化計畫，針對偏低職類分階段進行調薪，且保障分派予基層員工之員工酬勞不低於30%，以強化整體薪酬的公平性與市場競爭力，並維持人才吸引與留任的穩定性。",
"通信網路業","3669","圓展","542653","493","1101","1107","-0.54%","954","964","-1.04%","1.13","不適用","不適用","-","不適用","不適用","-","不適用","不適用","-","不適用","不適用","-","1376","4.79","N","N","N","","",
"電子零組件業","3679","新至陞","52048","60","867","755","14.83%","795","694","14.55%","9.78","不適用","不適用","-","不適用","不適用","-","不適用","不適用","-","不適用","不適用","-","1048","7.37","N","Y","N","公司EPS較同業為佳，主因業外投資收益增加所致。
國內工廠產線相關員工，佔全體員工近5成，與其他同業人力資源結構不同。
非擔任主管之全時員工平均薪資，較去年成長14.8%。","公司目前每年依營運及員工績進行調薪，並參考市場水平核定人員薪酬。",
"半導體業","3686","達能","6714","7","959","936","2.46%","981","555","76.76%","-0.50","不適用","不適用","-","不適用","不適用","-","不適用","不適用","-","不適用","不適用","-","2233","26.52","N","N","N","","",
"通信網路業","3694","海華","252238","197","1280","1206","6.14%","1140","1091","4.49%","4.03","不適用","不適用","-","不適用","不適用","-","不適用","不適用","-","不適用","不適用","-","1376","4.79","N","N","N","","",
"電腦及週邊設備業","3701","大眾控","367931","373","986","973","1.34%","830","814","1.97%","-0.38","不適用","不適用","-","不適用","不適用","-","不適用","不適用","-","不適用","不適用","-","1536","8.64","N","N","N","","",
"電子通路業","3702","大聯大","522267","386","1353","1331","1.65%","1178","1176","0.17%","5.77","          1,494","不適用","-","          1,272","不適用","-","          1,298","不適用","-","          1,081","不適用","-","1126","5.43","N","N","N","","",
"建材營造","3703","欣陸","2176088","2569","847","915","-7.43%","812","798","1.75%","1.80","不適用","不適用","-","不適用","不適用","-","不適用","不適用","-","不適用","不適用","-","963","2.29","N","N","Y","員工薪酬係依公司經營成果、個人績效及市場狀況綜合考量。因外籍移工占比提高及新納入欣達環工人員之人力結構影響，致非主管全時員工薪資平均數波動，如排除此因素，員工整體薪資仍與公司營運表現具一定關聯性。","本公司將持續依營運成果及市場情形，持續檢視獎酬機制與員工福利措施，以維持整體薪酬之合理性與競爭力。",
"通信網路業","3704","合勤控","2119274","1698","1248","1186","5.23%","1056","1009","4.66%","1.56","不適用","不適用","-","不適用","不適用","-","不適用","不適用","-","不適用","不適用","-","1376","4.79","N","N","N","","",
"生技醫療業","3705","永信","1173265","1228","955","921","3.69%","829","807","2.73%","3.31","不適用","不適用","-","不適用","不適用","-","不適用","不適用","-","不適用","不適用","-","870","2.67","N","N","N","","",
"電腦及週邊設備業","3706","神達","2374254","1528","1554","1321","17.64%","1222","1088","12.32%","5.15","          1,834","不適用","-","          1,176","不適用","-","          1,553","不適用","-","            768","不適用","-","1536","8.64","N","N","N","","",
"綠能環保","3708","上緯投控","221495","285","777","700","11.00%","561","555","1.08%","35.57","不適用","不適用","-","不適用","不適用","-","不適用","不適用","-","不適用","不適用","-","1032","4.97","N","Y","N","114年獲利來自非常態交易的獲利，114年平均薪資較113年成長11%。","115年預計進行兩次員工調薪，透過員工持股等長期獎酬工具，提升員工長期福利與薪資水準。",
"半導體業","3711","日月光投控","57158363","56143","1018","976","4.30%","818","810","0.99%","9.37","          1,238","不適用","-","            781","不適用","-","          1,058","不適用","-","            673","不適用","-","2233","26.52","N","N","N","","",
"電腦及週邊設備業","3712","永崴投控","418779","313","1338","1220","9.67%","1018","986","3.25%","-22.85","不適用","不適用","-","不適用","不適用","-","不適用","不適用","-","不適用","不適用","-","1536","8.64","N","N","N","","",
"光電業","3714","富采","3680993","3496","1053","971","8.44%","855","778","9.90%","-3.69","不適用","不適用","-","不適用","不適用","-","不適用","不適用","-","不適用","不適用","-","1045","1.05","N","N","N","","",
"電子零組件業","3715","定穎投控","9103","8","1138","1023","11.24%","1023","715","43.08%","2.70","          1,047","不適用","-","          1,229","不適用","-","          1,023","不適用","-","          1,054","不適用","-","1048","7.37","N","N","N","本公司公司章程規定，本公司年度如有獲利，應提撥不低於千分之一為員工酬勞（前述員工酬勞數額中，提撥不低於百分之一為基層員工分派酬勞），由董事會特別決議以股票或現金分派發放。","無。",
"生技醫療業","3716","中化控股","1236886","1276","969","906","6.95%","823","772","6.61%","2.39","不適用","不適用","-","不適用","不適用","-","不適用","不適用","-","不適用","不適用","-","870","2.67","N","N","N","","",
"汽車工業","3717","聯嘉投控","569519","617","923","0","0.00%","602","0","0.00%","0.08","不適用","不適用","-","不適用","不適用","-","不適用","不適用","-","不適用","不適用","-","890","4.02","N","N","N","","",
"生技醫療業","4104","佳醫","203016","205","990","984","0.61%","801","815","-1.72%","4.70","不適用","不適用","-","不適用","不適用","-","不適用","不適用","-","不適用","不適用","-","870","2.67","N","N","N","","",
"生技醫療業","4106","雃博","170972","187","914","827","10.52%","785","692","13.44%","1.20","不適用","不適用","-","不適用","不適用","-","不適用","不適用","-","不適用","不適用","-","870","2.67","N","N","N","","",
"生技醫療業","4108","懷特","34306","43","798","833","-4.20%","623","607","2.64%","-0.29","不適用","不適用","-","不適用","不適用","-","不適用","不適用","-","不適用","不適用","-","870","2.67","N","N","Y","主因係人員異動之緣故，部分員工在職未滿一年。","本公司每年均會依公司經營績效與員工個人工作表現，並參酌市場薪資水準及物價指數，給予員工調薪。",
"生技醫療業","4119","旭富","201928","256","789","872","-9.52%","729","815","-10.55%","0.90","不適用","不適用","-","不適用","不適用","-","不適用","不適用","-","不適用","不適用","-","870","2.67","N","N","N","","",
"生技醫療業","4133","亞諾法","50632","81","625","668","-6.44%","570","593","-3.88%","-0.02","不適用","不適用","-","不適用","不適用","-","不適用","不適用","-","不適用","不適用","-","870","2.67","N","N","N","","",
"生技醫療業","4142","國光生","346582","482","719","701","2.57%","628","595","5.55%","-0.57","不適用","不適用","-","不適用","不適用","-","不適用","不適用","-","不適用","不適用","-","870","2.67","N","N","N","","",
"生技醫療業","4155","訊映","59421","77","772","769","0.39%","654","513","27.49%","0.58","不適用","不適用","-","不適用","不適用","-","不適用","不適用","-","不適用","不適用","-","870","2.67","N","N","N","","",
"生技醫療業","4164","承業醫","293935","357","823","927","-11.22%","640","762","-16.01%","1.00","不適用","不適用","-","不適用","不適用","-","不適用","不適用","-","不適用","不適用","-","870","2.67","N","N","N","NA","NA",
"生技醫療業","4169","泰宗","114036","123","927","0","0.00%","685","0","0.00%","0.32","不適用","不適用","-","不適用","不適用","-","不適用","不適用","-","不適用","不適用","-","870","2.67","N","N","N","","",
"塑膠工業","4306","炎洲","179772","304","591","594","-0.51%","559","541","3.33%","0.26","不適用","不適用","-","不適用","不適用","-","不適用","不適用","-","不適用","不適用","-","1235","-0.80","N","Y","N","炎洲產業橫跨膠帶製造、包裝材料通路、房產事業、特用化學，惟員工多數屬於製造產業且現場員工有大比例為外籍勞工因此與所列同業公司薪資比擬性不足。
公司參酌市場薪資調查並進行年度調薪。","適度調升基層員工薪資:逐步提高非主管職員工之固定薪資水準
修訂公司章程，&#63886;&#64001;公司有獲&#63965;提撥不低於0.5%作為員工酬勞，所提撥員工酬勞中不低於50%作為基層員工酬勞，提升員工年度薪資水準",
"紡織纖維","4414","如興","13623","12","1135","1072","5.88%","880","856","2.80%","0.68","不適用","不適用","-","不適用","不適用","-","不適用","不適用","-","不適用","不適用","-","767","1.15","N","N","N","","",
"紡織纖維","4426","利勤","277060","505","549","530","3.58%","494","485","1.86%","-2.94","不適用","不適用","-","不適用","不適用","-","不適用","不適用","-","不適用","不適用","-","767","1.15","N","N","N","","",
"紡織纖維","4438","廣越","172791","190","909","877","3.65%","845","810","4.32%","3.04","不適用","不適用","-","不適用","不適用","-","不適用","不適用","-","不適用","不適用","-","767","1.15","N","N","N","","",
"紡織纖維","4440","宜新實業","79050","129","613","602","1.83%","599","585","2.39%","1.14","不適用","不適用","-","不適用","不適用","-","不適用","不適用","-","不適用","不適用","-","767","1.15","N","N","N","","",
"紡織纖維","4441","振大環球","138845","180","771","0","0.00%","699","0","0.00%","14.79","不適用","不適用","-","不適用","不適用","-","不適用","不適用","-","不適用","不適用","-","767","1.15","N","N","N","","",
"電機機械","4526","東台","387174","558","694","630","10.16%","679","604","12.42%","1.81","不適用","不適用","-","不適用","不適用","-","不適用","不適用","-","不適用","不適用","-","910","1.58","N","Y","N","公司114年度EPS高於同業，主要受一次性業外收入挹注，非本業獲利全面改善；員工薪酬仍受本業獲利、產業景氣及成本結構影響，具階段性合理性。","公司將以提升本業獲利為核心，推動產品組合優化、成本改善及營運效率提升；並逐步檢討薪酬結構、績效獎酬及留才措施，使薪酬與長期營運成果連動。",
"電機機械","4532","瑞智","305514","296","1032","1049","-1.62%","871","882","-1.25%","2.05","不適用","不適用","-","不適用","不適用","-","不適用","不適用","-","不適用","不適用","-","910","1.58","N","N","Y","EPS較前一年度增加，但本公司非擔任主管職務之全時員工薪資平均數較前一年度減少。因本公司薪資中之變動薪資，將依據前一年度經營績效來評定核發，因此獎金發放年度落於115年度發放，與績效貢獻年度有所差異。","本公司將依前年度經營績效適時調整員工年終獎金及員工酬勞，以確保全體員工可從自身貢獻中取得應有獎金。",
"運動休閒","4536","拓凱","173331","235","738","758","-2.64%","612","640","-4.38%","14.92","不適用","不適用","-","不適用","不適用","-","不適用","不適用","-","不適用","不適用","-","890","5.10","N","Y","N","本公司薪酬依經營成果、員工績效及市場水平綜合評定。經營績效與薪酬具正向關聯，近年市場環境變化致使營運與利潤承壓，薪酬策略需兼顧公司永續經營，致與同業平均產生差異，整體仍屬合理。","本公司將持續因應市場薪資趨勢與整體經營狀況優化薪酬結構。",
"電機機械","4540","全球傳動","567682","878","647","552","17.21%","593","499","18.84%","-0.66","不適用","不適用","-","不適用","不適用","-","不適用","不適用","-","不適用","不適用","-","910","1.58","N","N","N","","",
"電子零組件業","4545","銘鈺","347244","505","688","706","-2.55%","591","608","-2.80%","0.17","不適用","不適用","-","不適用","不適用","-","不適用","不適用","-","不適用","不適用","-","1048","7.37","N","N","N","","",
"汽車工業","4551","智伸科","60506","54","1120","1176","-4.76%","921","987","-6.69%","6.04","不適用","不適用","-","不適用","不適用","-","不適用","不適用","-","不適用","不適用","-","890","4.02","N","N","N","","",
"電機機械","4555","氣立","86874","155","560","525","6.67%","485","459","5.66%","0.19","不適用","不適用","-","不適用","不適用","-","不適用","不適用","-","不適用","不適用","-","910","1.58","N","N","N","","",
"電機機械","4562","穎漢","154076","261","590","583","1.20%","528","524","0.76%","-1.28","不適用","不適用","-","不適用","不適用","-","不適用","不適用","-","不適用","不適用","-","910","1.58","N","N","N","","",
"電機機械","4564","元翎","94059","150","627","602","4.15%","613","578","6.06%","-1.86","不適用","不適用","-","不適用","不適用","-","不適用","不適用","-","不適用","不適用","-","910","1.58","N","N","N","","",
"電機機械","4566","時碩工業","238526","306","779","784","-0.64%","668","647","3.25%","1.36","不適用","不適用","-","不適用","不適用","-","不適用","不適用","-","不適用","不適用","-","910","1.58","N","N","N","","",
"電機機械","4572","駐龍","145619","267","545","630","-13.49%","502","578","-13.15%","3.00","不適用","不適用","-","不適用","不適用","-","不適用","不適用","-","不適用","不適用","-","910","1.58","N","Y","N","1.114年因營收較去年減少23%，致加班時數減少影響平均薪資。
2.本公司因有輪班制增員不易，致聘用外籍移工而影響平均薪資。","除民用機業績將可望逐漸成長外，公司也將持續拓展新業績，並視營收成長狀況適時發放獎金及調整員工薪資，以提升員工薪酬及福利。",
"電機機械","4576","大銀微系統","494744","497","995","940","5.85%","881","840","4.88%","2.01","不適用","不適用","-","不適用","不適用","-","不適用","不適用","-","不適用","不適用","-","910","1.58","N","N","N","","",
"電機機械","4583","台灣精銳","451167","710","635","669","-5.08%","583","584","-0.17%","12.00","不適用","不適用","-","不適用","不適用","-","不適用","不適用","-","不適用","不適用","-","910","1.58","N","Y","N","本公司員工薪酬係依公司經營績效、個人績效表現及市場薪資水準綜合評估訂定。
因直接人工占非主管職員工約77%，其中外籍移工占直接人工約42%，且受人力結構影響，致降低整體薪酬平均數。","本公司秉持共創價值、利潤分享之理念，持續檢視薪酬及福利制度，公司並依市場薪資趨勢及人才留任需求適時調整薪酬，以提升員工整體薪酬福利。",
"其他電子業","4585","達明","457691","388","1180","0","0.00%","1059","0","0.00%","1.46","不適用","不適用","-","不適用","不適用","-","不適用","不適用","-","不適用","不適用","-","1487","11.09","N","N","N","","",
"其他電子業","4588","玖鼎電力","79179","107","740","748","-1.07%","604","609","-0.82%","3.20","不適用","不適用","-","不適用","不適用","-","不適用","不適用","-","不適用","不適用","-","1487","11.09","N","N","N","","",
"電機機械","4590","富田-創","204509","320","639","0","0.00%","551","0","0.00%","2.72","不適用","不適用","-","不適用","不適用","-","不適用","不適用","-","不適用","不適用","-","910","1.58","N","Y","N","114年度獲利係為業外挹注。本公司仍依績效考核結果做為薪資調整依據，並配合各項獎金辦法推行，致力提昇員工之薪酬。
參酌相關同業員工酬勞，我司定義7.47%，此提撥比率落於業界水準區間內，薪資平均數尚屬合理。","1.建立合理的薪酬結構符合市場水準,才能吸引優秀人才，進而提升企業的競爭力。
2.提供員工培訓機會，提升其專業技能，在薪酬上給予相應的回報。",
"化學工業","4720","德淵","178807","194","922","850","8.47%","827","762","8.53%","0.74","不適用","不適用","-","不適用","不適用","-","不適用","不適用","-","不適用","不適用","-","905","1.43","N","N","N","","",
"化學工業","4722","國精化","277219","342","811","827","-1.93%","775","775","0.00%","2.00","不適用","不適用","-","不適用","不適用","-","不適用","不適用","-","不適用","不適用","-","905","1.43","N","Y","N","為本公司員工薪資係依照個人學經歷及工作表現、同業薪資水準及經營結果核發，非僅考慮公司EPS獲利表現一項指標。","本公司會根據實際獲利及同業薪資水準，進行合理薪資調整。",
"生技醫療業","4736","泰博","638920","907","704","709","-0.71%","556","565","-1.59%","15.12","不適用","不適用","-","不適用","不適用","-","不適用","不適用","-","不適用","不適用","-","870","2.67","N","Y","Y","本公司基層及技術人員占比較高，同業因業務性質或高階專業人才占比較高，致平均薪資水準有所差異。
EPS成長主因營運改善及自動化提升生產效率，薪資下降係人力結構調整及新進人員增加所致。","未來將依獲利成果適度調薪、優化獎酬制度及員工福利，並強化高階人才培育。",
"生技醫療業","4737","華廣","533416","943","566","608","-6.91%","508","554","-8.30%","-2.68","不適用","不適用","-","不適用","不適用","-","不適用","不適用","-","不適用","不適用","-","870","2.67","N","N","N","","",
"化學工業","4739","康普","126487","152","832","820","1.46%","722","699","3.29%","1.56","            838","不適用","-","            812","不適用","-","            718","不適用","-","            728","不適用","-","905","1.43","N","Y","N","因應營運成長，114年度大幅擴編人力，因產能規劃，新進同仁有較高比例為基層人力或儲備幹部，起薪受限於產業常態，且因年資尚淺、未足額參與年度績效考核，故拉低整體申報之平均薪資，實為人力結構變動之合理結果。","本公司持續實施年度調薪、績效獎金、年終獎金，員工酬勞以確保營運成果能夠即時分享同仁。",
"生技醫療業","4746","台耀","884630","874","1012","996","1.61%","936","920","1.74%","3.67","不適用","不適用","-","不適用","不適用","-","不適用","不適用","-","不適用","不適用","-","870","2.67","N","N","N","","",
"化學工業","4755","三福化","297964","319","934","916","1.97%","849","832","2.04%","3.70","不適用","不適用","-","不適用","不適用","-","不適用","不適用","-","不適用","不適用","-","905","1.43","N","N","N","","",
"化學工業","4764","雙鍵","114801","169","679","646","5.11%","630","589","6.96%","1.22","不適用","不適用","-","不適用","不適用","-","不適用","不適用","-","不適用","不適用","-","905","1.43","N","N","N","","",
"化學工業","4766","南寶","658284","704","935","946","-1.16%","806","819","-1.59%","20.25","不適用","不適用","-","不適用","不適用","-","不適用","不適用","-","不適用","不適用","-","905","1.43","N","N","N","","",
"化學工業","4770","上品","358641","427","840","963","-12.77%","690","763","-9.57%","10.20","不適用","不適用","-","不適用","不適用","-","不適用","不適用","-","不適用","不適用","-","905","1.43","N","Y","N","本公司員工薪酬依公司經營績效、個人表現及市場水準訂定。
變動薪酬與營收、獲利及績效考核結果連結，獲利成長時適度提高獎酬，共享經營成果；
績效未達預期時則相應調整，以兼顧激勵效果、公平性及公司永續發展。","本公司將持續優化薪酬制度與績效考核機制，定期檢視市場薪資水準及內部薪酬公平性，
強化獎酬與經營績效連結，並透過人才培育、職涯發展及福利措施提升員工留任率與整體競爭力。",
"生技醫療業","4771","望隼","411346","483","852","770","10.65%","714","646","10.53%","12.71","不適用","不適用","-","不適用","不適用","-","不適用","不適用","-","不適用","不適用","-","870","2.67","N","Y","N","望隼參酌市場給薪標準，每年均依公司經營績效與工作表現調薪。望隼非經理人之全時員工薪資低於同業係因望隼為製造業，直接人工數佔全體員工之68%，與以研發為主的生技業，有較大差異，此致薪資平均數低於同業水準。","本公司每年均會依公司經營績效與工作表現給予員工調薪，且於2025年底起針對直接員工發放留任獎金，以期提高薪資水平。",
"通信網路業","4904","遠傳","5710082","5081","1124","1096","2.55%","1015","991","2.42%","3.81","          1,215","不適用","-","          1,020","不適用","-","          1,135","不適用","-","            913","不適用","-","1376","4.79","N","N","N","","",
"通信網路業","4906","正文","1018278","874","1165","1243","-6.28%","1040","1098","-5.28%","-0.25","不適用","不適用","-","不適用","不適用","-","不適用","不適用","-","不適用","不適用","-","1376","4.79","N","N","N","","",
"電子零組件業","4915","致伸","1630460","924","1765","1899","-7.06%","1489","1660","-10.30%","5.71","          1,862","不適用","-","          1,508","不適用","-","          1,560","不適用","-","          1,276","不適用","-","1048","7.37","N","N","Y","本公司員工變動獎金與公司經營績效緊密連結。因績效獎金發放具有遞延效應，申報年度之薪資平均數係受前一年度經營成果影響，並非實質減薪。","本公司持續每年均定期參與外部專業機構之市場薪酬調查，密切追蹤同業及相關產業之薪資發展脈動與通膨趨勢，結合當年度公司 EPS 成長之經營成果，落實科學化的薪酬管理。",
"電腦及週邊設備業","4916","事欣科","6638","10","664","645","2.95%","693","661","4.84%","1.77","不適用","不適用","-","不適用","不適用","-","不適用","不適用","-","不適用","不適用","-","1536","8.64","N","N","N","","",
"半導體業","4919","新唐","2291323","1537","1491","1508","-1.13%","1215","1248","-2.64%","-3.97","不適用","不適用","-","不適用","不適用","-","不適用","不適用","-","不適用","不適用","-","2233","26.52","N","N","N","","",
"電器電纜","4930","燦星網","13149","18","731","670","9.10%","711","630","12.86%","0.60","不適用","不適用","-","不適用","不適用","-","不適用","不適用","-","不適用","不適用","-","904","1.51","N","N","N","","",
"光電業","4934","太極","19073","18","1060","879","20.59%","1046","832","25.72%","-0.95","不適用","不適用","-","不適用","不適用","-","不適用","不適用","-","不適用","不適用","-","1045","1.05","N","N","N","","",
"電腦及週邊設備業","4938","和碩","11095947","7324","1515","1452","4.34%","1245","1235","0.81%","5.39","          1,703","不適用","-","          1,165","不適用","-","          1,434","不適用","-","            918","不適用","-","1536","8.64","N","N","N","","",
"光電業","4942","嘉彰","240615","296","813","766","6.14%","620","578","7.27%","3.06","不適用","不適用","-","不適用","不適用","-","不適用","不適用","-","不適用","不適用","-","1045","1.05","N","Y","N","114年度EPS較前期下降，惟因基本工資調整，平均薪資仍提升。全時員工薪資低於同業，主要因外籍勞工比例增加。","公司將持續檢視薪酬政策，逐步優化薪資結構，並推動技能培訓與績效獎勵，以提升薪資水準，確保人才留任，強化整體競爭力。",
"光電業","4949","有成精密","302744","396","765","743","2.96%","673","625","7.68%","1.91","不適用","不適用","-","不適用","不適用","-","不適用","不適用","-","不適用","不適用","-","1045","1.05","N","Y","N","本公司年度平均薪資及薪資中位數均較前一年度成長，惟因基層作業人員及外籍員工占比較高，致平均薪資低於同業水準。","本公司將持續透過調薪、員工酬勞等機制，與員工共享經營成果，提升薪酬水準。",
"半導體業","4952","凌通","327870","209","1569","1807","-13.17%","1503","1709","-12.05%","1.03","不適用","不適用","-","不適用","不適用","-","不適用","不適用","-","不適用","不適用","-","2233","26.52","N","N","N","","",
"光電業","4956","光鋐","243167","386","630","635","-0.79%","555","546","1.65%","-0.80","不適用","不適用","-","不適用","不適用","-","不適用","不適用","-","不適用","不適用","-","1045","1.05","N","N","N","","",
"光電業","4960","誠美材","903847","1046","864","793","8.95%","690","640","7.81%","-2.58","不適用","不適用","-","不適用","不適用","-","不適用","不適用","-","不適用","不適用","-","1045","1.05","N","N","N","","",
"半導體業","4961","天鈺","1399923","499","2805","2612","7.39%","2303","2176","5.84%","9.65","不適用","不適用","-","不適用","不適用","-","不適用","不適用","-","不適用","不適用","-","2233","26.52","N","N","N","","",
"半導體業","4967","十銓","415754","411","1012","826","22.52%","846","694","21.90%","13.06","不適用","不適用","-","不適用","不適用","-","不適用","不適用","-","不適用","不適用","-","2233","26.52","N","N","N","","",
"半導體業","4968","立積","451324","291","1551","1490","4.09%","1342","1266","6.00%","2.66","不適用","不適用","-","不適用","不適用","-","不適用","不適用","-","不適用","不適用","-","2233","26.52","N","N","N","","",
"光電業","4976","佳凌","320648","545","588","574","2.44%","514","527","-2.47%","-1.88","不適用","不適用","-","不適用","不適用","-","不適用","不適用","-","不適用","不適用","-","1045","1.05","N","N","N","","",
"電子零組件業","4989","榮科","211446","188","1125","1080","4.17%","1086","1035","4.93%","-3.48","不適用","不適用","-","不適用","不適用","-","不適用","不適用","-","不適用","不適用","-","1048","7.37","N","N","N","","",
"資訊服務業","4994","傳奇","251840","288","874","930","-6.02%","790","837","-5.62%","1.96","不適用","不適用","-","不適用","不適用","-","不適用","不適用","-","不適用","不適用","-","1118","4.37","N","N","N","","",
"電子零組件業","4999","鑫禾","178643","257","695","689","0.87%","610","601","1.50%","-1.68","不適用","不適用","-","不適用","不適用","-","不適用","不適用","-","不適用","不適用","-","1048","7.37","N","N","N","","",
"鋼鐵工業","5007","三星","986053","1410","699","729","-4.12%","670","688","-2.62%","3.02","不適用","不適用","-","不適用","不適用","-","不適用","不適用","-","不適用","不適用","-","1016","0.47","N","Y","N","本公司員工薪資比照扣件同業水準，而獎金是依年度稅前盈餘(經營績效)以固定比例提列並依個人考績分發；另上市鋼鐵業再細分為扣件業(如春雨、聚亨、豐達科技)來做比較，則本公司員工薪酬應於合理範圍內。","本公司將持續檢視市場趨勢與扣件同業水準，並依據經營績效、組織發展需求與人力資源策略，適時調整薪酬結構，以確保具備市場競爭力，並吸引及留任優秀人才。",
"資訊服務業","5203","訊連","745237","454","1641","1581","3.80%","1336","1264","5.70%","3.63","不適用","不適用","-","不適用","不適用","-","不適用","不適用","-","不適用","不適用","-","1118","4.37","N","N","N","本公司因業務發展114年度人數較113年度增加9% ，尤以基層研發人員為主要招募及培訓人力，因此任職未滿一年比重高而影響整體員工平均工資，排除此原因本公司平均薪資皆每年有持續而穩定的成長。","無",
"半導體業","5222","全訊","205970","261","789","770","2.47%","709","686","3.35%","2.51","不適用","不適用","-","不適用","不適用","-","不適用","不適用","-","不適用","不適用","-","2233","26.52","N","N","N","","",
"光電業","5234","達興材料","722517","410","1762","1552","13.53%","1325","1200","10.42%","7.37","不適用","不適用","-","不適用","不適用","-","不適用","不適用","-","不適用","不適用","-","1045","1.05","N","N","N","","",
"光電業","5244","弘凱","36442","28","1302","1344","-3.13%","1051","1114","-5.66%","0.51","不適用","不適用","-","不適用","不適用","-","不適用","不適用","-","不適用","不適用","-","1045","1.05","N","N","N","","",
"電腦及週邊設備業","5258","虹堡","365897","480","762","765","-0.39%","601","601","0.00%","4.23","不適用","不適用","-","不適用","不適用","-","不適用","不適用","-","不適用","不適用","-","1536","8.64","N","N","N","","",
"半導體業","5269","祥碩","1309985","306","4281","3084","38.81%","3374","2486","35.72%","72.70","不適用","不適用","-","不適用","不適用","-","不適用","不適用","-","不適用","不適用","-","2233","26.52","N","N","N","","",
"電器電纜","5283","禾聯碩","501037","716","700","697","0.43%","639","643","-0.62%","5.63","            715","不適用","-","            570","不適用","-","            714","不適用","-","            545","不適用","-","904","1.51","N","Y","N","本公司薪酬依營運績效、個人貢獻及市場水準調整，雖非主管全時員工薪資雖低於14家平均值2.6%，惟仍居第5順位，顯示薪資具市場競爭力，並非明顯偏低。","將持續檢視薪酬結構，並依營運成果逐步調整薪資與獎酬制度；獲利時亦依法提撥員工酬勞，並透過獎金、調薪反映經營成果。",
"半導體業","5285","界霖","137398","253","543","551","-1.45%","492","507","-2.96%","1.53","不適用","不適用","-","不適用","不適用","-","不適用","不適用","-","不適用","不適用","-","2233","26.52","N","N","N","","",
"綠能環保","5292","華懋","155004","200","775","780","-0.64%","721","714","0.98%","9.93","不適用","不適用","-","不適用","不適用","-","不適用","不適用","-","不適用","不適用","-","1032","4.97","N","Y","Y","員工薪酬包含基本固定薪資、紅利及年終獎金等，其中紅利及年終獎金配合公司整體營運目標，並依據同仁所擔任職務及個人績效表現、目標達成率、貢獻之價值給予合理報酬。","公司將持續關注人力資源相關議題，並依營運狀況、整體薪酬政策及產業趨勢，審慎評估相關作法，以符合公司長期發展需求。",
"運動休閒","5306","桂盟","25031","29","863","710","21.55%","716","609","17.57%","7.66","不適用","不適用","-","不適用","不適用","-","不適用","不適用","-","不適用","不適用","-","890","5.10","N","Y","N","1.本公司整體員工平均薪資較前一年度略為成長。
2.薪資中位數為716千元，優於主計處公布113年度全國中位數538千元達33.09%。","1.本公司配合公司營運目標及公司章程內訂員工酬勞政策，每年度依經營狀況調整員工薪酬。",
"通信網路業","5388","中磊","1855238","1786","1039","1084","-4.15%","752","767","-1.96%","4.04","不適用","不適用","-","不適用","不適用","-","不適用","不適用","-","不適用","不適用","-","1376","4.79","N","N","N","","",
"電子通路業","5434","崇越","939490","437","2150","1909","12.62%","1719","1528","12.50%","21.81","不適用","不適用","-","不適用","不適用","-","不適用","不適用","-","不適用","不適用","-","1126","5.43","N","N","N","","",
"電子零組件業","5469","瀚宇博","825808","872","947","922","2.71%","810","786","3.05%","6.05","            964","不適用","-","            915","不適用","-","            749","不適用","-","            845","不適用","-","1048","7.37","N","N","N","","",
"半導體業","5471","松翰","474591","309","1536","1559","-1.48%","1474","1469","0.34%","0.72","不適用","不適用","-","不適用","不適用","-","不適用","不適用","-","不適用","不適用","-","2233","26.52","N","N","N","","",
"光電業","5484","慧友","89257","119","750","729","2.88%","685","673","1.78%","-0.60","不適用","不適用","-","不適用","不適用","-","不適用","不適用","-","不適用","不適用","-","1045","1.05","N","N","N","","",
"建材營造","5515","建國","450104","480","938","962","-2.49%","783","819","-4.40%","4.48","不適用","不適用","-","不適用","不適用","-","不適用","不適用","-","不適用","不適用","-","963","2.29","N","Y","Y","公司於2025年擴大引進外籍移工，受人力組成比例變動影響，致使統計數據之平均成長幅度無法反映因公司獲利增長而帶動的調薪成果。","公司將定期進行薪酬競爭力檢視並持續優化薪資配置策略，確保薪酬制度兼具公平性與市場競爭力。",
"建材營造","5519","隆大","109373","85","1287","1202","7.07%","1235","1148","7.58%","4.96","不適用","不適用","-","不適用","不適用","-","不適用","不適用","-","不適用","不適用","-","963","2.29","N","N","N","","",
"建材營造","5521","工信","492524","803","613","607","0.99%","474","459","3.27%","0.52","不適用","不適用","-","不適用","不適用","-","不適用","不適用","-","不適用","不適用","-","963","2.29","N","N","N","","",
"建材營造","5522","遠雄","307610","164","1876","1484","26.42%","1717","1341","28.04%","7.45","不適用","不適用","-","不適用","不適用","-","不適用","不適用","-","不適用","不適用","-","963","2.29","N","N","N","","",
"建材營造","5525","順天","63736","53","1203","1351","-10.95%","1156","1214","-4.78%","1.40","不適用","不適用","-","不適用","不適用","-","不適用","不適用","-","不適用","不適用","-","963","2.29","N","N","N","","",
"建材營造","5531","鄉林","93740","130","721","700","3.00%","602","574","4.88%","-0.28","            798","不適用","-","            642","不適用","-","            714","不適用","-","            536","不適用","-","963","2.29","N","N","N","","",
"建材營造","5533","皇鼎","26750","31","863","886","-2.60%","811","822","-1.34%","0.56","不適用","不適用","-","不適用","不適用","-","不適用","不適用","-","不適用","不適用","-","963","2.29","N","N","N","","",
"建材營造","5534","長虹","50329","40","1258","1261","-0.24%","1276","1221","4.50%","6.00","不適用","不適用","-","不適用","不適用","-","不適用","不適用","-","不適用","不適用","-","963","2.29","N","N","N","","",
"航運業","5607","遠雄港","672072","593","1133","932","21.57%","1037","868","19.47%","2.77","不適用","不適用","-","不適用","不適用","-","不適用","不適用","-","不適用","不適用","-","1543","4.81","N","N","N","","",
"航運業","5608","四維航","69914","66","1059","986","7.40%","950","875","8.57%","-0.13","不適用","不適用","-","不適用","不適用","-","不適用","不適用","-","不適用","不適用","-","1543","4.81","N","N","N","","",
"觀光餐旅","5706","鳳凰","67225","107","628","604","3.97%","605","583","3.77%","3.39","不適用","不適用","-","不適用","不適用","-","不適用","不適用","-","不適用","不適用","-","711","2.66","N","Y","N","因本期公司內部組織調整，新增員工主要係薪資偏低之基層員工所致。","公司章程中已訂明，以年度盈餘提撥一定比率為基層員工分派員工酬勞，未來會視同業水準，提高基層員工酬勞比率，以提升基層員工酬酬。",
"金融保險業","5876","上海商銀","3777907","2526","1496","1450","3.17%","1367","1321","3.48%","3.06","          1,566","不適用","-","          1,444","不適用","-","          1,450","不適用","-","          1,315","不適用","-","1592","2.67","N","Y","N","本行EPS高於平均，主要係因採權益法認列之投資收益成長較上年度佳；本行薪資政策為穩健成長，員工薪酬未因景氣波動而受影響。","本行已獲董事會核准持續辦理全行年度調薪，持續落實照護員工、回饋股東之企業社會責任。",
"金融保險業","5880","合庫金","12874614","8444","1525","1534","-0.59%","1446","1452","-0.41%","1.36","          1,522","不適用","-","          1,527","不適用","-","          1,410","不適用","-","          1,467","不適用","-","1592","2.67","N","N","Y","本公司依據公司章程第三十五條之一規定，按當年度獲利狀況提撥萬分之一至萬分之八為員工酬勞，及訂定「經營績效獎金及員工酬勞提撥準則」，將經營績效與成果，反映於員工薪酬中。","114年度因專員職級人數比例提高，致整體平均薪資受結構性變動影響，本公司將持續優化人力配置、落實績效導向之獎酬機制，並提供具競爭力之薪酬與留才方案，以落實員工權益維護。",
"金融保險業","6005","群益證","2398002","1836","1306","1334","-2.10%","1032","1036","-0.39%","2.64","          1,291","不適用","-","          1,315","不適用","-","            993","不適用","-","          1,056","不適用","-","1592","2.67","N","N","Y","本公司114年獲利增加，主要是員工人數編制較少的自營單位(證券自營部、債券部等)獲利大幅增加；而員工人數編制較多的經紀部獲利卻略有衰退，分公司營業人員114年整體業績獎金較113年減少所致。","公司依各部門獲利多寡及其獎金制度分別計算核給獎金，屬於合理之獎金政策。",
"金融保險業","6024","群益期","442160","260","1701","1577","7.86%","1256","1207","4.06%","5.48","          1,690","不適用","-","          1,712","不適用","-","          1,258","不適用","-","          1,228","不適用","-","1592","2.67","N","N","N","","",
"電子零組件業","6108","競國","27203","37","735","549","33.88%","741","499","48.50%","-0.88","不適用","不適用","-","不適用","不適用","-","不適用","不適用","-","不適用","不適用","-","1048","7.37","N","N","N","","",
"資訊服務業","6112","邁達特","616062","528","1167","1100","6.09%","920","878","4.78%","1.82","          1,217","不適用","-","          1,116","不適用","-","            986","不適用","-","            886","不適用","-","1118","4.37","N","N","N","","",
"電子零組件業","6115","鎰勝","85764","113","759","868","-12.56%","648","690","-6.09%","2.85","不適用","不適用","-","不適用","不適用","-","不適用","不適用","-","不適用","不適用","-","1048","7.37","N","N","N","","",
"光電業","6116","彩晶","1812716","2065","878","874","0.46%","733","762","-3.81%","-0.75","            918","不適用","-","            749","不適用","-","            806","不適用","-","            680","不適用","-","1045","1.05","N","N","N","","",
"電腦及週邊設備業","6117","迎廣","607440","796","763","702","8.69%","646","569","13.53%","3.77","不適用","不適用","-","不適用","不適用","-","不適用","不適用","-","不適用","不適用","-","1536","8.64","N","N","N","","",
"光電業","6120","達運","415475","393","1057","1100","-3.91%","1051","957","9.82%","-0.19","不適用","不適用","-","不適用","不適用","-","不適用","不適用","-","不適用","不適用","-","1045","1.05","N","N","N","","",
"電腦及週邊設備業","6128","上福","236492","455","520","626","-16.93%","457","549","-16.76%","-9.56","不適用","不適用","-","不適用","不適用","-","不適用","不適用","-","不適用","不適用","-","1536","8.64","N","N","N","","",
"電子零組件業","6133","金橋","21175","27","784","768","2.08%","674","652","3.37%","0.72","不適用","不適用","-","不適用","不適用","-","不適用","不適用","-","不適用","不適用","-","1048","7.37","N","N","N","","",
"通信網路業","6136","富爾特","43641","53","823","769","7.02%","789","741","6.48%","0.89","不適用","不適用","-","不適用","不適用","-","不適用","不適用","-","不適用","不適用","-","1376","4.79","N","N","N","","",
"其他電子業","6139","亞翔","473038","467","1013","958","5.74%","1058","880","20.23%","30.51","不適用","不適用","-","不適用","不適用","-","不適用","不適用","-","不適用","不適用","-","1487","11.09","N","Y","N","公司EPS成長,亦有執行薪調,故員工薪資中位數亦較去年成長，惟因組織營運需求,員工人數增加,且有新舊世代交替及人員流動率高等因素,致年度新進人員較多, 增補員工為年資較短之基層同仁，致薪資平均數略為降低。","依據績效考核設定績效目標，將考核結果做為晉升調薪核發獎金及酬勞發放之依據，透過經營績效及公司章程，依獲利提撥3%~5%作為員工酬勞與員工考核相連結，考量年資與年度績效分配予同仁，以激勵同仁為公司目標努力。",
"電子零組件業","6141","柏承","189706","354","536","556","-3.60%","478","485","-1.44%","-4.65","不適用","不適用","-","不適用","不適用","-","不適用","不適用","-","不適用","不適用","-","1048","7.37","N","N","Y","本公司113年度因台灣區營運狀況較112年度為差，故未能於114年比照113年發放績效獎金，而導致114年度雖然合併報表EPS較113年度改善，但非主管平均薪資反而較113年度下降。","本公司114年度台灣區營運狀況已經大幅改善，故於115年度進行年度調薪，比率為2%~4%不等，並預計發放績效獎金，以回饋員工的努力及提升員工士氣。",
"通信網路業","6142","友勁","333170","455","732","687","6.55%","505","517","-2.32%","-0.26","不適用","不適用","-","不適用","不適用","-","不適用","不適用","-","不適用","不適用","-","1376","4.79","N","N","N","","",
"通信網路業","6152","百一","135368","133","1018","1053","-3.32%","880","946","-6.98%","-1.47","不適用","不適用","-","不適用","不適用","-","不適用","不適用","-","不適用","不適用","-","1376","4.79","N","N","N","","",
"電子零組件業","6153","嘉聯益","644096","998","645","627","2.87%","566","562","0.71%","-4.38","不適用","不適用","-","不適用","不適用","-","不適用","不適用","-","不適用","不適用","-","1048","7.37","N","N","N","","",
"電子零組件業","6155","鈞寶","116712","192","608","553","9.95%","538","498","8.03%","0.74","不適用","不適用","-","不適用","不適用","-","不適用","不適用","-","不適用","不適用","-","1048","7.37","N","N","N","","",
"光電業","6164","華興","24219","34","712","723","-1.52%","672","709","-5.22%","0.07","不適用","不適用","-","不適用","不適用","-","不適用","不適用","-","不適用","不適用","-","1045","1.05","N","N","N","","",
"數位雲端","6165","浪凡","6553","8","819","852","-3.87%","772","651","18.59%","4.02","不適用","不適用","-","不適用","不適用","-","不適用","不適用","-","不適用","不適用","-","1034","6.89","N","N","Y","本公司114年度獲利成長，惟全時員工薪資平均數減少，主係：1.上年度發放特定專案獎金致基期偏高。2.本年度年終與績效獎金因應集團組織架構與整體薪資政策調整發放。上述薪酬變動與經營績效具其關聯及合理性。","本公司已建立與經營績效連動之薪酬制度，未來將視年度實際獲利與個別績效，適度調整員工薪資與獎金發放比例；並持續優化福利政策與留才機制，確保員工薪酬落實實質合理性，以兼顧股東權益與員工權益。",
"電腦及週邊設備業","6166","凌華","1117664","992","1127","1092","3.21%","990","954","3.77%","2.35","不適用","不適用","-","不適用","不適用","-","不適用","不適用","-","不適用","不適用","-","1536","8.64","N","N","N","","",
"光電業","6168","宏齊","410376","514","798","766","4.18%","677","647","4.64%","0.05","不適用","不適用","-","不適用","不適用","-","不適用","不適用","-","不適用","不適用","-","1045","1.05","N","N","N","","",
"光電業","6176","瑞儀","1201556","957","1256","1558","-19.38%","996","1129","-11.78%","9.40","不適用","不適用","-","不適用","不適用","-","不適用","不適用","-","不適用","不適用","-","1045","1.05","N","N","N","","",
"建材營造","6177","達麗","61482","65","946","970","-2.47%","855","817","4.65%","3.84","不適用","不適用","-","不適用","不適用","-","不適用","不適用","-","不適用","不適用","-","963","2.29","N","Y","N","本公司員工薪酬係依營運成果、個人績效及市場薪資水準訂定，並透過薪資、獎金及福利共享經營成果；與同業差異主要受公司規模及人力結構影響。","本公司將持續檢討薪酬制度，並視營運成果適時調整薪資、獎酬及福利措施，以提升留才及攬才成效。",
"資訊服務業","6183","關貿","808225","613","1318","1284","2.65%","1220","1191","2.43%","3.90","不適用","不適用","-","不適用","不適用","-","不適用","不適用","-","不適用","不適用","-","1118","4.37","N","N","N","公司依據經營成果及董事會決議辦理員工酬勞與年終獎金發放，並結合公司整體經營績效及個人績效結果辦理薪酬調整與獎金核發，使員工薪酬與公司經營成果具合理連結。","持續關注市場薪酬水準及人才留任需求，適時檢討薪酬制度之合理性與競爭力。",
"其他","6184","大豐電","44325","66","672","700","-4.00%","580","607","-4.45%","2.57","不適用","不適用","-","不適用","不適用","-","不適用","不適用","-","不適用","不適用","-","922","2.61","N","N","N","","",
"電子通路業","6189","豐藝","227403","213","1068","1323","-19.27%","854","1081","-21.00%","2.73","不適用","不適用","-","不適用","不適用","-","不適用","不適用","-","不適用","不適用","-","1126","5.43","N","N","N","","",
"電子零組件業","6191","精成科","133487","65","2054","2125","-3.34%","1677","1686","-0.53%","6.55","不適用","不適用","-","不適用","不適用","-","不適用","不適用","-","不適用","不適用","-","1048","7.37","N","N","Y","本年度營運及併購效益帶動EPS較前一年度成長，惟因應組織擴展新進人員增加致平均薪資略降。本公司仍依績效與營運成果發放獎酬，薪酬制度與經營績效具合理連結。","本公司將持續優化薪酬制度並參考市場水準，適時調整薪資結構與獎酬機制，強化人才留任及培育，以提升整體薪酬競爭力並共享營運成果。",
"其他電子業","6192","巨路","602548","469","1285","1227","4.73%","1135","1109","2.34%","10.06","不適用","不適用","-","不適用","不適用","-","不適用","不適用","-","不適用","不適用","-","1487","11.09","N","N","N","","",
"其他電子業","6196","帆宣","1425569","751","1898","1630","16.44%","1481","1269","16.71%","15.50","不適用","不適用","-","不適用","不適用","-","不適用","不適用","-","不適用","不適用","-","1487","11.09","N","N","N","","",
"電子零組件業","6197","佳必琪","290375","262","1108","1070","3.55%","929","860","8.02%","8.67","不適用","不適用","-","不適用","不適用","-","不適用","不適用","-","不適用","不適用","-","1048","7.37","N","N","N","","",
"其他電子業","6201","亞弘電","279648","394","710","682","4.11%","640","601","6.49%","3.71","不適用","不適用","-","不適用","不適用","-","不適用","不適用","-","不適用","不適用","-","1487","11.09","N","N","N","","",
"半導體業","6202","盛群","406447","305","1333","1243","7.24%","1242","1149","8.09%","0.76","不適用","不適用","-","不適用","不適用","-","不適用","不適用","-","不適用","不適用","-","2233","26.52","N","N","N","","",
"電子零組件業","6205","詮欣","122901","172","715","796","-10.18%","636","659","-3.49%","2.00","不適用","不適用","-","不適用","不適用","-","不適用","不適用","-","不適用","不適用","-","1048","7.37","N","N","N","","",
"電腦及週邊設備業","6206","飛捷","376746","395","954","957","-0.31%","786","756","3.97%","6.90","不適用","不適用","-","不適用","不適用","-","不適用","不適用","-","不適用","不適用","-","1536","8.64","N","N","N","","",
"光電業","6209","今國光","335279","642","522","504","3.57%","542","464","16.81%","0.92","不適用","不適用","-","不適用","不適用","-","不適用","不適用","-","不適用","不適用","-","1045","1.05","N","N","N","","",
"電子零組件業","6213","聯茂","315876","379","833","777","7.21%","619","604","2.48%","4.16","            881","不適用","-","            719","不適用","-","            650","不適用","-","            554","不適用","-","1048","7.37","N","N","N","","",
"資訊服務業","6214","精誠","2386319","2181","1094","1018","7.47%","871","814","7.00%","7.91","不適用","不適用","-","不適用","不適用","-","不適用","不適用","-","不適用","不適用","-","1118","4.37","N","Y","N","本公司經營業態多元化，累計服務超過4萬家企業/機構客戶，人力結構2200名以上相比同業多元且總體基層人數較多、另114年任職未滿一年比重高且主要為基層軟體技術人力，故影響整體均薪，但平均薪資每年持續成長。","本公司以「高績效、高貢獻、高報酬」的薪酬政策制，定期檢視公司、部門與個人績效目標與成果貢獻關聯給予相關績效獎酬；並於114年起實施員工持股信託制度，讓參加之員工可以共享公司經營成果。",
"其他電子業","6215","和椿","199378","201","992","1075","-7.72%","829","940","-11.81%","2.08","不適用","不適用","-","不適用","不適用","-","不適用","不適用","-","不適用","不適用","-","1487","11.09","N","N","N","","",
"通信網路業","6216","居易","211148","206","1025","1059","-3.21%","868","882","-1.59%","0.60","不適用","不適用","-","不適用","不適用","-","不適用","不適用","-","不適用","不適用","-","1376","4.79","N","N","N","","",
"電子零組件業","6224","聚鼎","224168","257","872","898","-2.90%","731","774","-5.56%","0.67","不適用","不適用","-","不適用","不適用","-","不適用","不適用","-","不適用","不適用","-","1048","7.37","N","N","N","","",
"光電業","6225","天瀚","12941","15","863","617","39.87%","699","755","-7.42%","-0.06","不適用","不適用","-","不適用","不適用","-","不適用","不適用","-","不適用","不適用","-","1045","1.05","N","N","N","","",
"光電業","6226","光鼎","31537","38","830","850","-2.35%","687","716","-4.05%","-0.28","不適用","不適用","-","不適用","不適用","-","不適用","不適用","-","不適用","不適用","-","1045","1.05","N","N","Y","本公司薪酬政策係綜合考量經營績效、個人績效及市場水準訂定。年度平均薪資變動受人員結構及獎酬發放差異影響，整體薪酬與公司經營成果具合理關聯性。","本公司將持續檢視薪酬制度與市場競爭力，強化員工薪酬與經營績效連結，並透過調薪、獎金及福利優化等措施，以吸引及留任優秀人才。",
"電腦及週邊設備業","6230","尼得科超眾","296959","329","903","867","4.15%","773","742","4.18%","-2.44","不適用","不適用","-","不適用","不適用","-","不適用","不適用","-","不適用","不適用","-","1536","8.64","N","N","N","","",
"電腦及週邊設備業","6235","華孚","30214","36","839","994","-15.59%","784","911","-13.94%","2.90","不適用","不適用","-","不適用","不適用","-","不適用","不適用","-","不適用","不適用","-","1536","8.64","N","N","N","","",
"半導體業","6239","力成","9793464","11215","873","869","0.46%","702","689","1.89%","7.48","不適用","不適用","-","不適用","不適用","-","不適用","不適用","-","不適用","不適用","-","2233","26.52","N","N","N","","",
"半導體業","6243","迅杰","92653","69","1343","1513","-11.24%","1202","1355","-11.29%","-0.52","不適用","不適用","-","不適用","不適用","-","不適用","不適用","-","不適用","不適用","-","2233","26.52","N","N","N","","",
"半導體業","6257","矽格","1942308","2258","860","858","0.23%","702","682","2.93%","6.14","不適用","不適用","-","不適用","不適用","-","不適用","不適用","-","不適用","不適用","-","2233","26.52","N","N","N","","",
"電子零組件業","6269","台郡","1221044","1841","663","648","2.31%","572","549","4.19%","-6.95","不適用","不適用","-","不適用","不適用","-","不適用","不適用","-","不適用","不適用","-","1048","7.37","N","N","N","","",
"半導體業","6271","同欣電","2063693","2206","935","901","3.77%","778","765","1.70%","7.64","不適用","不適用","-","不適用","不適用","-","不適用","不適用","-","不適用","不適用","-","2233","26.52","N","N","N","","",
"電子零組件業","6272","驊陞","158441","120","1320","0","0.00%","1246","0","0.00%","3.43","不適用","不適用","-","不適用","不適用","-","不適用","不適用","-","不適用","不適用","-","1048","7.37","N","N","N","本公司本年度每股盈餘雖低於同業平均，但為留住優秀人才並落實利潤共享，非主管全時員工平均薪資
（1,320仟元）仍優於同業水準（1,048仟元）。薪酬發放兼顧營運現況與市場競爭力，具實質合理性。","本公司未來將持續優化產品結構與拓展高毛利市場，以提升整體獲利能力；同時建立更緊密的績效導向薪
酬機制，將員工獎酬與公司營運績效、個人貢獻度深度連結，在確保薪資具市場競爭力下追求永續經營。",
"電腦及週邊設備業","6277","宏正","741672","646","1148","1125","2.04%","993","954","4.09%","3.08","不適用","不適用","-","不適用","不適用","-","不適用","不適用","-","不適用","不適用","-","1536","8.64","N","N","N","","",
"光電業","6278","台表科","559251","749","747","694","7.64%","589","544","8.27%","9.39","不適用","不適用","-","不適用","不適用","-","不適用","不適用","-","不適用","不適用","-","1045","1.05","N","Y","N","本公司非擔任主管職員工薪資低於同業，主因本公司在產業鏈中屬製造生產端，產線作業員比例大於同業，在人力結構不同的情況下，非經理人之全時員工薪資低於同業。","本公司合併報表獲利主要來自中國廠區，臺灣廠區的獲利排除轉投資利益於114年度EPS約2.05，另臺灣廠區預計於2026年1月及7月調薪以提升非經理人之薪資。",
"電子通路業","6281","全國電","1184868","1578","751","756","-0.66%","684","687","-0.44%","3.70","不適用","不適用","-","不適用","不適用","-","不適用","不適用","-","不適用","不適用","-","1126","5.43","N","N","N","","",
"電子零組件業","6282","康舒","1707716","1423","1200","1091","9.99%","983","895","9.83%","0.18","不適用","不適用","-","不適用","不適用","-","不適用","不適用","-","不適用","不適用","-","1048","7.37","N","N","N","","",
"其他電子業","6283","淳安","20588","19","1084","972","11.52%","1043","952","9.56%","-0.22","不適用","不適用","-","不適用","不適用","-","不適用","不適用","-","不適用","不適用","-","1487","11.09","N","N","N","","",
"通信網路業","6285","啟碁","6792245","5507","1233","1198","2.92%","928","885","4.86%","6.41","不適用","不適用","-","不適用","不適用","-","不適用","不適用","-","不適用","不適用","-","1376","4.79","N","Y","N","啟碁係一製造公司，且產品在台製造比重高，故工廠直接人員人數多，進而影響整體非主管職員工之年度平均薪資數。
另，通信網路業中，公司行業存有差異 (如服務業或製造業等)，故各公司之薪資結構比較基礎不盡相同。","本公司將定期依據物價水準、巿場供需、同業薪資標準與法令要求等相關因素調整薪資水準，以提供員工合理之薪酬並留任優秀人才；同時兼顧股東權益，維持公司長期穩定發展。",
"光電業","6405","悅城","25704","34","756","557","35.73%","629","459","37.04%","-1.26","不適用","不適用","-","不適用","不適用","-","不適用","不適用","-","不適用","不適用","-","1045","1.05","N","N","N","","",
"其他電子業","6409","旭隼","224765","193","1165","1162","0.26%","881","832","5.89%","40.23","不適用","不適用","-","不適用","不適用","-","不適用","不適用","-","不適用","不適用","-","1487","11.09","N","Y","N","本公司屬其他電子產業別，該產業上市公司產業多樣且具人力結構差異，難一致性比較；114年度整體薪酬水準較過往年度皆增加，屬合理範圍。","本公司每年均進行年度調薪，並依公司營運績效核發獎金與員工酬勞。",
"電子零組件業","6412","群電","1298393","805","1613","1888","-14.57%","1500","1691","-11.30%","5.20","不適用","不適用","-","不適用","不適用","-","不適用","不適用","-","不適用","不適用","-","1048","7.37","N","N","N","","",
"電腦及週邊設備業","6414","樺漢","271044","187","1449","1449","0.00%","1291","1256","2.79%","23.26","不適用","不適用","-","不適用","不適用","-","不適用","不適用","-","不適用","不適用","-","1536","8.64","N","Y","N","本公司薪酬係依據本公司「薪酬管理辦法」辦理，採「績效連結原則」。為確保員工在個體層級之日常營運貢獻度產生直接連動，本公司計算獎金之獲利基礎，係以「樺漢個體之實際營業績效」作為核心評估指標。","1. 每年參考同業薪資數據進行市場競爭力調整，維持薪酬水平
2. 推動數位轉型與 AI 人才培育計畫，提升員工職能與人均產值，進而回饋於薪資結構
3. 持續優化多元福利方案，如EAP、長期激勵計畫等。",
"通信網路業","6416","瑞祺電通","171697","223","770","749","2.80%","661","640","3.28%","4.30","不適用","不適用","-","不適用","不適用","-","不適用","不適用","-","不適用","不適用","-","1376","4.79","N","N","N","","",
"通信網路業","6426","統新","141648","199","712","634","12.30%","650","566","14.84%","-0.78","不適用","不適用","-","不適用","不適用","-","不適用","不適用","-","不適用","不適用","-","1376","4.79","N","N","N","","",
"其他電子業","6438","迅得","624178","675","925","916","0.98%","875","948","-7.70%","5.24","不適用","不適用","-","不適用","不適用","-","不適用","不適用","-","不適用","不適用","-","1487","11.09","N","N","N","","",
"通信網路業","6442","光聖","541241","422","1283","1039","23.48%","899","706","27.34%","23.46","不適用","不適用","-","不適用","不適用","-","不適用","不適用","-","不適用","不適用","-","1376","4.79","N","Y","N","公司獲利成長主要來自高速傳輸、光通訊及資料中心相關產品，高毛利產品比重提升，表現優於同業。主要營運模式屬網通設備製造及組裝服務，全時員工包含製造、品保等職類，年度平均薪資水準較以研發人員為主之同業略低","未來將參考市場薪資水準及產業趨勢，持續推動技術職能認證、專業技能、管理職培訓，同時提高績效獎酬比例並優化薪酬等各項福利措施，以提升員工薪資競爭力及留才效果，並逐步改善相關指標表現。",
"光電業","6443","元晶","559029","910","614","588","4.42%","497","491","1.22%","-6.24","            669","不適用","-","            531","不適用","-","            549","不適用","-","            461","不適用","-","1045","1.05","N","N","N","","",
"生技醫療業","6446","藥華藥","527801","349","1512","1190","27.06%","1230","936","31.41%","13.64","不適用","不適用","-","不適用","不適用","-","不適用","不適用","-","不適用","不適用","-","870","2.67","N","N","N","","",
"電子零組件業","6449","鈺邦","179225","131","1368","1272","7.55%","999","943","5.94%","7.38","不適用","不適用","-","不適用","不適用","-","不適用","不適用","-","不適用","不適用","-","1048","7.37","N","N","N","","",
"其他","6464","台數科","27306","44","621","600","3.50%","579","565","2.48%","4.20","不適用","不適用","-","不適用","不適用","-","不適用","不適用","-","不適用","不適用","-","922","2.61","N","Y","N","本公司因集團布局多元且獲利穩健，營運績效隨之較同業為佳。近七年「非擔任主管職務之全時員工」平均薪資皆呈正成長，充分落實利潤共享，體現企業永續經營與員工薪酬提升之緊密關聯性與合理性。","本公司透過定期檢視薪酬制度並依據個人績效調薪，優化各項福利。未來將評估建構具市場競爭力的獎勵制度，實質提升員工向心力與留任意願；同時積極擴大留才與引才管道，以實施兼具激勵與市場優勢的具體改善措施。",
"生技醫療業","6472","保瑞","131827","155","850","815","4.29%","586","556","5.40%","23.90","不適用","不適用","-","不適用","不適用","-","不適用","不適用","-","不適用","不適用","-","870","2.67","N","Y","N","母公司人數僅佔集團人數8.74%且廠區人數佔65%，114年公司合併報表EPS雖高於市場平均，但較去年減少38.23%，公司114年平均薪資及中位數仍然&#31311;定成長，本公司將持續以經營績效及員工個人表現設定合理關聯性","本公司將持續以經營績效、員工個人表現及薪資市場價值為依據調整薪資結構及獎金制度",
"光電業","6477","安集","59007","92","641","557","15.08%","613","505","21.39%","0.02","不適用","不適用","-","不適用","不適用","-","不適用","不適用","-","不適用","不適用","-","1045","1.05","N","N","N","","",
"生技醫療業","6491","晶碩","1611165","1725","934","938","-0.43%","800","822","-2.68%","20.87","不適用","不適用","-","不適用","不適用","-","不適用","不適用","-","不適用","不適用","-","870","2.67","N","N","N","","",
"其他","6504","南六","135160","217","623","602","3.49%","534","512","4.30%","-1.09","不適用","不適用","-","不適用","不適用","-","不適用","不適用","-","不適用","不適用","-","922","2.61","N","N","N","","",
"油電燃氣業","6505","台塑化","7357203","4934","1491","1452","2.69%","1384","1348","2.67%","1.04","          1,522","不適用","-","          1,191","不適用","-","          1,403","不適用","-","          1,042","不適用","-","1261","1.15","N","N","N","","",
"半導體業","6515","穎崴","1274705","822","1551","1129","37.38%","1284","915","40.33%","46.93","不適用","不適用","-","不適用","不適用","-","不適用","不適用","-","不適用","不適用","-","2233","26.52","N","Y","N","半導體產業含晶圓代工、IC設計、治具製造...等，細分領域的成本結構與員工組成差異極大，平均薪資不盡具可比較性。且114年因新進同仁以基層員工佔多數所致。","公司一向以具競爭力的薪酬條件為重大政策方針，並於114年入選為「臺灣高薪100指數」成分股，代表公司薪酬發放已受高度肯定，未來仍將維持具競爭力的薪酬條件以確保薪酬具有市場競爭力，吸引及留任人才。",
"半導體業","6526","達發","3098358","877","3533","3571","-1.06%","2805","3049","-8.00%","17.32","不適用","不適用","-","不適用","不適用","-","不適用","不適用","-","不適用","不適用","-","2233","26.52","N","N","Y","本公司非經理人之全時員工薪資平均數較前一年度微幅減少1%，原因為： 
1.114年度人數成長13%。
2.留才獎金發放週期/人數產生統計計算之差異。","留才獎金發放週期調整，以降低平均薪的高低波動。",
"半導體業","6531","愛普*","373992","178","2101","1993","5.42%","1707","1523","12.08%","7.74","不適用","不適用","-","不適用","不適用","-","不適用","不適用","-","不適用","不適用","-","2233","26.52","N","N","N","","",
"半導體業","6533","晶心科","892363","360","2479","2298","7.88%","2052","1917","7.04%","-8.20","不適用","不適用","-","不適用","不適用","-","不適用","不適用","-","不適用","不適用","-","2233","26.52","N","N","N","","",
"生技醫療業","6534","正瀚-創","230626","154","1498","1253","19.55%","863","744","15.99%","4.51","不適用","不適用","-","不適用","不適用","-","不適用","不適用","-","不適用","不適用","-","870","2.67","N","N","N","","",
"半導體業","6552","易華電","274937","526","523","532","-1.69%","482","499","-3.41%","-14.35","不適用","不適用","-","不適用","不適用","-","不適用","不適用","-","不適用","不適用","-","2233","26.52","N","N","N","","",
"其他電子業","6558","興能高","43874","46","954","940","1.49%","834","810","2.96%","-1.02","不適用","不適用","-","不適用","不適用","-","不適用","不適用","-","不適用","不適用","-","1487","11.09","N","N","N","","",
"電腦及週邊設備業","6579","研揚","578055","511","1131","1015","11.43%","954","905","5.41%","5.62","不適用","不適用","-","不適用","不適用","-","不適用","不適用","-","不適用","不適用","-","1536","8.64","N","N","N","","",
"綠能環保","6581","鋼聯","105462","100","1055","1044","1.05%","1020","1003","1.69%","6.17","不適用","不適用","-","不適用","不適用","-","不適用","不適用","-","不適用","不適用","-","1032","4.97","N","N","N","","",
"橡膠工業","6582","申豐","81114","135","601","643","-6.53%","541","558","-3.05%","-0.41","不適用","不適用","-","不適用","不適用","-","不適用","不適用","-","不適用","不適用","-","764","0.78","N","N","N","本公司114年本業仍處於虧損狀態，薪資平均數較113年降低係因114年無分配員工酬勞，獎金較113年減少，及部分資深員工退休。","本公司將持續加強公司競爭力以改善獲利表現，依公司薪資政策、衡量同業水準及營運績效調整薪資結構，並依員工績效評核結果及公司營運成果配發獎金，在永續經營下持續優化同仁薪資水準。",
"其他","6585","鼎基","509145","613","831","854","-2.69%","754","771","-2.20%","5.64","不適用","不適用","-","不適用","不適用","-","不適用","不適用","-","不適用","不適用","-","922","2.61","N","Y","N","本公司每年依據營運獲利狀況及個人績效發放獎金及調整薪資，亦考量薪資外部競爭力及內部公平性進行系統性調整，以達到與員工分享利潤及提升人力資源之目的。","本公司將持續優化並定期檢視人力資源配置及薪酬制度，並依年度營運成果適時調整員工薪資，以期符合薪酬政策與經營績效之關聯性，達到公平與激勵並重之目標。",
"生技醫療業","6589","台康生技","387241","351","1103","1037","6.36%","1014","900","12.67%","-2.51","不適用","不適用","-","不適用","不適用","-","不適用","不適用","-","不適用","不適用","-","870","2.67","N","N","N","","",
"其他","6592","和潤企業","1320052","952","1387","1294","7.19%","1084","977","10.95%","4.72","不適用","不適用","-","不適用","不適用","-","不適用","不適用","-","不適用","不適用","-","922","2.61","N","N","N","","",
"汽車工業","6605","帝寶","2227721","2985","746","801","-6.87%","699","751","-6.92%","13.97","不適用","不適用","-","不適用","不適用","-","不適用","不適用","-","不適用","不適用","-","890","4.02","N","Y","N","公司為汽車零組件供應廠屬勞力密集產業，外籍員工約27%，影響平均薪資水準；每年依營運及獲利持續調薪，平均年薪自58.6萬(110年)調至75.9萬(113年)增幅約30%。114年受對等關稅影響獲利及獎金致平均薪資較113年減少。","後續仍將視營運狀況不斷檢討、提升員工薪酬福利，
2026年人事費用成長預計平均可達3%",
"電機機械","6606","建德工業","36418","63","578","595","-2.86%","547","579","-5.53%","1.09","不適用","不適用","-","不適用","不適用","-","不適用","不適用","-","不適用","不適用","-","910","1.58","N","N","Y","本公司受工具機產業景氣放緩及接單受阻影響，營運面臨挑戰。惟為維持技術傳承，仍策略性持續聘用並培育較多基層技術與儲備人才，致非主管職平均薪資受人力結構影響低於同業。公司薪酬均合規，並保障員工福利與調薪。","為留任人才，我司推動四項措施：一、精進績效考核與獎酬連結；二、提升零件自製率增進獲利；三、拓展海外與新興客戶強化接單；四、落實盈餘調薪與獎金共享。期能兼顧股東與員工權益，提升薪酬競爭力並達成永續經營。",
"數位雲端","6614","資拓宏宇","1470189","1542","953","929","2.58%","824","799","3.13%","2.08","不適用","不適用","-","不適用","不適用","-","不適用","不適用","-","不適用","不適用","-","1034","6.89","N","N","N","","",
"其他","6625","必應","384028","308","1247","1165","7.04%","1003","945","6.14%","9.13","不適用","不適用","-","不適用","不適用","-","不適用","不適用","-","不適用","不適用","-","922","2.61","N","N","N","","",
"生技醫療業","6645","金萬林-創","83972","106","792","768","3.13%","667","642","3.89%","-2.41","不適用","不適用","-","不適用","不適用","-","不適用","不適用","-","不適用","不適用","-","870","2.67","N","N","N","","",
"其他","6655","科定","484347","612","791","748","5.75%","724","667","8.55%","3.92","不適用","不適用","-","不適用","不適用","-","不適用","不適用","-","不適用","不適用","-","922","2.61","N","Y","N","「其他」產業涵蓋多元，數據僅供參考。本公司114年度非主管職員工平均月薪約6.6萬元，較113年度成長5.8%，並高於主計總處公布之全體受僱員工平均薪資約6.3萬元，顯示本公司持續重視人才留任與員工福利。","本公司定期檢視薪酬水準，強化人才留任與市場競爭力，並秉持獲利共享理念，與員工共享經營成果，創造企業與同仁雙贏。",
"生技醫療業","6657","華安","16880","18","938","831","12.88%","937","788","18.91%","-2.92","不適用","不適用","-","不適用","不適用","-","不適用","不適用","-","不適用","不適用","-","870","2.67","N","N","N","","",
"其他電子業","6658","聯策","74507","99","753","683","10.25%","639","615","3.90%","1.38","不適用","不適用","-","不適用","不適用","-","不適用","不適用","-","不適用","不適用","-","1487","11.09","N","N","N","","",
"光電業","6668","中揚光","172149","216","797","722","10.39%","686","639","7.36%","-1.93","不適用","不適用","-","不適用","不適用","-","不適用","不適用","-","不適用","不適用","-","1045","1.05","N","N","N","","",
"電腦及週邊設備業","6669","緯穎","3624780","1296","2797","1035","170.24%","2270","774","193.28%","275.06","不適用","不適用","-","不適用","不適用","-","不適用","不適用","-","不適用","不適用","-","1536","8.64","N","N","N","","",
"運動休閒","6670","復盛應用","876598","947","926","898","3.12%","774","744","4.03%","22.45","不適用","不適用","-","不適用","不適用","-","不適用","不適用","-","不適用","不適用","-","890","5.10","N","N","N","","",
"通信網路業","6674","鋐寶科技","66118","80","826","835","-1.08%","762","703","8.39%","-1.13","不適用","不適用","-","不適用","不適用","-","不適用","不適用","-","不適用","不適用","-","1376","4.79","N","N","Y","本公司薪酬政策係考量經營績效、獲利情形、個人績效及市場水準訂定。本年度仍處虧損狀態，薪酬調整採審慎原則；另因人員結構變動，非主管職員工薪資平均數下降，相關變動與公司經營成果具合理關聯性。","本公司將持續提升營運績效及獲利能力，並依公司經營成果及市場薪酬水準適時檢討薪酬制度；同時強化關鍵人才留任與人才培育機制，以穩定人力結構並提升整體薪酬競爭力。",
"數位雲端","6689","伊雲谷","249642","231","1081","832","29.93%","935","656","42.53%","2.31","          1,185","不適用","-","            993","不適用","-","          1,054","不適用","-","            858","不適用","-","1034","6.89","N","N","N","","",
"其他電子業","6691","洋基工程","983483","607","1620","1482","9.31%","1245","1139","9.31%","24.76","不適用","不適用","-","不適用","不適用","-","不適用","不適用","-","不適用","不適用","-","1487","11.09","N","N","N","","",
"半導體業","6695","芯鼎","271476","159","1707","1661","2.77%","1567","1561","0.38%","-1.83","不適用","不適用","-","不適用","不適用","-","不適用","不適用","-","不適用","不適用","-","2233","26.52","N","N","N","","",
"其他電子業","6698","旭暉應材","100673","166","606","539","12.43%","517","466","10.94%","-1.65","不適用","不適用","-","不適用","不適用","-","不適用","不適用","-","不適用","不適用","-","1487","11.09","N","N","N","","",
"光電業","6706","惠特","263791","361","731","772","-5.31%","631","657","-3.96%","-3.92","不適用","不適用","-","不適用","不適用","-","不適用","不適用","-","不適用","不適用","-","1045","1.05","N","N","Y","113年度受客戶急單及生產排程影響，加班情形較多、公司增加相關獎勵機制，如加班獎勵金及績效獎金。","本公司積極投入研發並配合客戶開發新產品以爭取未來量產機訂單，同時擴大代工業務，除已有國內外知名客戶穩定投產外，尚有其他客戶驗證中",
"電子零組件業","6715","嘉基","79140","79","1002","1055","-5.02%","867","924","-6.17%","1.80","不適用","不適用","-","不適用","不適用","-","不適用","不適用","-","不適用","不適用","-","1048","7.37","N","N","N","","",
"半導體業","6719","力智","471647","246","1917","1480","29.53%","1650","1282","28.71%","6.58","不適用","不適用","-","不適用","不適用","-","不適用","不適用","-","不適用","不適用","-","2233","26.52","N","N","N","","",
"其他電子業","6722","輝創","452918","597","759","0","0.00%","605","0","0.00%","2.90","不適用","不適用","-","不適用","不適用","-","不適用","不適用","-","不適用","不適用","-","1487","11.09","N","N","N","","",
"光電業","6742","澤米","139375","215","648","653","-0.77%","572","571","0.18%","-1.52","不適用","不適用","-","不適用","不適用","-","不適用","不適用","-","不適用","不適用","-","1045","1.05","N","N","N","","",
"其他電子業","6743","安普新","138228","123","1124","1085","3.59%","1010","969","4.23%","0.71","不適用","不適用","-","不適用","不適用","-","不適用","不適用","-","不適用","不適用","-","1487","11.09","N","N","N","","",
"航運業","6753","龍德造船","620158","753","824","832","-0.96%","740","719","2.92%","5.98","不適用","不適用","-","不適用","不適用","-","不適用","不適用","-","不適用","不適用","-","1543","4.81","N","Y","N","員工薪酬依公司規章及營運狀況給予合理報酬，本年度非擔任主管職全時員工平均薪資較上年度成長；本公司屬船舶製造及維修，與其他航運業業態不同，生產線相關員工佔全體員工比重近7成，致本公司薪資平均數較同業低。","本公司因直接員工佔比較高，和其他航運業之人力資源結構不同。公司獲利表現穩定，每年持續依照員工績效表現給予相應之年度調薪，並參考同業薪資趨勢核定薪酬。",
"居家生活","6754","匯僑設計","257566","239","1078","1191","-9.49%","953","940","1.38%","3.41","不適用","不適用","-","不適用","不適用","-","不適用","不適用","-","不適用","不適用","-","737","5.53","N","N","N","","",
"半導體業","6756","威鋒電子","358008","177","2023","2024","-0.05%","1747","1743","0.23%","1.11","不適用","不適用","-","不適用","不適用","-","不適用","不適用","-","不適用","不適用","-","2233","26.52","N","N","N","本公司依公司章程規定，年度如有獲利，應提撥不低於5%為員工酬勞，故公司經營績效對員工獎勵有正向影響，以期達到企業留才並激勵員工與企業共同成長。","無",
"航運業","6757","台灣虎航","1642219","766","2144","2122","1.04%","1490","1475","1.02%","5.37","不適用","不適用","-","不適用","不適用","-","不適用","不適用","-","不適用","不適用","-","1543","4.81","N","N","N","","",
"半導體業","6770","力積電","10294047","8288","1242","1245","-0.24%","1156","1181","-2.12%","-1.86","          1,415","不適用","-","            962","不適用","-","          1,305","不適用","-","            905","不適用","-","2233","26.52","N","N","N","","",
"綠能環保","6771","平和環保-創","40598","66","615","612","0.49%","583","573","1.75%","3.64","不適用","不適用","-","不適用","不適用","-","不適用","不適用","-","不適用","不適用","-","1032","4.97","N","Y","N","本公司外籍移工比率為16.67%，致影響整體薪資水平；員工薪酬包含基本固定薪資、津貼、員工酬勞及年終獎金等，其中員工酬勞及年終獎金係依公司整體營運成果，並依據員工所擔任職務內容及個人貢獻之價值給予合理報酬。","公司固定於每年7月計畫性整體調薪，未來調薪幅度將視整體物價通膨狀況及營運成果、審慎評估整體薪酬政策及產業趨勢，以符合公司長期發展需求。",
"電子通路業","6776","展碁國際","354868","314","1130","1068","5.81%","964","924","4.33%","4.20","不適用","不適用","-","不適用","不適用","-","不適用","不適用","-","不適用","不適用","-","1126","5.43","N","N","N","","",
"生技醫療業","6782","視陽","188780","118","1600","1414","13.15%","1358","1167","16.37%","14.08","          1,912","不適用","-","          1,345","不適用","-","          1,551","不適用","-","          1,255","不適用","-","870","2.67","N","N","N","","",
"半導體業","6789","采鈺","1991860","1481","1345","1182","13.79%","1135","1015","11.82%","4.01","不適用","不適用","-","不適用","不適用","-","不適用","不適用","-","不適用","不適用","-","2233","26.52","N","N","N","","",
"造紙工業","6790","永豐實","658607","713","924","865","6.82%","791","744","6.32%","3.03","不適用","不適用","-","不適用","不適用","-","不適用","不適用","-","不適用","不適用","-","801","0.48","N","N","N","","",
"通信網路業","6792","詠業","357236","478","747","768","-2.73%","599","641","-6.55%","2.23","不適用","不適用","-","不適用","不適用","-","不適用","不適用","-","不適用","不適用","-","1376","4.79","N","N","Y","因本公司114年招聘員工，使基層員工比例提升，未滿一年的員工比例增加，致平均薪資下降。","公司將參酌市場薪資調查，檢視新進員工核薪、年度調薪、各項獎金等，使員工薪資水準具競爭性。",
"生技醫療業","6794","向榮生技","23250","29","802","718","11.70%","671","608","10.36%","-1.89","不適用","不適用","-","不適用","不適用","-","不適用","不適用","-","不適用","不適用","-","870","2.67","N","N","N","","",
"生技醫療業","6796","晉弘","114618","132","868","1044","-16.86%","717","915","-21.64%","0.20","不適用","不適用","-","不適用","不適用","-","不適用","不適用","-","不適用","不適用","-","870","2.67","N","N","Y","本年度全時非主管員工平均薪資下滑，主因係國內基層招募不易，為滿足產能策略性引進外籍移工，因薪資基期不同產生稀釋效應；次要原因則為下半年部分中堅同仁因個人規劃離職，致使整體薪酬下滑。","增加留才誘因，定期進行年度調薪作業。",
"半導體業","6799","來頡","47907","37","1295","1210","7.02%","1219","1110","9.82%","3.70","不適用","不適用","-","不適用","不適用","-","不適用","不適用","-","不適用","不適用","-","2233","26.52","N","N","N","","",
"電子零組件業","6805","富世達","95113","98","971","869","11.74%","813","706","15.16%","31.00","不適用","不適用","-","不適用","不適用","-","不適用","不適用","-","不適用","不適用","-","1048","7.37","N","Y","N","本公司員工薪酬係依據各工作職能及績效，實施績效承諾制度，以績效結果做為獎金、晉升及調薪參考，並視公司整體營運成果狀況給予及調整；整體薪酬政策已隨經營績效提升，並依個人表現與貢獻度，實質調增員工薪酬。","依不同的職務進行市場水平薪資調查，並視營運結果及依個人績效考核結果進行調整之建議。",
"其他電子業","6830","汎銓","657873","576","1142","1290","-11.47%","977","1011","-3.36%","-0.71","不適用","不適用","-","不適用","不適用","-","不適用","不適用","-","不適用","不適用","-","1487","11.09","N","N","N","","",
"電腦及週邊設備業","6831","邁科","76994","73","1055","0","0.00%","846","0","0.00%","4.94","不適用","不適用","-","不適用","不適用","-","不適用","不適用","-","不適用","不適用","-","1536","8.64","N","N","N","","",
"電子零組件業","6834","天二科技","228260","398","574","543","5.71%","525","487","7.80%","0.50","不適用","不適用","-","不適用","不適用","-","不適用","不適用","-","不適用","不適用","-","1048","7.37","N","N","N","","",
"電子零組件業","6835","圓裕","38753","48","807","898","-10.13%","727","826","-11.99%","0.97","不適用","不適用","-","不適用","不適用","-","不適用","不適用","-","不適用","不適用","-","1048","7.37","N","N","N","","",
"生技醫療業","6838","台新藥","18303","16","1144","1195","-4.27%","1158","1006","15.11%","-0.55","不適用","不適用","-","不適用","不適用","-","不適用","不適用","-","不適用","不適用","-","870","2.67","N","N","Y","公司每年皆有調薪, 會發生平均員工薪資較前一年度下降之情事, 係因公司持續增加員工(非資深員工)所致, 這部分亦可從中位數員工薪資為成長而看出端倪","鑒於公司每年皆有調薪, 此次平均薪資下降只是因公司擴編(平均人數從13變成16)增加非資深員工所導致, 且薪資中位數仍有成長, 故公司未來將繼續致力提高員工福祉",
"生技醫療業","6861","睿生光電","340754","333","1023","1047","-2.29%","826","931","-11.28%","3.84","不適用","不適用","-","不適用","不適用","-","不適用","不適用","-","不適用","不適用","-","870","2.67","N","N","Y","本公司因業務成長及組織擴編，當年度增聘較多基層人力，新進員工薪資水準相對較低，致平均薪資較前一年度下降。公司持續依經營成果及員工貢獻提供具市場競爭力之薪酬與獎酬，整體薪酬政策與經營績效仍維持適當連結。","本公司將持續定期檢視市場薪資水準及內部薪酬公平性，並透過調薪、獎金制度及人才發展計畫，強化員工留任與激勵效果，促進員工共享公司經營成果。",
"綠能環保","6869","雲豹能源","105763","105","1007","928","8.51%","843","818","3.06%","-4.20","不適用","不適用","-","不適用","不適用","-","不適用","不適用","-","不適用","不適用","-","1032","4.97","N","N","N","","",
"綠能環保","6873","泓德能源","210355","208","1011","1183","-14.54%","841","959","-12.30%","3.59","          1,097","不適用","-","            928","不適用","-","          1,032","不適用","-","            744","不適用","-","1032","4.97","N","Y","N","公司依據整體營業目標，並依據同仁所擔任職務及個人績效表現、貢獻價值給予合理報酬。","公司將持續關注人力資源相關議題，依照營運狀況、國內業界發放水平及整體薪酬政策，審慎評估相關政策做法，以符合公司長期永續人才發展需求。",
"生技醫療業","6885","全福生技","29361","24","1223","1229","-0.49%","1224","1214","0.82%","-3.32","不適用","不適用","-","不適用","不適用","-","不適用","不適用","-","不適用","不適用","-","870","2.67","N","N","N","","",
"其他","6901","鑽石投資","29664","14","2119","2035","4.13%","1039","1173","-11.42%","-1.38","不適用","不適用","-","不適用","不適用","-","不適用","不適用","-","不適用","不適用","-","922","2.61","N","N","N","","",
"數位雲端","6902","GOGOLOOK","254279","176","1445","1332","8.48%","1339","1211","10.57%","1.58","不適用","不適用","-","不適用","不適用","-","不適用","不適用","-","不適用","不適用","-","1034","6.89","N","N","N","","",
"數位雲端","6906","現觀科","148607","130","1143","1200","-4.75%","1032","1070","-3.55%","1.87","不適用","不適用","-","不適用","不適用","-","不適用","不適用","-","不適用","不適用","-","1034","6.89","N","N","N","","",
"半導體業","6909","創控","118051","114","1036","0","0.00%","932","0","0.00%","1.01","不適用","不適用","-","不適用","不適用","-","不適用","不適用","-","不適用","不適用","-","2233","26.52","N","N","N","","",
"其他","6914","阜爾運通","163927","225","729","698","4.44%","643","595","8.07%","9.60","不適用","不適用","-","不適用","不適用","-","不適用","不適用","-","不適用","不適用","-","922","2.61","N","Y","N","1.由於『其他產業別』中組成多元，行業間特性差異大，且本公司的月薪資平均數約6萬1仟高於主計處統計之4萬8仟達26.8%。
2.114年度員工薪酬增加4.4%，係因公司整體獲利上升，故整體員工薪資較去年同期上升。","1. 參考同業及主計處數據並優化現行薪資結構。
2. 持續推動績效季度考核制度，提昇員工薪酬以獎勵績優員工，以提升競爭力及留才效益",
"光電業","6916","華凌","180538","265","681","664","2.56%","628","613","2.45%","-1.44","不適用","不適用","-","不適用","不適用","-","不適用","不適用","-","不適用","不適用","-","1045","1.05","N","N","N","","",
"生技醫療業","6918","愛派司","118852","142","837","0","0.00%","684","0","0.00%","5.16","不適用","不適用","-","不適用","不適用","-","不適用","不適用","-","不適用","不適用","-","870","2.67","N","Y","N","每股盈餘較前一年度增加，主係營業收入成長。
惟非擔任主管職務之全時員工年度薪資平均數較前一年度減少，因員工變動薪酬（如績效獎金、年終獎金）與公司整體營運成果及預算達成連動,使得員工薪資費用有所幅動。","本公司仍持續關注員工薪酬福利及市場薪資水準，並透過完善的薪酬制度及績效獎酬機制，兼顧公司經營績效與員工權益。",
"生技醫療業","6919","康霈*","27070","32","846","780","8.46%","798","727","9.77%","-0.23","            965","不適用","-","            801","不適用","-","          1,012","不適用","-","            771","不適用","-","870","2.67","N","N","N","","",
"半導體業","6921","嘉雨思-創","30479","22","1385","0","0.00%","1163","0","0.00%","0.35","不適用","不適用","-","不適用","不適用","-","不適用","不適用","-","不適用","不適用","-","2233","26.52","N","N","N","","",
"綠能環保","6923","中台","140478","181","776","784","-1.02%","639","655","-2.44%","3.03","不適用","不適用","-","不適用","不適用","-","不適用","不適用","-","不適用","不適用","-","1032","4.97","N","Y","N","外籍工占員工35%，從事基層作業，致其平均薪資於同業中相對偏低。114年環境工程專案認列時程影響，獲利較前年下降，部分績效獎酬隨經營成果調整，致平均數及中位數較前年度減少，故薪酬與公司經營績效具合理關聯性。","已於114年初及115年初依員工績效辦理2%至5%調薪，未來將持續檢視市場薪資水準及同業薪酬趨勢，優化薪資與獎酬制度，強化人才培育及專業證照獎勵等機制，並視營運成果適時調整薪酬，以提升人才留任及整體薪資競爭力。",
"電腦及週邊設備業","6928","攸泰科技","302578","316","958","932","2.79%","819","791","3.54%","-0.73","不適用","不適用","-","不適用","不適用","-","不適用","不適用","-","不適用","不適用","-","1536","8.64","N","N","N","","",
"生技醫療業","6931","青松健康","225379","431","523","497","5.23%","479","458","4.59%","1.39","不適用","不適用","-","不適用","不適用","-","不適用","不適用","-","不適用","不適用","-","870","2.67","N","N","N","","",
"生技醫療業","6934","心誠鎂","55474","58","956","0","0.00%","751","0","0.00%","-3.92","不適用","不適用","-","不適用","不適用","-","不適用","不適用","-","不適用","不適用","-","870","2.67","N","N","N","","",
"生技醫療業","6936","永鴻生技","176476","168","1050","1021","2.84%","848","811","4.56%","1.82","不適用","不適用","-","不適用","不適用","-","不適用","不適用","-","不適用","不適用","-","870","2.67","N","N","N","","",
"半導體業","6937","天虹","299416","307","975","875","11.43%","808","755","7.02%","3.01","不適用","不適用","-","不適用","不適用","-","不適用","不適用","-","不適用","不適用","-","2233","26.52","N","N","N","","",
"綠能環保","6944","兆聯實業","1180332","683","1728","0","0.00%","1484","0","0.00%","32.29","不適用","不適用","-","不適用","不適用","-","不適用","不適用","-","不適用","不適用","-","1032","4.97","N","N","N","","",
"生技醫療業","6949","沛爾生醫-創","57759","72","802","827","-3.02%","690","701","-1.57%","-7.23","不適用","不適用","-","不適用","不適用","-","不適用","不適用","-","不適用","不適用","-","870","2.67","N","N","N","","",
"綠能環保","6951","青新-創","126967","138","920","927","-0.76%","798","709","12.55%","5.39","不適用","不適用","-","不適用","不適用","-","不適用","不適用","-","不適用","不適用","-","1032","4.97","N","Y","Y","主係受員工晉升經理人致非經理人平均數較前一年度下降；
本公司年終獎金係將本公司之每股盈餘1/3為基礎，於考量
其年資、考績、出勤與獎懲情形後分配予全體同仁。","本公司擬參酌市場薪資水準、經濟趨勢及個人績效予以調薪，
以提供合乎勞動法&#63912;之員工報酬及待遇、維持整體薪酬競爭力。",
"其他","6952","大武山","125876","209","602","653","-7.81%","550","597","-7.87%","-1.08","            603","不適用","-","            602","不適用","-","            533","不適用","-","            564","不適用","-","922","2.61","N","N","N","","",
"生技醫療業","6955","邦睿生技-創","77887","95","820","725","13.10%","687","658","4.41%","4.13","不適用","不適用","-","不適用","不適用","-","不適用","不適用","-","不適用","不適用","-","870","2.67","N","Y","N","本公司組織擴編，增聘基層員工約18%且直接人工約占24%，致平均薪資低於同業。本公司持續增進薪酬福利114年平均薪資及中位數較前一年度各別成長13.1%及4.4%，本公司將持續以員工績效及薪資市場價值設定合理關聯性。","本公司持續依經營績效、市場環境及參考同業水準進行薪酬調整，規劃年度專案獎金以及各項薪酬活動以在相同產業中保持薪酬競爭力。",
"其他","6958","日盛台駿","396510","362","1095","1218","-10.10%","906","988","-8.30%","-2.38","不適用","不適用","-","不適用","不適用","-","不適用","不適用","-","不適用","不適用","-","922","2.61","N","N","N","","",
"綠能環保","6969","成信實業*-創","90834","100","908","936","-2.99%","542","511","6.07%","-0.09","不適用","不適用","-","不適用","不適用","-","不適用","不適用","-","不適用","不適用","-","1032","4.97","N","N","Y","本公司114年員工平均薪資較113年減少3%，主要係因114年度人員異動致薪資計算差異。","114年係為人員異動導致之差異。且因公司尚處虧損狀態，未來將持續提升營運績效並與員工分享營運成果。",
"汽車工業","6988","威力暘-創","135130","149","907","815","11.29%","655","618","5.99%","-1.13","不適用","不適用","-","不適用","不適用","-","不適用","不適用","-","不適用","不適用","-","890","4.02","N","N","N","","",
"綠能環保","6994","富威電力","62341","54","1154","771","49.68%","945","704","34.23%","6.34","不適用","不適用","-","不適用","不適用","-","不適用","不適用","-","不適用","不適用","-","1032","4.97","N","N","N","","",
"綠能環保","7610","聯友金屬-創","68618","85","807","0","0.00%","793","0","0.00%","5.45","不適用","不適用","-","不適用","不適用","-","不適用","不適用","-","不適用","不適用","-","1032","4.97","N","Y","N","本公司員工薪酬組合主要包含基本固定薪資、津貼及獎金，其中獎金係與績效考核結果連結，並依員工年度績效考核表現、特殊貢獻或優異表現，以及公司整體營運績效，給予合理報酬。","本公司員工薪酬政策與經營績效具連動性，隨營運效率提升及經營績效改善，員工薪酬亦將適度反映公司營運成果。
本公司114年度全體員工固定薪資調幅為4.08%，並依據員工113年度績效考核結果，辦理個別薪資調整。",
"其他電子業","7631","聚賢研發-創","122073","127","961","881","9.08%","842","791","6.45%","6.56","不適用","不適用","-","不適用","不適用","-","不適用","不適用","-","不適用","不適用","-","1487","11.09","N","N","N","","",
"觀光餐旅","7705","三商餐飲","690390","1236","559","571","-2.10%","480","469","2.35%","1.92","不適用","不適用","-","不適用","不適用","-","不適用","不適用","-","不適用","不適用","-","711","2.66","N","N","N","","",
"電腦及週邊設備業","7711","永擎","499656","346","1444","0","0.00%","1287","0","0.00%","13.04","不適用","不適用","-","不適用","不適用","-","不適用","不適用","-","不適用","不適用","-","1536","8.64","N","Y","N","本公司依獲利提撥員工現金酬勞，並搭配限制型股票作為長期激勵，使整體獎酬與公司獲利及資本市場表現掛勾，尚屬合理。
若將同仁限制型股票所得計算在內，114年非擔任主管職務之全時員工平均薪資將高於同業平均。","本公司已明訂員工酬勞提撥辦法，未來將依年度實質獲利成果，確實按固定比例提撥並發放員工現金紅利，並搭配各式股權激勵方案，做為同仁短/長期的各式獎酬。如114年公司現金增資，即提撥15%讓同仁認購。",
"數位雲端","7721","微程式","128448","165","778","0","0.00%","742","0","0.00%","0.55","不適用","不適用","-","不適用","不適用","-","不適用","不適用","-","不適用","不適用","-","1034","6.89","N","N","N","","",
"數位雲端","7722","LINEPAY","315186","251","1256","1196","5.02%","926","707","30.98%","7.46","不適用","不適用","-","不適用","不適用","-","不適用","不適用","-","不適用","不適用","-","1034","6.89","N","N","N","","",
"半導體業","7730","暉盛-創","52947","58","913","0","0.00%","717","0","0.00%","1.73","不適用","不適用","-","不適用","不適用","-","不適用","不適用","-","不適用","不適用","-","2233","26.52","N","N","N","","",
"汽車工業","7732","金興精密","105821","200","529","0","0.00%","460","0","0.00%","1.73","不適用","不適用","-","不適用","不適用","-","不適用","不適用","-","不適用","不適用","-","890","4.02","N","N","N","","",
"汽車工業","7736","虎山","135622","270","502","515","-2.52%","451","469","-3.84%","5.04","不適用","不適用","-","不適用","不適用","-","不適用","不適用","-","不適用","不適用","-","890","4.02","N","Y","N","公司人力結構直接員工數佔總人數之78.5%，其中外籍員工數佔直接員工數約21.5%，因此影響整體薪資平均水準。","114年平均調薪2.43%。具體改善措施：一、優化薪酬結構，推動與「生產效率及專案績效」連動之激勵獎金，拉高整體所得；二、配合自動化轉型，增設技術津貼與職能培訓，實質調升基層固定底薪。",
"綠能環保","7740","熙特爾-創","59147","48","1232","0","0.00%","1056","0","0.00%","4.90","不適用","不適用","-","不適用","不適用","-","不適用","不適用","-","不適用","不適用","-","1032","4.97","N","N","N","","",
"電機機械","7750","新代","913413","509","1795","0","0.00%","1701","0","0.00%","35.12","不適用","不適用","-","不適用","不適用","-","不適用","不適用","-","不適用","不適用","-","910","1.58","N","N","N","","",
"數位雲端","7765","中華資安","426212","326","1307","0","0.00%","1289","0","0.00%","11.47","不適用","不適用","-","不適用","不適用","-","不適用","不適用","-","不適用","不適用","-","1034","6.89","N","N","N","","",
"半導體業","7769","鴻勁","1974272","602","3280","0","0.00%","2667","0","0.00%","75.71","不適用","不適用","-","不適用","不適用","-","不適用","不適用","-","不適用","不適用","-","2233","26.52","N","N","N","","",
"食品工業","7780","大研生醫*","62597","46","1361","0","0.00%","1257","0","0.00%","0.51","不適用","不適用","-","不適用","不適用","-","不適用","不適用","-","不適用","不適用","-","875","2.70","N","N","N","","",
"綠能環保","7786","東方風能","307575","217","1417","0","0.00%","1284","0","0.00%","11.11","不適用","不適用","-","不適用","不適用","-","不適用","不適用","-","不適用","不適用","-","1032","4.97","N","N","N","","",
"電子零組件業","7788","松川精密","490239","826","594","0","0.00%","500","0","0.00%","3.63","不適用","不適用","-","不適用","不適用","-","不適用","不適用","-","不適用","不適用","-","1048","7.37","N","N","N","","",
"食品工業","7791","皇家可口","293457","373","787","0","0.00%","686","0","0.00%","5.61","不適用","不適用","-","不適用","不適用","-","不適用","不適用","-","不適用","不適用","-","875","2.70","N","Y","N","非擔任主管職務之全時員工人數中，外勞佔比約為28%，故整體薪資平均數略低於同業水準。","1.依照營運目標進展與獲利發放各項獎金，並於114年2月13日修訂公司章程，明訂年度如有獲利，應提撥不低於1%為員工酬勞，前述員工酬勞總額其中不低於30%應發給基層員工。
2.非主管職同仁的薪資依基本工資作調整。",
"電子零組件業","7795","長廣","39541","41","964","0","0.00%","894","0","0.00%","3.11","不適用","不適用","-","不適用","不適用","-","不適用","不適用","-","不適用","不適用","-","1048","7.37","N","N","N","","",
"生技醫療業","7799","禾榮科","73774","64","1153","0","0.00%","1082","0","0.00%","-3.31","不適用","不適用","-","不適用","不適用","-","不適用","不適用","-","不適用","不適用","-","870","2.67","N","N","N","","",
"汽車工業","7821","神數","808307","574","1408","0","0.00%","1335","0","0.00%","2.99","不適用","不適用","-","不適用","不適用","-","不適用","不適用","-","不適用","不適用","-","890","4.02","N","N","N","","",
"通信網路業","8011","台通","181111","254","713","732","-2.60%","670","680","-1.47%","1.30","不適用","不適用","-","不適用","不適用","-","不適用","不適用","-","不適用","不適用","-","1376","4.79","N","N","N","","",
"半導體業","8016","矽創","908987","385","2361","2400","-1.63%","2245","2241","0.18%","14.66","不適用","不適用","-","不適用","不適用","-","不適用","不適用","-","不適用","不適用","-","2233","26.52","N","N","N","","",
"其他電子業","8021","尖點","262273","316","830","772","7.51%","704","666","5.71%","2.75","不適用","不適用","-","不適用","不適用","-","不適用","不適用","-","不適用","不適用","-","1487","11.09","N","N","N","","",
"半導體業","8028","昇陽半導體","727944","827","880","822","7.06%","747","727","2.75%","4.37","不適用","不適用","-","不適用","不適用","-","不適用","不適用","-","不適用","不適用","-","2233","26.52","N","N","N","","",
"其他","8033","雷虎","38896","53","734","603","21.72%","593","552","7.43%","0.58","不適用","不適用","-","不適用","不適用","-","不適用","不適用","-","不適用","不適用","-","922","2.61","N","N","N","","",
"電子零組件業","8039","台虹","760698","924","823","891","-7.63%","706","829","-14.84%","2.07","不適用","不適用","-","不適用","不適用","-","不適用","不適用","-","不適用","不適用","-","1048","7.37","N","N","N","","",
"通信網路業","8045","達運光電","131191","175","750","719","4.31%","690","580","18.97%","0.64","不適用","不適用","-","不適用","不適用","-","不適用","不適用","-","不適用","不適用","-","1376","4.79","N","N","N","","",
"電子零組件業","8046","南電","5744135","5676","1012","807","25.40%","940","764","23.04%","3.01","不適用","不適用","-","不適用","不適用","-","不適用","不適用","-","不適用","不適用","-","1048","7.37","N","N","N","","",
"電子通路業","8070","長華*","57812","69","838","1569","-46.59%","785","1443","-45.60%","1.02","不適用","不適用","-","不適用","不適用","-","不適用","不適用","-","不適用","不適用","-","1126","5.43","N","N","N","","",
"電子通路業","8072","陞泰","5425","9","603","616","-2.11%","516","484","6.61%","1.11","不適用","不適用","-","不適用","不適用","-","不適用","不適用","-","不適用","不適用","-","1126","5.43","N","N","N","","",
"半導體業","8081","致新","824589","356","2316","2303","0.56%","2202","2176","1.19%","17.76","不適用","不適用","-","不適用","不適用","-","不適用","不適用","-","不適用","不適用","-","2233","26.52","N","N","N","","",
"通信網路業","8101","華冠","33630","41","820","1006","-18.49%","789","889","-11.25%","-3.15","不適用","不適用","-","不適用","不適用","-","不適用","不適用","-","不適用","不適用","-","1376","4.79","N","N","Y","本公司員工薪資並無低於一般水平，主要為前一年度研發部門離職員工較多，而離職員工薪資較新招募人員為高，導致eps雖較上年度有所改善但員工薪資平均數反較上年度減少","本公司正努力推進加速轉型業務，提高營收成長，強化薪酬與績效之制度性連結。",
"電子零組件業","8103","瀚荃","146635","140","1047","978","7.06%","937","838","11.81%","3.92","          1,118","不適用","-","            897","不適用","-","          1,062","不適用","-","            798","不適用","-","1048","7.37","N","N","N","瀚荃依據營運策略訂定員工績效目標，年度終了實施評核面談，作為晉升、調薪及獎酬依據。績效管理並與經營成果連動，依章程提撥年度稅後淨利5%至12%作為員工酬勞，並依年資與績效合理分配，強化勞資共同成長。","不適用",
"光電業","8104","錸寶","99254","142","699","727","-3.85%","642","641","0.16%","-0.55","不適用","不適用","-","不適用","不適用","-","不適用","不適用","-","不適用","不適用","-","1045","1.05","N","N","N","","",
"光電業","8105","凌巨","1175794","1374","856","844","1.42%","772","756","2.12%","-0.30","不適用","不適用","-","不適用","不適用","-","不適用","不適用","-","不適用","不適用","-","1045","1.05","N","N","N","","",
"半導體業","8110","華東","983483","1292","761","634","20.03%","654","561","16.58%","2.48","不適用","不適用","-","不適用","不適用","-","不適用","不適用","-","不適用","不適用","-","2233","26.52","N","N","N","","",
"電子通路業","8112","至上","237626","177","1343","1315","2.13%","1136","1123","1.16%","5.02","不適用","不適用","-","不適用","不適用","-","不適用","不適用","-","不適用","不適用","-","1126","5.43","N","N","N","","",
"電腦及週邊設備業","8114","振樺電","250599","316","793","738","7.45%","640","593","7.93%","18.50","            873","不適用","-","            727","不適用","-","            682","不適用","-","            607","不適用","-","1536","8.64","N","Y","N","振樺產品多為總部自製，製造單位約佔總部員工60%，員工組成結構有其差異性，無法直接與同業比較，另114年度EPS較高主要係權益法之子公司及關聯企業利益增加所致。","未來持續檢視市場薪酬水準，優化薪酬及獎勵制度，以提升基層及專業人才薪資競爭力，並兼顧公司營運成果與員工共享價值。",
"半導體業","8131","福懋科","1632629","2355","693","633","9.48%","661","607","8.90%","1.36","不適用","不適用","-","不適用","不適用","-","不適用","不適用","-","不適用","不適用","-","2233","26.52","N","N","N","","",
"半導體業","8150","南茂","5126829","5514","930","914","1.75%","841","830","1.33%","0.70","          1,136","不適用","-","            761","不適用","-","          1,028","不適用","-","            711","不適用","-","2233","26.52","N","N","N","","",
"半導體業","8162","微矽電子-創","328401","577","569","522","9.00%","512","466","9.87%","1.57","不適用","不適用","-","不適用","不適用","-","不適用","不適用","-","不適用","不適用","-","2233","26.52","N","N","N","","",
"電腦及週邊設備業","8163","達方","785109","756","1039","1149","-9.57%","907","956","-5.13%","0.51","不適用","不適用","-","不適用","不適用","-","不適用","不適用","-","不適用","不適用","-","1536","8.64","N","N","N","","",
"其他電子業","8201","無敵","65883","78","845","811","4.19%","776","714","8.68%","-0.35","不適用","不適用","-","不適用","不適用","-","不適用","不適用","-","不適用","不適用","-","1487","11.09","N","N","N","","",
"電腦及週邊設備業","8210","勤誠","678651","445","1525","1262","20.84%","888","870","2.07%","29.06","不適用","不適用","-","不適用","不適用","-","不適用","不適用","-","不適用","不適用","-","1536","8.64","N","Y","N","公司2025年EPS優於同業，而因嘉義廠直接人員增加，整體佔比高，故影響平均值。 排除後薪資水準較去年提升，整體薪酬具競爭性。","公司持續參考市場薪酬資料，檢視整體薪資結構與各類職務起薪水準，以提升薪酬競爭力與公平性。",
"電子零組件業","8213","志超","290257","284","1022","1213","-15.75%","908","865","4.97%","2.27","不適用","不適用","-","不適用","不適用","-","不適用","不適用","-","不適用","不適用","-","1048","7.37","N","N","N","","",
"光電業","8215","明基材","1829636","1831","999","1014","-1.48%","779","762","2.23%","-1.14","不適用","不適用","-","不適用","不適用","-","不適用","不適用","-","不適用","不適用","-","1045","1.05","N","N","N","","",
"電機機械","8222","寶一","137709","225","612","649","-5.70%","579","606","-4.46%","0.55","不適用","不適用","-","不適用","不適用","-","不適用","不適用","-","不適用","不適用","-","910","1.58","N","N","N","","",
"電子零組件業","8249","菱光","112136","56","2002","1918","4.38%","1531","1470","4.15%","4.03","不適用","不適用","-","不適用","不適用","-","不適用","不適用","-","不適用","不適用","-","1048","7.37","N","N","N","","",
"半導體業","8261","富鼎","168491","109","1546","1365","13.26%","1346","1074","25.33%","5.73","不適用","不適用","-","不適用","不適用","-","不適用","不適用","-","不適用","不適用","-","2233","26.52","N","N","N","","",
"半導體業","8271","宇瞻","557366","470","1186","941","26.04%","1097","837","31.06%","6.70","不適用","不適用","-","不適用","不適用","-","不適用","不適用","-","不適用","不適用","-","2233","26.52","N","N","N","","",
"綠能環保","8341","日友","332633","341","975","896","8.82%","860","773","11.25%","4.48","不適用","不適用","-","不適用","不適用","-","不適用","不適用","-","不適用","不適用","-","1032","4.97","N","Y","N","員工薪酬除每月支付之薪資等固定經常薪資外，另有與經營績效具關聯性之年終獎金及員工酬勞等變動性給付(年終獎金基數依EPS、員工酬勞依獲利狀況)，且固定薪資水平不低於其他環保同業平均，故已具相當之合理性。","1.已依相關規定修訂章程為本公司年度如有獲利，應提撥7%為員工酬勞，且員工酬勞提撥金額中，應以不低於30%為基層員工分派酬勞，提高基層員工薪資福利。
2.持續改善公司薪資結構水準及評估相關薪資福利並予以優化。",
"航運業","8367","建新國際","331047","420","788","782","0.77%","762","761","0.13%","3.80","不適用","不適用","-","不適用","不適用","-","不適用","不適用","-","不適用","不適用","-","1543","4.81","N","N","N","","",
"電機機械","8374","羅昇","92225","101","913","952","-4.10%","878","886","-0.90%","-0.55","          1,031","不適用","-","            725","不適用","-","            989","不適用","-","            634","不適用","-","910","1.58","N","N","N","","",
"綠能環保","8422","可寧衛*","99583","105","948","892","6.28%","740","685","8.03%","1.29","不適用","不適用","-","不適用","不適用","-","不適用","不適用","-","不適用","不適用","-","1032","4.97","N","Y","N","114年度公司擴張加入新事業，員工人數增加36%，影響平均薪資。","每年持續檢討薪資結構，逐步提升整體薪資水平與市場競爭力。",
"綠能環保","8438","昶昕","146313","211","693","657","5.48%","601","580","3.62%","2.10","不適用","不適用","-","不適用","不適用","-","不適用","不適用","-","不適用","不適用","-","1032","4.97","N","Y","N","公司係依員工貢獻度及考核表現給於合理之報酬，並參酌其他相關產業給薪水準與各項職能及專業條件因子調整。","本公司薪酬管理制度辦法已於公司章程明訂，員工酬勞1-8%，應提撥不低於30%為基層員工酬勞分派比例，得以股票或現金為之。本公司均於同仁分享一年來的營收成果。",
"貿易百貨","8443","阿瘦","226656","350","648","573","13.09%","589","529","11.34%","-1.46","            702","不適用","-","            641","不適用","-","            637","不適用","-","            581","不適用","-","900","3.74","N","N","N","","",
"數位雲端","8454","富邦媒","2446856","2765","885","880","0.57%","754","753","0.13%","11.29","不適用","不適用","-","不適用","不適用","-","不適用","不適用","-","不適用","不適用","-","1034","6.89","N","Y","N","114年度因任職滿6個月未滿12個月(未全年度在職)人數佔17%，此部份員工未領滿全年度薪資，故影響我司平均年薪低於同業水準。","近年來因應組織發展，員工人數與職能樣態也持續多元化，故公司有定期參考市場薪資水準及評估各項條件因素進行調薪與福利規劃，完善公司薪資獎酬制度。",
"運動休閒","8462","柏文","1396713","1683","830","753","10.23%","703","640","9.84%","8.49","不適用","不適用","-","不適用","不適用","-","不適用","不適用","-","不適用","不適用","-","890","5.10","N","Y","N","本公司屬休閒運動服務業，薪資結構與同業多屬製造業不同，產生薪資平均數差異。114年薪資平均數及中位數均較前一年提升，與經營績效成長相關，且高於主計處公布「藝術娛樂及休閒服務業」平均數及中位數，尚屬合理。","本公司每年均依據經營績效合理調整員工薪酬，確實保障員工福祉，共創公司永續發展。",
"其他","8463","潤泰材","302099","369","819","796","2.89%","686","688","-0.29%","1.85","不適用","不適用","-","不適用","不適用","-","不適用","不適用","-","不適用","不適用","-","922","2.61","N","N","N","","",
"居家生活","8464","億豐","268387","224","1198","1676","-28.52%","1026","1345","-23.72%","22.53","          1,253","不適用","-","          1,130","不適用","-","          1,026","不適用","-","          1,020","不適用","-","737","5.53","N","N","N","","",
"綠能環保","8473","山林水","348421","520","670","590","13.56%","580","517","12.19%","2.55","不適用","不適用","-","不適用","不適用","-","不適用","不適用","-","不適用","不適用","-","1032","4.97","N","Y","N","本公司薪酬依職等、職責、續效及市場水準訂定，並參酌公司營運成果與獲利狀況調整，讓薪資與經營績效連動，維持合理性與競爭力。","持續檢討薪酬結構，逐步提升基層及低薪員工待遇，並強化績效獎金、教育訓練與職能培育，提升營運效率與獲利後，並適度反映於員工薪資。",
"綠能環保","8476","台境*","86404","110","785","789","-0.51%","689","676","1.92%","0.52","            827","不適用","-","            681","不適用","-","            727","不適用","-","            626","不適用","-","1032","4.97","N","Y","N","公司依據年度營運成果，參考國內業界發放水平及員工績效等綜合因素考量後，決定員工獎金分配方式與進行年度調薪。","持續掌握國內業界發放水平，同時優化員工績效管理體系，以調整及改善員工薪酬。",
"運動休閒","8478","東哥遊艇","597656","717","834","842","-0.95%","756","764","-1.05%","13.25","            828","不適用","-","            866","不適用","-","            753","不適用","-","            770","不適用","-","890","5.10","N","Y","Y","本公司薪酬制度係依經營績效、職務內容、專業能力、市場薪資水準及產業特性等因素綜合訂定，並透過固定薪資、績效獎金及福利措施，適度反映員工對公司營運成果之貢獻，整體薪酬與經營績效具關聯性及合理性。","本公司將持續提升營運績效，定期檢視薪酬制度及市場薪資水準，適時調整薪資、績效獎酬及福利措施，並強化人才培育、職涯發展及留才機制，以提升員工薪酬競爭力及共享經營成果。",
"其他","8481","政伸","207050","214","968","876","10.50%","926","826","12.11%","3.25","不適用","不適用","-","不適用","不適用","-","不適用","不適用","-","不適用","不適用","-","922","2.61","N","N","N","","",
"數位雲端","8487","愛爾達-創","143313","130","1102","1243","-11.34%","919","1083","-15.14%","4.03","不適用","不適用","-","不適用","不適用","-","不適用","不適用","-","不適用","不適用","-","1034","6.89","N","N","N","","",
"油電燃氣業","8926","台汽電","189549","126","1504","1369","9.86%","1279","1190","7.48%","2.45","不適用","不適用","-","不適用","不適用","-","不適用","不適用","-","不適用","不適用","-","1261","1.15","N","N","N","","",
"觀光餐旅","8940","新天地","217015","342","635","664","-4.37%","563","563","0.00%","0.55","不適用","不適用","-","不適用","不適用","-","不適用","不適用","-","不適用","不適用","-","711","2.66","N","N","Y","114年度營收、毛利及營業利益下降，EPS成長係前一年度認列一次性所得稅費用致比較基期較低所致。","非經理人全時員工薪資平均數下降，主要係受營收及營業利益下滑、績效獎金發放減少影響。公司將持續檢視薪酬結構，強化薪酬與績效連結。",
"電機機械","8996","高力","602822","546","1104","904","22.12%","910","814","11.79%","9.07","不適用","不適用","-","不適用","不適用","-","不適用","不適用","-","不適用","不適用","-","910","1.58","N","N","N","","",
"其他","9902","台火","4286","7","612","702","-12.82%","597","661","-9.68%","-0.47","不適用","不適用","-","不適用","不適用","-","不適用","不適用","-","不適用","不適用","-","922","2.61","N","N","N","","",
"運動休閒","9904","寶成","2667083","2734","976","943","3.50%","767","739","3.79%","4.10","          1,124","不適用","-","            879","不適用","-","            884","不適用","-","            701","不適用","-","890","5.10","N","N","N","","",
"其他","9905","大華","168445","252","668","653","2.30%","620","609","1.81%","1.30","不適用","不適用","-","不適用","不適用","-","不適用","不適用","-","不適用","不適用","-","922","2.61","N","N","N","","",
"建材營造","9906","欣巴巴","54891","73","752","769","-2.21%","619","660","-6.21%","0.09","不適用","不適用","-","不適用","不適用","-","不適用","不適用","-","不適用","不適用","-","963","2.29","N","N","N","","",
"其他","9907","統一實","995045","1086","916","846","8.27%","871","813","7.13%","1.36","            926","不適用","-","            832","不適用","-","            886","不適用","-","            798","不適用","-","922","2.61","N","N","N","","",
"油電燃氣業","9908","大台北","274349","221","1241","1243","-0.16%","1103","1150","-4.09%","1.72","不適用","不適用","-","不適用","不適用","-","不適用","不適用","-","不適用","不適用","-","1261","1.15","N","Y","Y","本公司EPS獲利表現較同業為佳，惟非主管職之全時員工平均薪資略低，係因部分資深員工退休，增補員工為年資較短之基層同仁及前一年度發放較多與獲利無關的非經常性犒賞獎金。","本公司將持續提升營運績效及市場競爭力，並依薪資政策、同業水準、個人績效、目標達成情形及公司經營成果，提供具市場競爭力之薪酬與獎酬機制，以持續優化員工薪資水準。",
"運動休閒","9910","豐泰","3286738","2660","1236","1234","0.16%","968","977","-0.92%","5.10","不適用","不適用","-","不適用","不適用","-","不適用","不適用","-","不適用","不適用","-","890","5.10","N","N","N","","",
"居家生活","9911","櫻花","886319","1014","874","830","5.30%","745","700","6.43%","6.27","不適用","不適用","-","不適用","不適用","-","不適用","不適用","-","不適用","不適用","-","737","5.53","N","N","N","","",
"電腦及週邊設備業","9912","偉聯","30273","34","890","897","-0.78%","839","809","3.71%","-1.12","不適用","不適用","-","不適用","不適用","-","不適用","不適用","-","不適用","不適用","-","1536","8.64","N","N","N","","",
"運動休閒","9914","美利達","693670","1084","640","653","-1.99%","575","565","1.77%","4.01","不適用","不適用","-","不適用","不適用","-","不適用","不適用","-","不適用","不適用","-","890","5.10","N","N","Y","本公司113年度EPS(-2.34元)較低，主要係因營業外支出-採用權益法認列之關聯企業損益份額所致。","本公司已連續三年調薪，未來將持續掌握國內業界發放水平，同時優化員工績效管理體系，以調整及改善員工薪酬。",
"其他","9917","中保科","2042675","2404","850","822","3.41%","812","781","3.97%","6.77","不適用","不適用","-","不適用","不適用","-","不適用","不適用","-","不適用","不適用","-","922","2.61","N","Y","N","本公司業務多元，非單一市場型態，人力結構與薪資制度差異大，薪酬係依職務屬性、市場行情及績效表現綜合訂定，具合理連動性與競爭力；另統計期間及離職人員計算方式，亦影響平均薪資呈現，致與同業比較具差異。","本公司將持續強化薪酬與經營績效之連動機制，建立差異化獎酬制度；定期辦理市場薪資調查並滾動檢討薪酬水準；同時優化人力結構及薪資統計方式，以提升資訊透明度、薪酬合理性及外部競爭力。",
"油電燃氣業","9918","欣天然","179640","158","1137","1094","3.93%","935","894","4.59%","1.61","不適用","不適用","-","不適用","不適用","-","不適用","不適用","-","不適用","不適用","-","1261","1.15","N","Y","N","員工薪酬依據公司章程及董事會通過標準，並參考同業水準訂定。114年平均薪資相較113年提升，盈餘績效己反應於員工酬勞；另114年EPS若僅與天然氣同業比較，則未明顯優於同業，故公司平均員工薪酬尚屬合理。","本公司於114年響應政府政策調薪3%，以激勵員工士氣。另依公司規定每年檢討員工服務年資及考績據以調升薪資俸級，以強化經營績效與員工薪酬之關聯性。",
"其他","9919","康那香","310707","514","604","575","5.04%","551","495","11.31%","-2.43","不適用","不適用","-","不適用","不適用","-","不適用","不適用","-","不適用","不適用","-","922","2.61","N","N","N","","",
"運動休閒","9921","巨大","1657220","2269","730","730","0.00%","611","613","-0.33%","1.84","不適用","不適用","-","不適用","不適用","-","不適用","不適用","-","不適用","不適用","-","890","5.10","N","N","N","","",
"居家生活","9924","福興","649916","1082","601","608","-1.15%","515","519","-0.77%","3.08","不適用","不適用","-","不適用","不適用","-","不適用","不適用","-","不適用","不適用","-","737","5.53","N","N","N","","",
"其他","9925","新保","1266634","1697","746","736","1.36%","698","690","1.16%","2.37","不適用","不適用","-","不適用","不適用","-","不適用","不適用","-","不適用","不適用","-","922","2.61","N","N","N","","",
"油電燃氣業","9926","新海","211104","150","1407","1330","5.79%","1357","1279","6.10%","2.68","不適用","不適用","-","不適用","不適用","-","不適用","不適用","-","不適用","不適用","-","1261","1.15","N","N","N","","",
"其他","9927","泰銘","87973","128","687","746","-7.91%","693","735","-5.71%","4.26","不適用","不適用","-","不適用","不適用","-","不適用","不適用","-","不適用","不適用","-","922","2.61","N","Y","N","上市其他類股行業特性不同，員工薪資比較基礎不一；114年淨利年減52.09%，與獲利連動之員工酬勞獎金由15,115仟元降至9,478仟元，在獎金減少影響下，員工平均薪資由746仟元降至687仟元，年減7.91%，尚屬合理。","透過逐步將變動獎金部分轉入固定薪資，並透過流程自動化提高人均產值，在公司獲利波動時，依然維持員工薪資的穩定與成長。",
"其他","9928","中視","272402","390","698","686","1.75%","629","617","1.94%","-1.40","不適用","不適用","-","不適用","不適用","-","不適用","不適用","-","不適用","不適用","-","922","2.61","N","N","N","","",
"其他","9929","秋雨","31798","51","623","553","12.66%","574","528","8.71%","-0.07","不適用","不適用","-","不適用","不適用","-","不適用","不適用","-","不適用","不適用","-","922","2.61","N","N","N","","",
"綠能環保","9930","中聯資源","414834","255","1627","1561","4.23%","1526","1446","5.53%","4.96","不適用","不適用","-","不適用","不適用","-","不適用","不適用","-","不適用","不適用","-","1032","4.97","N","N","N","","",
"油電燃氣業","9931","欣高","101775","110","925","911","1.54%","888","886","0.23%","2.45","不適用","不適用","-","不適用","不適用","-","不適用","不適用","-","不適用","不適用","-","1261","1.15","N","Y","N","1.民生消費因地域不同造成南北薪資水平差異。
2.公司自114年調漲薪資3％。
3.公司近年業外收入增加，採漸次調整薪資方式逐年提升員工待遇，避免因市場景氣反轉，造成人事費用突增過鉅影響公司營運。","本公司自113年起連續2年響應政府政策調薪，俟行政院規劃116年度待遇調整研議定案後，公司依營運狀況響應調整，激勵員工士氣，強化經營績效與員工薪酬之關聯性。",
"其他","9933","中鼎","6264316","6235","1005","1362","-26.21%","863","1193","-27.66%","1.91","不適用","不適用","-","不適用","不適用","-","不適用","不適用","-","不適用","不適用","-","922","2.61","N","N","N","","",
"居家生活","9934","成霖","75862","107","709","797","-11.04%","691","762","-9.32%","-0.29","不適用","不適用","-","不適用","不適用","-","不適用","不適用","-","不適用","不適用","-","737","5.53","N","N","N","","",
"居家生活","9935","慶豐富","289912","466","622","610","1.97%","525","521","0.77%","1.64","不適用","不適用","-","不適用","不適用","-","不適用","不適用","-","不適用","不適用","-","737","5.53","N","N","N","","",
"油電燃氣業","9937","全國","665375","1144","582","689","-15.53%","469","643","-27.06%","2.36","不適用","不適用","-","不適用","不適用","-","不適用","不適用","-","不適用","不適用","-","1261","1.15","N","Y","N","油電燃氣業員工結構多屬具有專業之全時人員，與本公司員工型態不同。因行業特性，本公司員工多為現場服務人員，114年度部分工時及月薪加油員佔全體員工人數約75%，平均薪資水準因而低於同業，然與加油站同業相當。","除每年調整時薪及基本工資外，公司自114年起提高全體員工國內國外之旅遊補助，提升員工福利，並訂有多項獎金發放制度，鼓勵績效良好之員工。",
"其他","9938","百和","684378","1006","680","657","3.50%","557","518","7.53%","4.10","不適用","不適用","-","不適用","不適用","-","不適用","不適用","-","不適用","不適用","-","922","2.61","N","Y","N","114年度員工薪酬增加3.9%，係因調整部分員工薪資，故整體員工薪資較去年同期上升。","本公司114年度員工薪資平均數超過50萬元，惟因產業別為”其它”，難以找到同產業別比較。",
"其他","9939","宏全","1124278","1518","741","749","-1.07%","675","683","-1.17%","9.10","不適用","不適用","-","不適用","不適用","-","不適用","不適用","-","不適用","不適用","-","922","2.61","N","Y","N","本公司為傳統製造業，生產線人力占75%。因少子化衝擊，基層多引進產學合作學生及產攜班僑外生以培訓技術；加上現場流動性高，外籍員工占產線達30~40%。受上述雙重因素影響，導致整體平均數拉低。","我司已陸續提升薪資福利制度、培育優秀人才、建立安全、舒適的職場環境等方式提高員工滿意度。",
"其他","9940","信義","4616708","4192","1101","1247","-11.71%","765","913","-16.21%","0.28","不適用","不適用","-","不適用","不適用","-","不適用","不適用","-","不適用","不適用","-","922","2.61","N","N","N","","",
"其他","9941","裕融","873385","628","1391","1242","12.00%","1145","1038","10.31%","7.68","不適用","不適用","-","不適用","不適用","-","不適用","不適用","-","不適用","不適用","-","922","2.61","N","N","N","","",
"其他","9942","茂順","522766","876","597","565","5.66%","500","462","8.23%","8.15","不適用","不適用","-","不適用","不適用","-","不適用","不適用","-","不適用","不適用","-","922","2.61","N","Y","N","主係因本公司地處南投,屬傳統製造業且新進人員較多所致,但每年仍會依據政府法令與個人績效表現調薪,並經薪資調查給予同仁合理的薪酬。","公司每年仍會依據政府法令與個人績效表現調薪,並經薪資調查給予同仁合理的薪酬。",
"觀光餐旅","9943","好樂迪","477300","799","597","596","0.17%","554","538","2.97%","5.40","不適用","不適用","-","不適用","不適用","-","不適用","不適用","-","不適用","不適用","-","711","2.66","N","Y","N","因受線上K歌軟體普及、新興娛樂崛起以及沉重租金與人力成本影響，導致客群逐漸流失。114年度對113年度 營收衰退8%、現金流少15%
故員工薪酬持平，調幅有限。","強化晉升管道，以利留才",
"其他","9944","新麗","125328","191","656","615","6.67%","580","516","12.40%","-0.16","不適用","不適用","-","不適用","不適用","-","不適用","不適用","-","不適用","不適用","-","922","2.61","N","N","N","","",
"其他","9945","潤泰新","168524","209","806","753","7.04%","491","463","6.05%","3.93","            721","不適用","-","            837","不適用","-","            467","不適用","-","            527","不適用","-","922","2.61","N","Y","N","本公司獲利來源中，轉投資收益佔比較高，若排除此部分，獲利表現與同業不相上下。
而量販事業受電商崛起業績下滑致虧損，此部分人力較多平均薪資不易拉升。","本公司致力提升營運績效，以回饋員工並提升員工福址。",
"建材營造","9946","三發地產","44358","38","1167","1063","9.78%","959","901","6.44%","1.52","不適用","不適用","-","不適用","不適用","-","不適用","不適用","-","不適用","不適用","-","963","2.29","N","N","N","","",
"綠能環保","9955","佳龍","47356","70","677","601","12.65%","620","515","20.39%","0.54","不適用","不適用","-","不適用","不適用","-","不適用","不適用","-","不適用","不適用","-","1032","4.97","N","Y","N","本公司薪酬制度係綜合考量公司營運績效、個人績效、市場薪酬水準及職務責任等因素辦理，114年度非主管職全時員工平均薪資較前一年度成長12.65%，並透過獎金及福利制度與員工共享經營成果。","本公司115年度已規劃推動久任獎金、核心部門技術獎金及員工持股信託等留才措施，持續提升薪酬競爭力及人才留任機制，促進員工與公司共同成長。",
"鋼鐵工業","9958","世紀鋼","230831","293","788","739","6.63%","657","652","0.77%","6.57","不適用","不適用","-","不適用","不適用","-","不適用","不適用","-","不適用","不適用","-","1016","0.47","N","Y","N","1.本公司為鋼構製造業，與鋼鐵業之營業項目不同，因鋼鐵業營收為材料生產及銷售，然與本公司不相同。
2.因鋼鐵業項目及技術與本公司之項目與技術有不同之差異性，故其薪資平均數亦不同，無法以同業水準做比較。","1.公司年度有獲利時，員工酬勞總數額中，提撥不低於50%為基層員工分派之酬勞。
2.本公司於114年7月全面調薪，計算基礎為半年，故無法以全年度認定。",