產業類別,公司代號,公司名稱,非擔任主管職務之全時員工資訊-員工薪資總額(仟元),非擔任主管職務之全時員工資訊-員工人數-年度平均(人),非擔任主管職務之全時員工資訊-員工薪資-平均數(仟元/人)-112年,非擔任主管職務之全時員工資訊-員工薪資-平均數(仟元/人)-111年,非擔任主管職務之全時員工資訊-員工薪資-中位數(仟元/人)-112年,非擔任主管職務之全時員工資訊-員工薪資-中位數(仟元/人)-111年,非擔任主管職務之全時員工資訊-每股盈餘(元/股),同業公司資訊-員工薪資-平均數(仟元/人),同業公司資訊-平均每股盈餘(元/股),薪資統計情形-非經理人之全時員工薪資平均數未達50萬元,薪資統計情形-公司EPS獲利表現較同業為佳，惟非經理人之全時員工薪資平均數低於同業水準,薪資統計情形-公司EPS較前一年度成長，惟非經理人之全時員工薪資平均數較前一年度減少),薪資統計情形-公司經營績效與員工薪酬之關聯性及合理性說明
"水泥工業","1101","台泥","1161575","1168","994","1030","871","922","1.06","882","1.68","N","N","Y","台泥112年度EPS 1.06元較高，主要係112年度營業外收入-採用權益法之子公司及關聯企業損益份額較去年同期增加新台幣29.8億元所致。",
"水泥工業","1102","亞泥","481015","444","1083","1056","941","930","3.28","882","1.68","N","N","N","",
"水泥工業","1103","嘉泥","65157","75","869","873","800","805","0.12","882","1.68","N","N","Y","112年度單一員工薪資相比111年度多是調升的，但112年度許多理級主管晉升為經理人，依規定「經理人」不計入非擔任主管職務之全時員工薪資，再加以112年有多位資深員工退休及新進員工較往年多，致整體平均薪資微幅調降",
"水泥工業","1104","環泥","379255","466","814","796","745","724","3.13","882","1.68","N","Y","N","112年度EPS較佳，主要係因營業外收入-採用權益法認列之關聯企業損益份額、以及一次性認列所致。",
"水泥工業","1108","幸福","229564","387","593","580","516","521","1.30","882","1.68","N","N","N","",
"水泥工業","1109","信大","224830","329","683","642","650","607","2.01","882","1.68","N","Y","N","本公司非擔任主管職務之全時員工，以工廠基層員工為主，且112年底新聘雇外籍員工，使薪資平均數較同業低。
112年績效良好，亦同步調增員工薪資，故平均薪資較去年增約6%，往後仍將依營運狀況，合理調整薪酬。",
"水泥工業","1110","東泥","64854","85","763","630","673","607","0.26","882","1.68","N","N","N","",
"食品工業","1201","味全","952679","1309","728","734","673","675","0.53","842","2.70","N","N","Y","本公司112年度EPS雖較111年度成長0.13%，惟112年度營收較111年度減少1.7%，致影響相關績效獎金之發放，因此即使有年度調薪，平均薪資仍較111年度減少0.8%。",
"食品工業","1203","味王","408916","682","600","609","574","579","1.80","842","2.70","N","N","N","",
"食品工業","1210","大成","2085431","2760","756","710","634","600","4.81","842","2.70","N","Y","N","本公司營業項目與其它食品業有所差異，營業比重以飼料為大宗佔50%，食品相對略低佔16%，人力結構外籍移工逾三成。依照公司營運目標的進展與獲利發放各項獎金、年終獎金，員工酬勞依年度可分配盈餘不低於2%提撥發放。",
"食品工業","1213","大飲","35445","89","398","404","383","384","-2.45","842","2.70","Y","N","N","112年4月下旬至11月因食安事件致工廠全面停工，公司營收不如預期，非經理人之全時員工薪資平均數雖未達，但非主管同仁薪資仍依基本工資做調整。",
"食品工業","1215","卜蜂","1485060","2085","712","665","563","508","7.70","842","2.70","N","Y","N","112年適逢全球禽流感，導致大量缺雞缺蛋，導致雞、 蛋雙雙創下歷史新高價格，致使公司獲利增加。員工薪資平均數較前一年增加約7%，與公司經營績效之關聯性屬合理狀況。",
"食品工業","1216","統一","6468100","5472","1182","1183","1006","1012","3.23","842","2.70","N","N","Y","EPS較前一年度增加，全時員工年度獎金總額及薪資總額均增加195,650(仟元)；
因員工人數增加168人，且高薪資深員工離退，新進員工比例增加，導致年度薪資平均數較前一年度減少",
"食品工業","1217","愛之味","368396","540","682","688","583","590","0.41","842","2.70","N","N","N","",
"食品工業","1218","泰山","307767","517","595","1049","547","853","-0.17","842","2.70","N","N","N","",
"食品工業","1219","福壽","371652","559","665","682","606","625","0.94","842","2.70","N","N","N","",
"食品工業","1220","台榮","113718","183","621","571","578","537","0.76","842","2.70","N","N","N","",
"食品工業","1225","福懋油","144150","209","690","695","631","621","1.60","842","2.70","N","N","N","",
"食品工業","1227","佳格","840524","1014","829","856","736","767","1.35","842","2.70","N","N","Y","1.2022年度因COVID-19疫情影響，為體恤並激勵同仁而加發疫情獎金，2023年度則回歸正常。
2.2023年度員工總人數增加 7.5%，因新人比例偏高而間接影響非經常性薪資。",
"食品工業","1229","聯華","964406","1251","771","749","703","680","2.64","842","2.70","N","N","N","",
"食品工業","1231","聯華食","1521941","2216","687","686","595","582","3.93","842","2.70","N","Y","N","公司基層人力佔七成以上，其中外籍移工、建教生及未全年在職人數佔38%；員工人數雖較去年成長11%，然而因新進同仁年資較少，影響整體薪資平均數。本公司秉持共創價值、利潤分享之理念，將持續提升員工薪資福利。",
"食品工業","1232","大統益","219100","139","1576","1585","1392","1362","7.53","842","2.70","N","N","N","",
"食品工業","1233","天仁","489110","788","621","544","530","487","1.06","842","2.70","N","N","N","",
"食品工業","1234","黑松","442069","528","837","816","756","733","2.36","842","2.70","N","N","N","",
"食品工業","1235","興泰","5210","12","434","421","459","440","1.10","842","2.70","Y","N","N","1.本公司已成立50多年，老員工已退休，目前員工為年資較淺之新員工。
2.公司獲利原因為業外投資收益，本業實則處於虧損狀態。
3.公司依各別員工表現予以調高薪資,並不定期加發獎金以提振員工士氣。",
"食品工業","1236","宏亞","318506","604","527","500","462","440","0.16","842","2.70","N","N","N","",
"塑膠工業","1301","台塑","8551993","6271","1364","1398","1238","1270","1.15","1175","0.68","N","N","N","",
"塑膠工業","1303","南亞","13673257","11510","1188","1238","1105","1161","0.80","1175","0.68","N","N","N","",
"塑膠工業","1304","台聚","532681","437","1219","1513","1110","1376","-0.19","1175","0.68","N","N","N","公司於年度營業終了，結算如有盈餘，除繳納稅捐、彌補虧損及提列股息公積金外，視整體營運發展及同仁績效等綜合考量後，在法遵前提下並考量外部競爭及內部衡平性，發給年終獎金及進行年度調薪。",
"塑膠工業","1305","華夏","608571","641","949","942","906","904","0.59","1175","0.68","N","N","N","本公司員工酬勞制度在公司章程中已訂定「年度如有獲利應分派員工酬勞不低於當年度獲利百分之一」，所有本公司員工均可分享公司經營成果。",
"塑膠工業","1307","三芳","440305","519","848","731","808","694","1.91","1175","0.68","N","Y","N","本公司主要生產人工皮革,鞋材佔比約90%,因112年大型賽事展開,及上游原料成本的低檔維持,助益EPS較去年同期成長約62%,本公司亦考量通貨膨漲調整員工薪資,非擔任主管職務之員工薪資平均數較去年同期成長約16%。",
"塑膠工業","1308","亞聚","282238","220","1283","1490","1199","1407","0.20","1175","0.68","N","N","N","公司於年度營業終了，結算如有盈餘，除繳納稅捐、彌補虧損及提列股息公積金外，視整體營運發展及同仁績效等綜合考量後，在法遵前提下並考量外部競爭及內部衡平性，發給年終獎金及進行年度調薪。",
"塑膠工業","1309","台達化","361909","351","1031","1100","968","1039","-0.69","1175","0.68","N","N","N","",
"塑膠工業","1310","台苯","170572","187","912","883","799","793","-0.88","1175","0.68","N","N","N","",
"塑膠工業","1312","國喬","326204","366","891","878","798","774","-1.59","1175","0.68","N","N","N","",
"塑膠工業","1313","聯成","263811","214","1233","1165","1127","1072","-0.21","1175","0.68","N","N","N","",
"塑膠工業","1314","中石化","861304","1133","760","953","699","869","-0.28","1175","0.68","N","N","N","",
"塑膠工業","1315","達新","210898","338","624","604","558","535","3.66","1175","0.68","N","Y","N","1.依學經歷、職等、貢獻度及勞基法規範核薪，並逐年依公司營運及獲利情況調整。
2.營業項目塑膠製品60.74%
3.外籍員工占全體員工13.91%
4.上述說明，成長優於同業、較同業標準低，均屬合理。",
"建材營造","1316","上曜","17260","24","719","640","541","511","-0.68","905","2.16","N","N","N","",
"汽車工業","1319","東陽","2463401","3294","748","684","630","582","5.10","882","6.40","N","N","N","",
"塑膠工業","1321","大洋","341652","447","764","800","710","738","0.88","1175","0.68","N","Y","Y","111年度、112年度薪資總額356,693仟元、341,652仟元，112年度減少15,041仟元，主要原因是：110年度有獲利於111年發放員工紅利6,108仟元；111年度虧損故112年度無員工紅利，春節年終獎金也比111年少發5,047仟元。",
"塑膠工業","1323","永裕","413241","688","601","596","551","508","0.92","1175","0.68","N","Y","N","1.本公司每年依獲利情形提撥酬勞，112年獲利大幅度下降，發放獎金及員工酬勞金額較111年降低。
2.本公司因非擔任主管職務之資深員工相繼退休，人力結構改變降低平均薪資。",
"塑膠工業","1324","地球","126868","216","587","536","481","446","0.53","1175","0.68","N","N","N","",
"塑膠工業","1325","恆大","61686","122","506","470","465","405","0.21","1175","0.68","N","N","N","",
"塑膠工業","1326","台化","6027576","4458","1352","1409","1229","1283","1.46","1175","0.68","N","N","Y","本公司EPS雖較前一年度成長，惟台塑企業屬於煉化一體產業，年終獎金係按照勞資雙方同意依4大公司平均稅前EPS計算，受產業景氣影響，平均EPS下滑致年終獎金減少，惟員工薪資雖因此減少但仍高於同業平均。",
"汽車工業","1339","昭輝","172833","254","680","648","518","495","5.88","882","6.40","N","N","N","",
"其他","1342","八貫","235368","361","652","669","518","538","7.52","909","2.71","N","Y","Y","本公司111年發行限制員工權利新股，111年既得之人數及股數較112年多所致。
其中既得股數為111年422,000股，144人 112年332,000股，78人。",
"紡織纖維","1402","遠東新","3951781","3975","994","1011","832","864","1.64","701","1.12","N","N","Y","本公司依年度結算盈餘情形，並考量未來營運發展等因素後，2023年獎金較2022年略為減少，加上部分資深同仁退休，致非主管職務員工年度薪資平均數較前一年度減少，惟評估變動尚屬合理，本公司整體薪資水準仍優於同業。",
"紡織纖維","1409","新纖","1096302","1685","651","744","636","618","0.47","701","1.12","N","N","N","",
"紡織纖維","1410","南染","6164","11","560","526","501","528","0.24","701","1.12","N","N","N","",
"紡織纖維","1413","宏洲","108317","179","605","678","542","607","-1.01","701","1.12","N","N","N","",
"紡織纖維","1414","東和","93948","193","487","575","453","529","0.15","701","1.12","Y","N","N","112年度員工薪資平均數減少主要原因為:
 1.112年度淨利32,849(仟元),111年度淨利   
  104,362(仟元),淨利減少71,513(仟元),員
  酬及年獎減少約726萬
 2.112年度全年加班費亦較111年度減少約590萬元",
"其他","1416","廣豐","5069","6","845","803","855","940","0.51","909","2.71","N","N","N","",
"紡織纖維","1417","嘉裕","167988","295","569","525","540","473","-0.37","701","1.12","N","N","N","",
"紡織纖維","1418","東華","21659","36","602","594","521","515","0.74","701","1.12","N","N","N","",
"紡織纖維","1419","新紡","366539","523","701","721","596","610","2.17","701","1.12","N","N","N","",
"紡織纖維","1423","利華","23057","41","562","520","498","481","0.57","701","1.12","N","N","N","",
"運動休閒","1432","大魯閣","184853","336","550","516","472","425","0.67","840","4.96","N","N","N","",
"紡織纖維","1434","福懋","1641405","2910","564","590","493","523","0.26","701","1.12","N","N","N","",
"其他","1435","中福","4791","6","799","849","601","740","-0.30","909","2.71","N","N","Y","公司改組，原員工於111年度全數離職，受離職金影響所致。",
"建材營造","1436","華友聯","32962","35","942","871","837","819","9.69","905","2.16","N","N","N","",
"其他","1437","勤益控","14659","19","772","614","455","412","2.82","909","2.71","N","Y","N",""其他"產業別中組成多元，行業間特性差異大。本公司
112年度非擔任主管之員工薪資平均數增加158千元，
較前一年度增加25.73%，經營績效與員工薪資呈正相關。",
"建材營造","1438","三地開發","2336","5","467","523","436","521","-0.71","905","2.16","Y","N","N","本年度因新進員工較多，又多為資歷較淺之人員，一方面稀釋整體薪酬，另方面則因尚未展現績效而獎酬不如預期.",
"建材營造","1439","雋揚","6149","8","769","711","786","700","2.00","905","2.16","N","N","N","",
"紡織纖維","1440","南紡","607428","982","619","621","556","546","1.27","701","1.12","N","Y","Y","本公司112年度獲利主係處分投資性不動產所致，此為一次性獲利，本業則為虧損狀態，獲利並未優於同業。",
"紡織纖維","1441","大東","12764","21","608","661","551","633","-4.76","701","1.12","N","N","N","",
"建材營造","1442","名軒","32453","31","1047","874","1021","819","4.71","905","2.16","N","N","N","",
"其他","1443","立益物流","56496","86","657","637","650","623","1.29","909","2.71","N","N","N","",
"紡織纖維","1444","力麗","523097","1020","513","595","446","519","-0.28","701","1.12","N","N","N","",
"紡織纖維","1445","大宇","206815","300","689","600","587","515","7.72","701","1.12","N","Y","N","112年度因認列處分不動產、廠房及設備利益$1,115,116仟元，以致EPS獲利大幅增加。",
"紡織纖維","1446","宏和","23567","37","637","608","515","504","0.80","701","1.12","N","N","N","",
"紡織纖維","1447","力鵬","698648","1251","558","607","505","538","-0.51","701","1.12","N","N","N","",
"紡織纖維","1449","佳和","398094","756","527","515","494","462","0.61","701","1.12","N","N","N","",
"紡織纖維","1451","年興","352494","681","518","594","470","535","-1.83","701","1.12","N","N","N","",
"紡織纖維","1452","宏益","112483","199","565","601","483","511","0.39","701","1.12","N","N","N","",
"建材營造","1453","大將","6220","11","565","530","596","481","0.57","905","2.16","N","N","N","",
"紡織纖維","1454","台富","214261","385","557","554","507","509","0.16","701","1.12","N","N","N","112年度稅後盈餘較111年度微幅下降，故員工薪酬亦僅微幅變動",
"紡織纖維","1455","集盛","732115","1214","603","651","548","569","-0.45","701","1.12","N","N","Y","112年度受累於全球不景氣及終端需求不振，
全年稅後虧損，依經營積效訂定年終獎金發
放基準，發放基準50天較111年65天減少15天，	
若不計外勞，112年本國員工平均薪資678仟元	
僅略低於同業平均數約 3%。",
"建材營造","1456","怡華","15154","27","561","558","556","547","0.05","905","2.16","N","N","N","本公司112年度員工薪酬變動不大，主要產業為不動產部，次要為紡織部，紡織部員工在台南，112年紡織部毛利率2.15%，其平均薪資52萬元；不動產部員工主要在台北，112年不動產部毛利率31.24%，其平均薪資67萬元。",
"紡織纖維","1457","宜進","13964","17","821","798","732","715","2.55","701","1.12","N","N","N","",
"紡織纖維","1459","聯發","66415","148","449","487","394","432","0.07","701","1.12","Y","N","Y","因作業人員以外籍勞工為主，故整體薪資平均數低於同業水準。",
"紡織纖維","1460","宏遠","721136","1381","522","550","470","509","-1.80","701","1.12","N","N","N","",
"紡織纖維","1463","強盛新","83880","163","515","550","465","520","0.65","701","1.12","N","N","Y","112年度獲利主要來自於轉投資收入及業外收入，本業營業收入衰退，員工上班時數減少，故平均薪資水準降低。",
"紡織纖維","1464","得力","400340","723","554","589","489","549","0.13","701","1.12","N","N","N","主係因員工加班費減少，故薪資中位數隨之降低。",
"紡織纖維","1465","偉全","83338","157","531","581","477","492","0.56","701","1.12","N","N","N","",
"紡織纖維","1466","聚隆","170006","298","570","604","550","551","-1.36","701","1.12","N","N","N","",
"紡織纖維","1467","南緯","108217","164","660","708","583","603","-0.71","701","1.12","N","N","N","",
"紡織纖維","1468","昶和","21722","40","543","544","522","470","0.17","701","1.12","N","N","N","",
"紡織纖維","1470","大統新創","132259","236","560","553","473","471","0.58","701","1.12","N","N","N","",
"電子零組件業","1471","首利","19231","26","740","764","768","756","-0.29","951","5.97","N","N","Y","112年離職人員薪資高於平均數，新進人員薪資低於平均數，致使平均數較111年減少。",
"建材營造","1472","三洋實業","22486","28","803","600","651","527","4.27","905","2.16","N","Y","N","全時員工年度薪資平均低於同業水準主係本公司今年度持續取得公共工程最有利標，營運方面循序漸進穩定成長，因而轉虧為盈，本年度員工薪資平均數較去年度成長34%，今後會持續提升員工薪資水準，與員工共享公司成就。",
"紡織纖維","1473","台南","195710","332","589","558","493","463","2.13","701","1.12","N","Y","N","1.本公司薪酬制度除保障年薪13個月外，營運獲利另發放員工績效獎金。
2.基層作業與縫製相關人員占比四成以上，且外勞占比超過5%以上，因基層直接作業人員占比高致平均薪資較低",
"紡織纖維","1474","弘裕","235539","430","548","598","503","520","-0.34","701","1.12","N","N","N","",
"紡織纖維","1475","業旺","5224","9","580","545","586","545","7.90","701","1.12","N","Y","N","我們依據員工的能力和表現評估薪酬，並根據公司營運成果調整。由於我們的人力結構中，主要因新員工的平均工作年限較短，致整體薪酬可能低於同業水平。但今年全職非主管員工的平均薪酬和中位數皆較去年增長。",
"紡織纖維","1476","儒鴻","1626998","1707","953","1000","833","880","18.87","701","1.12","N","N","N","",
"紡織纖維","1477","聚陽","1184002","785","1508","1447","1381","1321","16.50","701","1.12","N","N","N","",
"電機機械","1503","士電","2125912","2077","1024","1049","842","854","4.51","803","2.29","N","N","Y","本公司薪酬政策配合公司營運目標，並參考同業水準及個人績效貢獻訂定，且均經薪資報酬委員會及董事會審核，每年度依營運目標達成及獲利狀況，及員工績效考核結果做為薪酬核給之標準。",
"電機機械","1504","東元","1997123","2170","920","893","748","715","2.76","803","2.29","N","N","N","",
"電機機械","1506","正道","144405","257","562","550","508","518","0.29","803","2.29","N","N","N","",
"汽車工業","1512","瑞利","75988","130","585","548","503","500","0.04","882","6.40","N","N","N","",
"電機機械","1513","中興電","1505458","1660","907","870","773","769","3.25","803","2.29","N","N","N","",
"電機機械","1514","亞力","599020","635","943","898","809","775","3.08","803","2.29","N","N","N","",
"電機機械","1515","力山","325789","622","524","575","434","481","1.70","803","2.29","N","N","Y","112年薪資較低是產線人數比111年增加，造成整體平均薪資減少。",
"其他","1516","川飛","2909","3","970","648","862","666","0.34","909","2.71","N","N","N","",
"電機機械","1517","利奇","232389","588","395","492","345","444","-0.75","803","2.29","Y","N","N","本公司112年度因自行車產業市場需求變化，營業收入較前一年度大幅減少，因應產業調整消化庫存，產能需求降低，減少加班費用，致影響112年度員工薪資平均數及中位數較前一年度降低。",
"電機機械","1519","華城","1205543","780","1546","1016","1113","816","9.87","803","2.29","N","N","N","",
"汽車工業","1521","大億","505559","788","642","633","585","577","0.56","882","6.40","N","N","N","",
"汽車工業","1522","堤維西","947998","1534","618","614","562","568","3.31","882","6.40","N","N","N","",
"汽車工業","1524","耿鼎","250153","395","633","615","545","528","2.13","882","6.40","N","N","N","",
"汽車工業","1525","江申","193198","300","644","637","589","559","5.50","882","6.40","N","N","N","",
"電機機械","1526","日馳","85934","158","544","644","401","500","0.76","803","2.29","N","N","N","",
"電機機械","1527","鑽全","375217","651","576","580","471","494","2.67","803","2.29","N","Y","N","員工薪酬乃依照本公司訂定薪資管理辦法發放，並於公司章程內訂有員工酬勞提撥方式；且配發金額需要經過本公司薪資委員會審議後始得發放。",
"電機機械","1528","恩德","128428","181","710","674","608","602","-0.08","803","2.29","N","N","N","",
"電機機械","1529","樂事綠能","29038","60","484","546","461","505","0.91","803","2.29","Y","N","Y","本公司112年度因應台電標案訂單增加,增聘基層員工,惟其年資多數為半年以上至一年之區間,致影響薪資之平均數。",
"電機機械","1530","亞崴","244796","377","649","634","608","575","2.18","803","2.29","N","N","N","",
"電機機械","1531","高林股","124093","166","748","776","687","697","0.08","803","2.29","N","N","N","",
"電機機械","1532","勤美","240996","311","775","695","610","563","2.56","803","2.29","N","Y","N","1.外籍員工佔總人數約41%，其薪資水準較低，影響整體薪資平均數。
2.本公司逐漸轉型為控股公司，此次調查僅針對台灣員工，但公司國內外轉投資子公司之獲利等因素均會影響EPS高低，非所有獲利均由台灣母公司所創造。",
"汽車工業","1533","車王電","249762","441","566","568","482","462","-1.31","882","6.40","N","N","N","",
"電機機械","1535","中宇","1391041","1226","1135","1112","1039","1010","4.50","803","2.29","N","N","N","",
"汽車工業","1536","和大","646061","1064","607","631","582","603","1.17","882","6.40","N","N","N","",
"電機機械","1537","廣隆","85470","109","784","837","641","670","7.43","803","2.29","N","Y","N","公司考量年資與績效考核，分配年終獎金及依章程提撥之員工酬勞予員工，以激勵員工共同為公司目標努力。由於112年公司獲利較前一年衰退31%，致員工薪資平均數較前一年減少6.3%，公司會參考同業薪資水準做合理調整。",
"電機機械","1538","正峰","23778","40","594","455","437","450","-0.64","803","2.29","N","N","N","",
"電機機械","1539","巨庭","65926","143","461","511","409","475","0.96","803","2.29","Y","N","N","本公司是木工機OEM其毛利偏低,與同業無法相比,
但就同業公司之EPS及薪酬比率比較,本公司112年EPS為0.96與薪酬比率尚在合理範圍內。",
"電機機械","1540","喬福","49825","83","600","579","569","555","1.30","803","2.29","N","N","N","",
"電機機械","1541","錩泰","174929","361","485","453","413","395","1.46","803","2.29","Y","N","N","1.外籍勞工佔公司人數近40%，其薪資水準低於本國勞工。
2.持續受肺炎影響，客戶錯估需求及塞港大量存貨釋出，客戶為去化庫存減少下單，致銷售額下降17%及淨利下降58%，減少發放生產激勵獎金及年終獎金、員工酬勞。",
"電機機械","1558","伸興","230784","281","821","838","739","784","3.81","803","2.29","N","N","N","本公司112年經營績效(EPS)較111年降低，故112年員工薪酬平均數及中位數較111年減少，係屬合理。",
"電機機械","1560","中砂","1380126","1706","809","837","740","768","5.91","803","2.29","N","N","N","",
"汽車工業","1568","倉佑","215370","361","597","600","544","547","2.67","882","6.40","N","N","Y","112年EPS2.67含處份境外子公司EPS1.07及營運EPS1.6與111年EPS1.62相近
非擔任主管職薪資平圴數111年60萬112年59.7萬差異為變動薪資加班費因出貨下修而減少
112年有調升經常性薪資並無經營績效與員工薪酬不相當情況",
"電子零組件業","1582","信錦","221457","203","1091","1009","984","869","5.12","951","5.97","N","N","N","",
"電機機械","1583","程泰","279661","388","721","762","672","707","6.46","803","2.29","N","Y","Y","1.外籍勞工人數約佔公司人力百分之十，其薪資水準低於本國勞工。
2.此薪酬調查僅針對台灣員工，但公司轉投資及海外子公司之獲利等因素皆會影響EPS高低，亦即並非所有獲利皆由台灣總公司所創造。",
"汽車工業","1587","吉茂","84816","181","469","514","439","498","0.61","882","6.40","Y","N","N","1.本公司工廠位於彰化地區地處偏鄉，人才要求不易致外籍員工人數較高拉低平均薪資，造成薪資平均數表現較低。
2.本公司依公司營運及獲利情況調薪幅度，112年調薪幅度約0%~5.1%。",
"電機機械","1597","直得","207376","375","553","659","459","628","1.12","803","2.29","N","N","N","",
"運動休閒","1598","岱宇","295198","549","538","565","471","492","-0.88","840","4.96","N","N","N","　",
"電器電纜","1603","華電","348710","600","581","564","510","479","2.99","887","1.80","N","Y","N","員工酬金組合主要包含基本固定薪資、獎金及福利，依據個人能力、對公司貢獻度、績效表現、所任職位之市場價值及考量公司未來營運風險後決定，與經營績效正相關，隨效率提高，經營績效提升，員工薪酬亦將會隨之增加。",
"電器電纜","1604","聲寶","565906","687","824","825","744","737","2.00","887","1.80","N","Y","Y","公司EPS成長,亦有執行薪調,故員工薪資中位數亦較去年成長; 惟因組織營運需求,員工人數增加,且有新舊世代交替及人員流動率高等因素,致年度新進人員較多,導致薪資平均數較去年略減並低於同業平均。",
"電器電纜","1605","華新","3148275","2877","1094","1210","889","991","1.32","887","1.80","N","N","N","",
"電器電纜","1608","華榮","314877","404","779","704","757","685","2.23","887","1.80","N","Y","N","本公司112年度獲利部份來自金融商品評價利益，此部份獲利與員工績效並無顯著關聯；另EPS之計算，分母股數扣除了庫藏股數，若不扣除庫藏股數，EPS則為1.50，並未高於同業。",
"電器電纜","1609","大亞","772145","594","1300","813","1186","772","3.91","887","1.80","N","N","N","員工酬金組合主要包含基本固定薪資、獎金及福利，其中獎金連結績效考核，依個人績效表現、目標達成率、貢獻之價值與營運績效給予合理報酬。",
"電器電纜","1611","中電","462","1","462","464","462","464","0.46","887","1.80","Y","N","Y","本公司以上事項,已在113年調整改善",
"電器電纜","1612","宏泰","308149","297","1038","838","932","706","1.99","887","1.80","N","N","N","",
"電器電纜","1614","三洋電","534446","931","574","586","552","562","1.24","887","1.80","N","N","Y","一、疫情期間，技術生留廠時間逾半年，計入全時員工，領取基本薪員工人數增加。故平均薪資較前年度略為下降。
二、本期全時員工人數較前期增加36人。",
"電器電纜","1615","大山","171975","249","691","670","620","600","3.21","887","1.80","N","Y","N","本公司的薪資水平在雲林地區已屬中上所得,本公司近年為謀求企業永續經營,讓員工有更好的工作環境,以盈餘投資自動化生產；非擔任主管職務之全時員工薪資平均數及中位數仍分別與2022年各提升3.13%及3.33%,應尚屬合理。",
"電器電纜","1616","億泰","129722","186","697","636","620","589","1.19","887","1.80","N","N","N","",
"電器電纜","1617","榮星","145058","232","625","714","563","658","0.09","887","1.80","N","N","N","",
"電器電纜","1618","合機","158038","199","794","719","713","673","2.01","887","1.80","N","Y","N","本公司之薪酬制度係依個人績效與貢獻度，及綜合考量產業狀況及經濟前景等因素評估，本期員工薪資平均數較上期成長約10.43%，外籍移工占整體員工人數成長約5.75%，以致對平均薪資有所影響。",
"食品工業","1702","南僑","45040","38","1185","1007","861","734","4.20","842","2.70","N","N","N","",
"生技醫療業","1707","葡萄王","446352","528","845","864","736","782","9.81","807","3.16","N","N","N","",
"化學工業","1708","東鹼","122347","170","720","1297","650","1052","-0.11","868","1.64","N","N","N","",
"化學工業","1709","和益","257244","219","1175","1663","1063","1495","0.88","868","1.64","N","N","N","",
"化學工業","1710","東聯","360332","350","1030","1009","977","928","0.30","868","1.64","N","N","N","",
"化學工業","1711","永光","870101","1212","718","786","682","743","0.16","868","1.64","N","N","N","",
"化學工業","1712","興農","1017222","1353","752","775","666","679","2.50","868","1.64","N","Y","N","1.本公司員工薪酬定期參酌外部薪資水準給予合理報酬，但因人力結構組成相較同業不盡相同，致影響薪酬水準。
2.本公司每年辦理全員調薪，校準市場薪酬水準。",
"化學工業","1713","國化","67868","81","838","794","793","753","2.32","868","1.64","N","Y","N","本公司近兩年EPS增加，皆為業外轉投資所致，非本業所產生之挹注，但112Y薪資平均數仍較前一年增加5.5%，可見公司照顧員工之初衷不變。",
"化學工業","1714","和桐","81972","105","781","722","643","601","0.60","868","1.64","N","N","N","",
"化學工業","1717","長興","1754544","1927","911","955","796","816","1.28","868","1.64","N","N","N","",
"化學工業","1718","中纖","378715","579","654","664","608","597","-1.18","868","1.64","N","N","N","",
"生技醫療業","1720","生達","661947","753","879","817","760","703","4.67","807","3.16","N","N","N","",
"化學工業","1721","三晃","342586","483","709","753","675","733","-1.50","868","1.64","N","N","N","",
"化學工業","1722","台肥","924873","611","1514","1387","1352","1232","4.00","868","1.64","N","N","N","",
"化學工業","1723","中碳","433797","295","1470","1453","1368","1372","6.18","868","1.64","N","N","N","",
"化學工業","1725","元禎","64482","90","716","702","623","609","1.10","868","1.64","N","N","N","",
"化學工業","1726","永記","529154","680","778","775","711","704","5.13","868","1.64","N","Y","N","1.本公司股本較小，且營運多為勞力密集的生產型態而雇有外籍勞工，是以影響每股盈餘及平均薪資的計算。
2.未來依公司政策及營運狀況調整薪資並透過多項員工福利措施回饋予員工，期許員工薪酬與經營績效相對應。",
"化學工業","1727","中華化","146132","239","611","626","577","598","0.39","868","1.64","N","N","N","",
"化學工業","1730","花仙子","123111","137","899","890","817","708","3.65","868","1.64","N","N","N","",
"生技醫療業","1731","美吾華","123984","172","721","664","614","585","1.27","807","3.16","N","N","N","",
"化學工業","1732","毛寶","76022","145","524","538","450","456","-0.14","868","1.64","N","N","N","",
"生技醫療業","1733","五鼎","394603","672","587","651","459","566","1.16","807","3.16","N","N","N","",
"生技醫療業","1734","杏輝","491022","767","640","617","532","533","2.24","807","3.16","N","N","N","",
"化學工業","1735","日勝化","141808","180","788","753","703","661","0.76","868","1.64","N","N","N","",
"運動休閒","1736","喬山","857330","1192","719","707","599","592","2.34","840","4.96","N","N","N","",
"食品工業","1737","臺鹽","465683","460","1012","985","924","895","1.50","842","2.70","N","N","N","",
"生技醫療業","1752","南光","349427","603","579","565","506","494","1.96","807","3.16","N","N","N","",
"生技醫療業","1760","寶齡富錦","269200","363","742","838","598","624","0.90","807","3.16","N","N","N","",
"生技醫療業","1762","中化生","298887","347","861","967","758","885","3.42","807","3.16","N","N","N","",
"化學工業","1773","勝一","444209","438","1014","1071","870","924","6.31","868","1.64","N","N","N","",
"化學工業","1776","展宇","60294","97","622","636","498","493","0.39","868","1.64","N","N","Y","1.112年員工薪資平均數及中位數均已較111年增加。
2.112年度營業利益較111年減少，提撥112年度績效獎金之數額較前一年減少。
3.112年度部分資深員工退休，增補員工為年資較短之基層同仁，致薪資平均數略為降低。",
"生技醫療業","1783","和康生","96771","125","774","677","607","538","1.86","807","3.16","N","N","N","",
"生技醫療業","1786","科妍","64388","90","715","659","616","594","2.66","807","3.16","N","N","N","",
"生技醫療業","1789","神隆","584235","685","853","813","780","744","0.36","807","3.16","N","N","N","",
"生技醫療業","1795","美時","675484","591","1143","1096","840","774","15.72","807","3.16","N","N","N","",
"玻璃陶瓷","1802","台玻","2373862","3872","613","677","583","631","0.01","623","0.07","N","N","Y","因EPS計算包含轉投資公司獲利，而年度薪資以台灣母公司員工計薪。
母公司除基本薪資，尚考量各事業部獲利據以發放獎金。
本年度有獲利部門獎金增加，無獲利部門獎金減少，惟因無獲利部門人數偏高所致。",
"建材營造","1805","寶徠","8474","12","706","715","675","659","-1.55","905","2.16","N","N","N","",
"玻璃陶瓷","1806","冠軍","429808","637","675","672","603","595","0.00","623","0.07","N","N","N","",
"建材營造","1808","潤隆","90680","85","1067","664","947","595","17.08","905","2.16","N","N","N","",
"玻璃陶瓷","1809","中釉","161995","225","720","749","622","392","-0.10","623","0.07","N","N","N","",
"玻璃陶瓷","1810","和成","572067","979","584","618","508","535","0.06","623","0.07","N","N","N","",
"玻璃陶瓷","1817","凱撒衛","108267","143","757","765","633","621","3.27","623","0.07","N","N","N","",
"造紙工業","1903","士紙","35263","63","560","563","531","529","0.33","790","0.38","N","N","N","",
"造紙工業","1904","正隆","3025379","3585","844","918","786","850","0.83","790","0.38","N","N","N","",
"造紙工業","1905","華紙","1455564","2002","727","735","673","678","-0.53","790","0.38","N","N","N","",
"造紙工業","1906","寶隆","5873","8","734","808","805","875","0.20","790","0.38","N","N","N","",
"造紙工業","1907","永豐餘","3316655","4278","775","783","691","691","1.10","790","0.38","N","Y","N","本公司改制投控多年，112年之獲利大多來自投資收益；造紙相關之重要子公司獲利貢獻不盡理想，公司雖連年調增員工月薪，惟仍受年終獎金較前一年度減少(因連結相關公司損益表現計算)而影響年薪平均數。",
"造紙工業","1909","榮成","752428","1002","751","766","721","731","-0.77","790","0.38","N","N","N","",
"鋼鐵工業","2002","中鋼","11946531","9633","1240","1595","1156","1495","0.11","973","0.81","N","N","N","",
"鋼鐵工業","2006","東和鋼鐵","2175489","1915","1136","1088","1073","1031","6.48","973","0.81","N","N","N","",
"鋼鐵工業","2007","燁興","263073","421","625","652","588","615","-1.85","973","0.81","N","N","N","",
"鋼鐵工業","2008","高興昌","110609","201","550","549","480","510","2.24","973","0.81","N","Y","N","1)、退休員工(薪資較高)與新進員工薪資落差。
2)、生產訂單減少。公司(EPS)較同業為佳為業外獲利",
"鋼鐵工業","2009","第一銅","123375","225","548","550","524","531","-0.03","973","0.81","N","N","N","",
"鋼鐵工業","2010","春源","996302","1389","717","702","623","612","1.35","973","0.81","N","Y","N","1.本公司112年EPS較111年增加0.4元，非擔任主管職務之全時員工薪資平均數717(仟元/人)較111年702(仟元/人)增加15(仟元/人)，薪酬與公司績效成正比。
2.外籍移工佔員工人數比為25%，以致薪資平均數較低。",
"鋼鐵工業","2012","春雨","331751","500","664","768","538","613","0.91","973","0.81","N","Y","N","春雨公司本年度獲利主係來自採用權益法認列之投資利益，若以排除前述投資利益後之獲利比較，並無獲利表現優於同業公司之情事。",
"鋼鐵工業","2013","中鋼構","755639","450","1679","1599","1502","1410","2.68","973","0.81","N","N","N","",
"鋼鐵工業","2014","中鴻","915692","1103","830","823","796","795","0.11","973","0.81","N","N","N","",
"鋼鐵工業","2015","豐興","932113","918","1015","1063","928","965","4.08","973","0.81","N","N","N","",
"鋼鐵工業","2017","官田鋼","134662","266","506","534","440","469","-0.68","973","0.81","N","N","N","",
"鋼鐵工業","2020","美亞","259565","317","819","706","694","638","4.80","973","0.81","N","Y","N","本公司112年度獲利扣除業外賠償收入後, 本公司非經理人之全時員工薪資平均數無低於同業水準.",
"鋼鐵工業","2022","聚亨","61413","108","569","594","522","536","0.24","973","0.81","N","N","Y","1.本公司112年度EPS較111年度高,主因營業外收入-採用權益法認列之子公司及關聯企業損益之份額增加所致。
2.112年度營收額較去年度減少，使加班費及獎金減少，拉低員工薪資平均數及中位數。",
"鋼鐵工業","2023","燁輝","1144605","1321","866","942","842","920","-0.55","973","0.81","N","N","N","",
"鋼鐵工業","2024","志聯","80414","155","519","569","481","518","-0.56","973","0.81","N","N","N","",
"鋼鐵工業","2025","千興","27828","49","568","518","549","509","0.81","973","0.81","N","N","N","",
"鋼鐵工業","2027","大成鋼","497664","1037","480","1698","458","1458","2.30","973","0.81","Y","Y","N","112年度因營收及盈餘大幅下降，故減少提列獎金及員工紅利。",
"鋼鐵工業","2028","威致","278283","355","784","773","737","700","1.28","973","0.81","N","Y","N","雖然獲利狀況良好，為因應國際環保減碳趨勢及國家政策，公司規劃汰換老舊高耗能設備引進節能設備，須靠未來獲利做改善，故員工薪資未與營業績效做連結。",
"鋼鐵工業","2029","盛餘","556153","488","1140","1047","1050","975","1.95","973","0.81","N","N","N","",
"鋼鐵工業","2030","彰源","394470","602","655","655","581","569","0.18","973","0.81","N","N","N","",
"鋼鐵工業","2031","新光鋼","208929","259","807","785","703","711","5.15","973","0.81","N","Y","N","本公司非經理人之全時員工之酬金金額，乃依其職務職位、營運參與程度及貢獻價值、該年度公司經營績效及考量公司未來風險，由單位主管評量提案，提交至總經理審議核定並送交薪酬委員會報告。",
"鋼鐵工業","2032","新鋼","86819","167","520","514","494","497","-0.16","973","0.81","N","N","N","",
"鋼鐵工業","2033","佳大","54314","104","522","517","496","505","-0.04","973","0.81","N","N","N","本公司薪資一向優於政府法規，但礙於獲利(產品別與同業不盡相同)，致薪酬水平無法與一般同業一樣，但公司仍將秉持照顧員工初衷，持續加強公司競爭力，增進公司獲利率，將利潤分享員工，給員工更好薪資及福利。",
"鋼鐵工業","2034","允強","469151","775","605","685","559","591","-0.38","973","0.81","N","N","N","",
"鋼鐵工業","2038","海光","235274","378","622","659","574","593","0.28","973","0.81","N","N","N","",
"電機機械","2049","上銀","3574242","4477","798","940","760","903","5.75","803","2.29","N","Y","N","1.本公司生產製造主要集中於台灣，台灣總公司人力結構以一般生產人員佔多數
2.本公司外籍勞工人數佔總人數約16%，拉低整體薪資平均數
3.本公司大力推廣產學合作，產攜生人數約10%，因其無加班致拉低整體薪資平均數",
"電子零組件業","2059","川湖","337352","504","669","869","498","703","28.38","951","5.97","N","Y","N","本公司生產製造皆在台灣，員工佔多數為產線基本作業人力。
然而本公司於年度終了依照經營績效與獲利狀況扣除應有稅捐及法定提撥後倘有盈餘，即秉持著與全體員工共享之理念與全員共享。",
"居家生活","2062","橋椿","458625","831","552","537","477","465","1.57","711","5.69","N","N","N","",
"鋼鐵工業","2069","運錩","80934","152","532","583","473","512","-0.90","973","0.81","N","N","N","",
"橡膠工業","2101","南港","697370","959","727","705","639","614","0.16","727","1.01","N","N","N","",
"橡膠工業","2102","泰豐","41214","58","711","619","657","599","-3.76","727","1.01","N","N","N","",
"橡膠工業","2103","台橡","729669","630","1158","1204","1042","1091","0.82","727","1.01","N","N","N","",
"橡膠工業","2104","國際中橡","263317","246","1070","1420","935","1268","-0.51","727","1.01","N","N","N","",
"橡膠工業","2105","正新","3055738","4349","703","696","664","658","2.22","727","1.01","N","Y","N","本公司為輪胎製造業與其它橡膠工業產業屬性不同，現場需求大量人工作業，且其平均薪資優於同區域之輪胎製造同業。",
"橡膠工業","2106","建大","984707","1683","585","638","543","589","0.92","727","1.01","N","N","Y","23年我司海外廠獲利優於22年，集團EPS由22年的0.35增加至23年的0.92!但台灣廠23年獲利下降，導致台灣廠員工非經常性薪資減少，主因在於台灣廠自行車胎佔比高，23年全球自行車庫存仍偏高，台灣廠接單量不符預期!",
"橡膠工業","2107","厚生","116041","175","663","662","605","612","1.61","727","1.01","N","Y","N","1．員工薪酬依據個別員工、部門及全公司績效獲利而有不同，並參考同業整體經濟及物價水準調整之。
2．本公司113年度實施調薪，較前一年度本俸成長4％。",
"橡膠工業","2108","南帝","322206","289","1115","1832","1058","1746","1.45","727","1.01","N","N","N","",
"橡膠工業","2109","華豐","319177","560","570","581","498","527","1.51","727","1.01","N","Y","Y","1.主要係本公司112年度優化產線提升生產效率，致整體製程加班工時減少，平均員工加班薪資較前一年度降低所致。
2.本公司於今年度實施調薪政策，年度員工平均薪資預期可再提升。",
"橡膠工業","2114","鑫永銓","53340","92","580","534","554","525","6.02","727","1.01","N","Y","N","受大環境影響112年度營收減少15%，但員工薪資平均數卻較去年度成長8.6%，本公司秉持共創價值分
享利益，持續優化同仁薪資水準。",
"汽車工業","2201","裕隆","980823","1092","898","863","847","812","4.63","882","6.40","N","N","N","",
"汽車工業","2204","中華","2370304","1964","1207","1111","1075","994","10.36","882","6.40","N","N","N","",
"汽車工業","2206","三陽工業","2755844","2342","1177","1014","1122","998","7.95","882","6.40","N","N","N","",
"汽車工業","2207","和泰車","1391155","529","2630","2080","1991","1737","41.03","882","6.40","N","N","N","",
"航運業","2208","台船","2730745","2857","956","939","907","897","-4.32","1378","2.56","N","N","N","",
"鋼鐵工業","2211","長榮鋼","579778","534","1086","993","1044","951","8.80","973","0.81","N","N","N","",
"汽車工業","2227","裕日車","419465","348","1205","1182","1142","1117","3.87","882","6.40","N","N","N","",
"汽車工業","2228","劍麟","264893","413","641","630","540","534","6.78","882","6.40","N","Y","N","1.EPS主要歸功於海外子公司
2.合理性：每年參考CPI、外部薪資調查，檢視薪等表市場定位；近10年平均調薪幅度>3 %
3.關聯性：自105年度起，依據年度獲利狀況發放員工酬勞；每年視經營績效決議調薪幅度與年獎發放額",
"汽車工業","2231","為升","219739","342","643","638","549","549","3.20","882","6.40","N","N","N","",
"汽車工業","2233","宇隆","214704","340","631","833","522","711","8.86","882","6.40","N","Y","N","本公司人力結構中所屬直接員工數佔總人數之五成，其中外籍員工佔直接員工數約五成，因此影響整體薪資之平均。",
"汽車工業","2241","艾姆勒","200280","271","739","649","675","577","-2.47","882","6.40","N","N","N","",
"汽車工業","2247","汎德永業","1586820","1420","1117","1035","849","815","22.17","882","6.40","N","N","N","",
"汽車工業","2254","巨鎧精密-創","58881","126","467","0","426","0","-0.78","882","6.40","Y","N","N","1.執行新定薪酬管理、績效管理及晉升管理等辦法，並以KPI管理，確保員工薪酬具產業市場競爭力
2.執行專案獎金管理辦法，以實質獎勵回饋績優員工
3.繼續執行員工分紅配股管理辦法，配合營運狀況擴大員工實質收益",
"汽車工業","2258","鴻華先進-創","920328","711","1294","0","1083","0","-1.20","882","6.40","N","N","N","",
"電腦及週邊設備業","2301","光寶科","6829974","4829","1414","1472","1130","1129","6.36","1331","4.97","N","N","Y","本公司人力結構因在台生產需求有所變動(產線直接員工人數較前一年度增加超過20%)，以致非擔任主管職務之全時員工（年度）薪資平均數略低於前一年度。",
"半導體業","2302","麗正","31533","43","733","613","557","497","0.52","1745","14.50","N","N","N","",
"半導體業","2303","聯電","23156819","12508","1851","2080","1577","1656","4.93","1745","14.50","N","N","N","",
"電腦及週邊設備業","2305","全友","57317","71","807","717","790","710","0.03","1331","4.97","N","N","N","",
"電子零組件業","2308","台達電","20201526","11651","1734","1701","1466","1422","12.86","951","5.97","N","N","N","",
"其他電子業","2312","金寶","574379","391","1469","1411","1236","1219","0.51","1304","8.33","N","N","N","",
"電子零組件業","2313","華通","4031987","4423","912","1004","814","894","3.50","951","5.97","N","N","N","",
"通信網路業","2314","台揚","421387","496","850","834","635","656","-2.60","1233","3.59","N","N","N","",
"電子零組件業","2316","楠梓電","541009","1094","495","534","450","491","4.61","951","5.97","Y","N","Y","本公司係依職務工作資歷等敘薪,另訂有獎金辦法依照公司營業利潤及員工表現作為獎金發放之依據.本公司EPS增加係認列處分投資利益,與非擔任主管職務之全時員工較無關聯性.112年本公司因營收減少致營業淨損增加。",
"其他電子業","2317","鴻海","9286831","3690","2517","2538","1772","1768","10.25","1304","8.33","N","N","Y","因應財政部修正伙食費由每月2400元提高3000元免計入收入，故用餐補助款少認列600元(月/人)，及多位資深同仁升遷、退休，以致統計數據之人員結構不同，若扣除前項差異數，112年員工薪資平均數未有較111年減少之情形。",
"通信網路業","2321","東訊","119453","153","781","787","644","663","-2.60","1233","3.59","N","N","N","",
"光電業","2323","中環","371918","597","623","597","544","576","1.61","923","-0.46","N","Y","N","推估係因本公司人力結構分佈屬直接員工約占總人數之八成五所致，但平均薪資仍較去年增加。",
"電腦及週邊設備業","2324","仁寶","11543092","8231","1402","1352","1255","1180","1.76","1331","4.97","N","N","N","",
"電子零組件業","2327","國巨","2842155","3815","745","740","629","642","41.80","951","5.97","N","Y","N","本公司於台灣地區因基層員工佔比較高(超過50%), 和其他同業之人力資源結構不同。公司獲利表現穩定, 每年持續依照員工績效表現給予相應之年度調薪, 並參考同業薪資趨勢核定薪酬.",
"電子零組件業","2328","廣宇","59607","38","1569","1370","1353","1264","2.42","951","5.97","N","N","N","",
"半導體業","2329","華泰","3326473","4548","731","702","642","620","2.66","1745","14.50","N","N","N","",
"半導體業","2330","台積電","183652184","64614","2842","3167","2248","2435","32.34","1745","14.50","N","N","N","",
"電腦及週邊設備業","2331","精英","816846","625","1307","1271","1120","1044","1.82","1331","4.97","N","N","N","",
"通信網路業","2332","友訊","552202","485","1139","1078","1040","974","0.95","1233","3.59","N","N","N","",
"半導體業","2337","旺宏","4946600","3579","1382","1729","1173","1281","-0.92","1745","14.50","N","N","N","",
"半導體業","2338","光罩","375139","377","995","1111","849","936","1.75","1745","14.50","N","N","N","",
"半導體業","2340","台亞","633850","773","820","806","711","693","0.70","1745","14.50","N","N","N","",
"半導體業","2342","茂矽","466810","578","808","963","715","858","-1.12","1745","14.50","N","N","N","",
"半導體業","2344","華邦電","5540880","3488","1589","1926","1382","1580","-0.29","1745","14.50","N","N","N","",
"通信網路業","2345","智邦","4302097","3106","1385","1324","982","934","15.99","1233","3.59","N","N","N","",
"電子通路業","2347","聯強","762541","635","1201","1228","1030","1049","4.37","1041","3.99","N","N","N","",
"其他","2348","海悅","204610","163","1255","1109","1058","955","13.86","909","2.71","N","N","N","",
"光電業","2349","錸德","363217","546","665","670","541","578","-0.44","923","-0.46","N","Y","N","本公司屬光碟業，已多年虧損，除保留新技術開發人才其餘暫緩而其他公司仍保有較多高端銷售及技術人力，且其中的面板產業，因適逢景氣低潮導致虧損鉅大，故在同業虧損擴大且人力調整較少，所以相對下產生此一狀況",
"半導體業","2351","順德","992873","1435","692","726","593","601","4.08","1745","14.50","N","N","N","",
"電腦及週邊設備業","2352","佳世達","2518960","1582","1592","1696","1320","1290","1.51","1331","4.97","N","N","N","",
"電腦及週邊設備業","2353","宏碁","2190108","1540","1422","1772","1186","1442","1.64","1331","4.97","N","N","N","",
"其他電子業","2354","鴻準","942611","416","2266","2498","1553","1634","3.01","1304","8.33","N","N","N","",
"電子零組件業","2355","敬鵬","1942169","2768","702","710","632","640","1.92","951","5.97","N","N","Y","本公司112年度獲利成長主因係大陸廠營運創下佳績，獲利貢獻大幅提升所致，且因台灣廠區訂單減少，生產線人員平均加班工時及加班費同步降低，故平均薪資較前一年度減少。",
"電腦及週邊設備業","2356","英業達","6622072","5868","1129","1121","948","939","1.71","1331","4.97","N","N","N","",
"電腦及週邊設備業","2357","華碩","12404050","7337","1691","1617","1375","1310","21.44","1331","4.97","N","N","N","",
"其他","2358","廷鑫","42681","78","547","534","462","464","0.00","909","0.00","N","N","N","112年度非擔任主管職務之全時員工薪資資訊未經會計師查核",
"其他電子業","2359","所羅門","246175","275","895","919","783","779","3.11","1304","8.33","N","N","Y","112年招募較多基層人員，導致全時員工(年度)薪資平均數較前一年減少",
"其他電子業","2360","致茂","2159852","1871","1154","1401","1001","1144","9.45","1304","8.33","N","Y","N","本公司所屬類別為「其他電子業」，惟本公司所營事
業為量測儀器設備產業，與「其他電子業」所列之其
他企業相較，不論所營事業、企業規模均差異甚大，
要求本公司須就低於同業水準之情況進行說明，實屬
為難。",
"電腦及週邊設備業","2362","藍天","609210","505","1206","1204","1101","1078","1.81","1331","4.97","N","N","N","",
"半導體業","2363","矽統","200727","142","1414","1308","1310","1210","0.76","1745","14.50","N","N","N","",
"電腦及週邊設備業","2364","倫飛","126791","158","802","737","665","643","3.51","1331","4.97","N","N","N","",
"電腦及週邊設備業","2365","昆盈","43069","50","861","847","770","719","0.33","1331","4.97","N","N","N","",
"電子零組件業","2367","燿華","2746720","4632","593","673","544","605","-0.51","951","5.97","N","N","N","",
"電子零組件業","2368","金像電","2021617","2305","877","887","682","721","7.25","951","5.97","N","Y","N","非經理人之全時員工薪資平均數，本公司採利潤中心制並合理分配員工績效獎金，且本公司在112年度整體調薪達4.56%，並無低於業界水準。",
"半導體業","2369","菱生","1273591","2166","588","591","531","507","-0.42","1745","14.50","N","N","N","",
"電機機械","2371","大同","1739611","2353","739","763","659","680","1.13","803","2.29","N","N","N","",
"其他電子業","2373","震旦行","680325","908","749","736","650","640","4.86","1304","8.33","N","N","N","",
"光電業","2374","佳能","512034","446","1148","1251","1090","1080","0.96","923","-0.46","N","N","Y","非擔任主管職務之全時員工人數較111年減少、基層與技術及作業人員人數增加、部分高薪員工離職及中高階主管視經營績效獎酬有高低等原因，112年度薪資平均數較111年度低。",
"電子零組件業","2375","凱美","31064","40","777","774","730","800","2.44","951","5.97","N","N","N","",
"電腦及週邊設備業","2376","技嘉","2288561","1858","1232","1409","856","953","7.46","1331","4.97","N","Y","N","本公司在台灣設有工廠，雇用基層勞工比例較高，且112年因網通事業群分割移出部分人員(均非基層產線人員)，致112年本公司非擔任主管職務之全時員工平均薪資減少。",
"電腦及週邊設備業","2377","微星","4006725","2873","1395","1712","1213","1478","8.92","1331","4.97","N","N","N","",
"半導體業","2379","瑞昱","15975981","5073","3149","3839","2593","3069","17.85","1745","14.50","N","N","N","",
"電腦及週邊設備業","2380","虹光","320711","359","893","873","803","771","-1.88","1331","4.97","N","N","N","",
"電腦及週邊設備業","2382","廣達","15753096","10352","1522","1501","1291","1217","10.29","1331","4.97","N","N","N","",
"電子零組件業","2383","台光電","997362","932","1070","1054","805","786","16.35","951","5.97","N","N","N","",
"電子零組件業","2385","群光","1723251","821","2099","1958","1808","1676","10.35","951","5.97","N","N","N","",
"電腦及週邊設備業","2387","精元","190588","257","742","740","672","655","6.50","1331","4.97","N","Y","N","薪酬主要衡量員工職能與績效達成，並看公司所在當地就業市場，綜合檢討調整。",
"半導體業","2388","威盛","590568","349","1692","1632","1515","1443","0.82","1745","14.50","N","N","N","",
"其他電子業","2390","云辰","51915","64","811","725","760","697","-0.42","1304","8.33","N","N","N","",
"電子零組件業","2392","正崴","1067709","857","1246","1082","1086","956","3.09","951","5.97","N","N","N","",
"光電業","2393","億光","1071300","1156","927","796","735","603","3.32","923","-0.46","N","N","N","",
"電腦及週邊設備業","2395","研華","4158850","3375","1232","1192","1059","1001","12.65","1331","4.97","N","Y","N","研華有45%員工從事營運製造，與同業大都將製造移往海外組織結構不同。除確保薪酬競爭力外, 在激勵上，與經營績效緊密連結，發放績效獎金及員工分紅外，另發行員工認股權證，但其價值不被證交所列入平均薪資計算。",
"電腦及週邊設備業","2397","友通","512831","626","819","905","644","711","3.16","1331","4.97","N","N","N","",
"電腦及週邊設備業","2399","映泰","110281","127","868","824","742","728","-0.64","1331","4.97","N","N","N","",
"半導體業","2401","凌陽","446322","314","1421","1592","1246","1358","-0.84","1745","14.50","N","N","N","",
"電子零組件業","2402","毅嘉","118430","200","592","538","493","439","1.56","951","5.97","N","N","N","",
"其他電子業","2404","漢唐","1360551","863","1577","1506","1387","1277","24.82","1304","8.33","N","N","N","",
"電腦及週邊設備業","2405","輔信","159605","167","956","976","807","828","0.04","1331","4.97","N","N","N","",
"光電業","2406","國碩","96906","139","697","713","625","650","-0.99","923","-0.46","N","N","N","",
"半導體業","2408","南亞科","4305076","3528","1220","1581","1054","1350","-2.40","1745","14.50","N","N","N","",
"光電業","2409","友達","20645102","18783","1099","1044","839","791","-2.37","923","-0.46","N","N","N","",
"通信網路業","2412","中華電","30393594","19914","1526","1548","1487","1510","4.76","1233","3.59","N","N","Y","本公司112年度EPS較前一年度成長，惟非經理人全時員工薪資平均數較前一年度減少，係因資深員工退休人數多且薪資水位高於新進員工，致影響全時員工薪資平均數及中位數較前一年度減少。",
"電子零組件業","2413","環科","379363","693","547","558","467","497","0.84","951","5.97","N","N","N","",
"電子通路業","2414","精技","321307","367","875","896","788","809","2.38","1041","3.99","N","N","N","",
"電子零組件業","2415","錩新","24484","24","1020","1005","886","904","-0.22","951","5.97","N","N","N","",
"電腦及週邊設備業","2417","圓剛","218665","189","1157","1115","1114","1085","0.01","1331","4.97","N","N","N","",
"通信網路業","2419","仲琦","307550","243","1266","1571","1105","1395","0.02","1233","3.59","N","N","N","",
"電子零組件業","2420","新巨","314047","527","596","593","483","476","3.55","951","5.97","N","N","N","",
"電子零組件業","2421","建準","642775","594","1082","1026","876","843","5.16","951","5.97","N","N","N","",
"其他電子業","2423","固緯","361244","363","995","973","898","876","2.95","1304","8.33","N","N","N","",
"通信網路業","2424","隴華","18040","21","859","691","712","642","-3.95","1233","3.59","N","N","N","",
"電腦及週邊設備業","2425","承啟","30043","29","1036","658","910","720","1.68","1331","4.97","N","N","N","",
"光電業","2426","鼎元","411039","722","569","562","465","497","-0.44","923","-0.46","N","Y","N","本公司因生產線員工占總員工人數約62%、112年度結算虧損不分配員工酬勞及在職月數未達12個月占總人數約18%，致使非擔任主管職員工薪資平均數低於同業。",
"資訊服務業","2427","三商電","581931","733","794","765","741","710","1.36","1031","3.66","N","N","N","",
"電子零組件業","2428","興勤","370016","454","815","758","604","560","10.21","951","5.97","N","Y","N","本公司員工薪酬依公司各項規章及營運狀況給予合理報酬；惟本公司直接人員佔全體員工比重近5成，致使平均薪資數較同業低。",
"光電業","2429","銘旺科","26672","61","437","458","333","321","-0.56","923","-0.46","Y","N","Y","因112年處分虧損子公司，故EPS較同業為佳,
112年間接人員及營運週整造成中高階主管離職，故造成員工平均薪資較前一年度減少",
"電子通路業","2430","燦坤","1258106","1897","663","675","629","628","2.39","1041","3.99","N","N","N","",
"電子零組件業","2431","聯昌","38069","39","976","920","837","764","-0.85","951","5.97","N","N","N","",
"電腦及週邊設備業","2432","倚天酷碁-創","67881","46","1476","0","1277","0","1.98","1331","4.97","N","N","N","",
"其他電子業","2433","互盛電","261777","365","717","726","662","649","3.39","1304","8.33","N","N","N","",
"半導體業","2434","統懋","12327","23","536","557","493","492","-0.98","1745","14.50","N","N","N","",
"半導體業","2436","偉詮電","352922","276","1279","1151","1202","1071","1.18","1745","14.50","N","N","N","",
"光電業","2438","翔耀","6699","13","515","522","459","461","-1.00","923","-0.46","N","N","N","",
"通信網路業","2439","美律","767908","688","1116","985","812","765","6.16","1233","3.59","N","Y","N","產業型態不盡相同，客戶、產品、技術差異甚大，營運和品牌經營各異；2023年度公司營收及經營指標達成皆較前一年度成長，而員工薪酬為依據前一年度經營績效而分配之變動獎金，故整體言之，員工平均薪資仍較去年成長。",
"電子零組件業","2440","太空梭","11991","14","857","783","761","737","-0.99","951","5.97","N","N","N","",
"半導體業","2441","超豐","2920708","3965","737","783","610","630","3.51","1745","14.50","N","N","N","",
"建材營造","2442","新美齊","70413","61","1154","1079","951","879","1.67","905","2.16","N","N","N","",
"其他","2443","昶虹","2954","4","739","753","597","648","0.00","909","2.71","N","N","N","",
"通信網路業","2444","兆勁","220926","428","516","524","468","469","-0.16","1233","3.59","N","N","N","",
"半導體業","2449","京元電子","5319867","6719","792","863","665","711","4.78","1745","14.50","N","N","N","",
"通信網路業","2450","神腦","1154694","1828","632","622","589","584","2.73","1233","3.59","N","N","N","",
"半導體業","2451","創見","729716","957","763","748","618","601","4.63","1745","14.50","N","N","N","",
"資訊服務業","2453","凌群","1035086","1037","998","938","895","827","2.78","1031","3.66","N","N","N","",
"半導體業","2454","聯發科","42910915","11432","3754","4867","3094","3747","48.51","1745","14.50","N","N","N","",
"通信網路業","2455","全新","258294","287","900","897","654","700","2.43","1233","3.59","N","N","N","",
"電子零組件業","2457","飛宏","385933","382","1010","919","877","794","0.68","951","5.97","N","N","N","",
"半導體業","2458","義隆","1741213","934","1864","1745","1715","1572","7.53","1745","14.50","N","N","N","",
"其他電子業","2459","敦吉","57898","56","1034","1032","977","920","5.46","1304","8.33","N","N","N","",
"電子零組件業","2460","建通","64853","110","590","595","524","530","-1.05","951","5.97","N","N","N","",
"其他電子業","2461","光群雷","96888","134","723","768","616","672","0.66","1304","8.33","N","N","N","",
"電子零組件業","2462","良得電","51691","40","1292","990","1055","876","1.86","951","5.97","N","N","N","",
"其他電子業","2464","盟立","1225519","1184","1035","1083","880","893","0.89","1304","8.33","N","N","N","",
"電腦及週邊設備業","2465","麗臺","283775","324","876","857","775","718","-2.53","1331","4.97","N","N","N","",
"光電業","2466","冠西電","71080","132","538","608","360","446","0.18","923","-0.46","N","Y","N","因公司用人結構因素,目前外籍移工及生產線員工占非部門主管人數約為49%,致公司整體平均薪資較低。",
"電子零組件業","2467","志聖","400022","353","1133","1189","1018","993","3.12","951","5.97","N","N","N","",
"資訊服務業","2468","華經","182674","248","737","697","627","615","1.12","1031","3.66","N","N","N","",
"資訊服務業","2471","資通","319737","253","1264","1203","1123","1079","3.66","1031","3.66","N","N","N","",
"電子零組件業","2472","立隆電","118606","102","1163","1312","1110","1278","5.60","951","5.97","N","N","N","",
"其他電子業","2474","可成","1977320","2946","671","687","564","579","13.33","1304","8.33","N","Y","N","電子業產品因生產週期及型態不同，人力結構組成就不相同，台灣可成直接人力佔全公司比重約65%，
因此在年薪呈現上會較其他電子業在台灣是以研發為主的公司低。",
"電子零組件業","2476","鉅祥","476004","706","674","716","598","631","3.54","951","5.97","N","N","N","",
"其他電子業","2477","美隆電","115274","157","734","656","638","528","0.24","1304","8.33","N","N","N","",
"電子零組件業","2478","大毅","519267","745","697","684","579","571","2.56","951","5.97","N","N","N","",
"資訊服務業","2480","敦陽科","561764","554","1014","1050","941","962","7.36","1031","3.66","N","Y","Y","本公司112年度員工人數較111年度成長8.6%，多數為基層員工，且為強化高階經理人獎酬與營運績效目標連結，連動影響員工酬勞分配。
綜上因素影響薪資中位數及平均數，惟公司各階層員工平均薪資皆每年持續成長。",
"半導體業","2481","強茂","1017094","1366","745","770","554","555","2.15","1745","14.50","N","N","N","",
"其他電子業","2482","連宇","155341","186","835","760","663","620","2.40","1304","8.33","N","N","N","",
"電子零組件業","2483","百容","274916","549","501","535","426","469","0.32","951","5.97","N","N","N","",
"電子零組件業","2484","希華","439866","693","635","702","556","604","1.64","951","5.97","N","N","N","",
"通信網路業","2485","兆赫","633302","1090","581","562","426","422","-0.23","1233","3.59","N","N","N","",
"光電業","2486","一詮","475908","761","625","603","550","546","0.92","923","-0.46","N","Y","N","本公司員工薪酬政策，依員工職責考核其個人績效表現及對公司之貢獻度，給予相對應之酬金。因產線基層作業人員佔總人數65%，故拉低總平均薪資，在人力結構不同情況下，員工薪資平均數較同業水準為低。",
"其他電子業","2488","漢平","121229","134","905","794","742","662","4.39","1304","8.33","N","N","N","",
"光電業","2489","瑞軒","420487","323","1302","1035","1155","927","0.58","923","-0.46","N","N","N","",
"光電業","2491","吉祥全","9001","15","600","553","549","505","0.45","923","-0.46","N","Y","N","本公司依員工職責考核其績效及對公司之貢獻，並考量公司營運給予相應酬金。本期EPS獲利較同業佳，主係非經常性營業外收入增加，故尚難與同業做客觀比較；另本期非擔任主管之員工薪資平均及中位數均較去年增加。",
"電子零組件業","2492","華新科","1330592","2026","657","580","595","486","4.09","951","5.97","N","N","N","",
"電子零組件業","2493","揚博","274646","270","1017","1077","858","882","6.03","951","5.97","N","N","Y","本公司員工薪酬配合公司整體營運並依據同仁所擔任職務及個人績效表現而訂定，112年EPS雖較前一年度成長，但因客戶交機時間較不緊迫，員工加班減少故整體薪資平均數較前一年度略減。",
"電腦及週邊設備業","2495","普安","369331","384","962","931","812","759","0.88","1331","4.97","N","N","N","",
"其他","2496","卓越","2459","3","820","659","665","682","5.48","909","2.71","N","Y","N","集團主要EPS貢獻來源為其重要子公司，母公司非擔任主管職務之全時員工為一般行政後勤人員。
另112年度非擔任主管職務之全時員工薪資平均數較111年度增加161仟元。",
"汽車工業","2497","怡利電","356696","525","679","641","606","575","1.89","882","6.40","N","N","N","",
"通信網路業","2498","宏達電","1236822","1024","1208","1139","937","897","-4.09","1233","3.59","N","N","N","",
"建材營造","2501","國建","137283","133","1032","987","978","879","1.87","905","2.16","N","N","N","",
"建材營造","2504","國產","583208","579","1007","1033","1001","1018","3.00","905","2.16","N","N","N","",
"建材營造","2505","國揚","68291","69","990","1256","915","1170","0.80","905","2.16","N","N","N","",
"建材營造","2506","太設","51199","68","753","1042","680","836","0.12","905","2.16","N","N","N","",
"建材營造","2509","全坤建","38206","49","780","802","760","745","-1.09","905","2.16","N","N","N","",
"建材營造","2511","太子","144702","185","782","1082","709","1048","0.37","905","2.16","N","N","N","",
"其他","2514","龍邦","16416","17","966","778","908","698","2.44","909","2.71","N","N","N","",
"建材營造","2515","中工","1049509","1414","742","748","665","670","0.41","905","2.16","N","N","N","",
"建材營造","2516","新建","533016","860","620","616","469","483","0.77","905","2.16","N","N","N","",
"建材營造","2520","冠德","74102","68","1090","1273","989","1081","4.42","905","2.16","N","N","Y","主因係員工異動(新進.離職)差異所致",
"建材營造","2524","京城","28180","31","909","980","820","937","1.20","905","2.16","N","N","N","",
"建材營造","2527","宏璟","17163","21","817","830","831","852","2.22","905","2.16","N","Y","Y","1.本公司薪酬制度除保障年薪14.5個月外，營運如有獲利另發放員工酬勞。113年度已全面調薪3%以上。
2.112年度部份員工異動，新進員工薪資較離職之資深員工低，致平均薪資減少。",
"建材營造","2528","皇普","20656","26","794","728","633","610","0.64","905","2.16","N","N","N","",
"建材營造","2530","華建","34055","30","1135","1104","959","896","0.61","905","2.16","N","N","N","",
"建材營造","2534","宏盛","57842","65","890","972","784","836","1.10","905","2.16","N","N","N","",
"建材營造","2535","達欣工","684297","582","1176","1119","1115","1093","3.77","905","2.16","N","N","N","",
"建材營造","2536","宏普","32971","23","1434","841","1343","857","0.69","905","2.16","N","N","N","",
"建材營造","2537","聯上發","22626","27","838","888","869","791","-0.20","905","2.16","N","N","N","",
"建材營造","2538","基泰","8194","5","1639","1029","1075","842","0.94","905","2.16","N","N","N","",
"建材營造","2539","櫻花建","65257","68","960","891","836","756","2.24","905","2.16","N","N","N","",
"建材營造","2540","愛山林","285408","78","3659","2036","2817","1357","3.91","905","2.16","N","N","N","",
"建材營造","2542","興富發","271461","267","1017","775","806","624","1.33","905","2.16","N","N","N","",
"建材營造","2543","皇昌","887118","1233","719","720","514","564","2.15","905","2.16","N","N","Y","本公司申報112年度非擔任主管職務之全時員工資訊係包含外籍移工,外籍移工比例約49.1%,較111年度增加約10.3%。
若不含外籍移工計算,本國籍員工為628人,年薪平均為981仟元。",
"建材營造","2545","皇翔","60366","53","1139","1165","1045","970","2.32","905","2.16","N","N","N","",
"建材營造","2546","根基","694160","830","836","978","767","916","8.20","905","2.16","N","Y","N","112年度外藉移工佔全公司人數35%，較111年上升7%，造成112年平均薪資及中位數薪資較111年下降。",
"建材營造","2547","日勝生","91068","97","939","941","830","862","-0.11","905","2.16","N","N","N","",
"建材營造","2548","華固","128504","62","2073","1647","1960","1566","12.95","905","2.16","N","N","N","",
"建材營造","2597","潤弘","1068062","932","1146","1160","961","959","10.28","905","2.16","N","N","N","",
"貿易百貨","2601","益航","34752","37","939","1097","862","1009","-2.02","844","2.24","N","N","N","",
"航運業","2603","長榮","4336683","2818","1539","4575","1410","4213","16.70","1378","2.56","N","N","N","",
"航運業","2605","新興","26522","19","1396","1375","1202","1380","0.76","1378","2.56","N","N","N","",
"航運業","2606","裕民","457301","293","1561","1574","1333","1359","3.24","1378","2.56","N","N","N","",
"航運業","2607","榮運","1006192","1015","991","971","985","941","2.55","1378","2.56","N","N","N","",
"航運業","2608","嘉里大榮","2722748","4017","678","690","645","667","3.63","1378","2.56","N","Y","Y","營運主軸為陸路運輸，所需人力多為基層勞力人員，與航/空運業者以高技術含量之專業員工佔多數顯著不同。112年度稅後淨利較前一年度增加係因處分資產所致，如排除處分資產淨利，則每股盈餘為2.54元，略低於同業水準。",
"航運業","2609","陽明","2097874","1634","1284","2957","1130","2585","1.37","1378","2.56","N","N","N","",
"航運業","2610","華航","20028987","9653","2075","1638","1545","1159","1.13","1378","2.56","N","N","N","",
"航運業","2611","志信","13173","20","659","567","689","567","2.48","1378","2.56","N","N","N","",
"航運業","2612","中航","69135","58","1192","1307","1135","1000","1.66","1378","2.56","N","N","N","",
"航運業","2613","中櫃","427780","691","619","634","592","614","0.71","1378","2.56","N","N","N","",
"其他","2614","東森","216826","230","943","986","871","914","-0.91","909","2.71","N","N","Y","本公司112年營業收入及營業利益較前一年分別減少3%、7%, 因經營績效較前一年為低, 故年終獎金發放金額較前一年度減少19% ·造成非經理人之全時員工薪資平均數較前一年度減少約4%。",
"航運業","2615","萬海","1606892","1257","1278","2442","1069","2242","-2.07","1378","2.56","N","N","N","",
"油電燃氣業","2616","山隆","659004","883","746","771","642","632","0.48","1263","2.25","N","N","N","",
"航運業","2617","台航","275771","207","1332","1388","1016","1058","3.98","1378","2.56","N","Y","N","本公司112年度EPS3.98較111年度EPS4.83減少17.6%，112年度員工薪資平均數1,332(仟元)與111年度1,388(仟元)持平，與同業1378(仟元)相比差異不大，均屬合理。",
"航運業","2618","長榮航","16053489","8317","1930","1417","1379","791","4.01","1378","2.56","N","N","N","",
"航運業","2630","亞航","721222","1089","662","649","612","600","0.31","1378","2.56","N","N","N","",
"航運業","2633","台灣高鐵","5017424","4649","1079","948","991","860","1.39","1378","2.56","N","N","N","",
"航運業","2634","漢翔","5857795","5401","1085","1024","906","848","2.36","1378","2.56","N","N","N","",
"航運業","2636","台驊控股","238018","337","706","787","505","493","10.76","1378","2.56","N","Y","N","每股盈餘高於同業主因係海外子公司營收比重與業外收入佔整體營運績效比例較高，且112年因整體產業營運狀況劣於111年，台灣地區因資深員工辦理退休及新進同仁入職等因素，整體人力結構變化，以致薪資低於同業水準。",
"航運業","2642","宅配通","1034562","1765","586","603","558","573","0.99","1378","2.56","N","N","N","",
"航運業","2645","長榮航太","3484229","2765","1260","1039","1199","975","4.95","1378","2.56","N","Y","N","航運類股主係海運及空運業，本公司營業項目為機體維修及零組件製造，業務屬性及獲利結構差異甚大，故難以等而相較。
本公司依年度經營績效核發獎金，本項目平均數較111年成長21.23%，顯已充分反應員工薪酬。",
"觀光餐旅","2701","萬企","8725","17","513","486","471","452","0.53","677","2.83","N","N","N","",
"觀光餐旅","2702","華園","19300","35","551","578","458","468","0.16","677","2.83","N","N","N","",
"觀光餐旅","2704","國賓","313030","441","710","586","560","468","1.34","677","2.83","N","N","N","",
"觀光餐旅","2705","六福","357052","640","558","513","483","440","-0.51","677","2.83","N","N","N","",
"觀光餐旅","2706","第一店","12302","27","456","434","452","427","0.60","677","2.83","Y","N","N","本公司營業收入來自租賃及旅遊，租賃之作業由主管負責，旅遊收入係受大環境及政府政策推動所影響。本公司非主管員工係從事一般基本工作，除有固定薪資保障，並享有津貼、員工酬勞、退休金、勞健保等福利。",
"觀光餐旅","2707","晶華","872208","1248","699","645","571","535","11.11","677","2.83","N","N","N","",
"觀光餐旅","2712","遠雄來","181439","329","551","487","446","384","0.47","677","2.83","N","N","N","",
"觀光餐旅","2722","夏都","172754","357","484","438","350","393","0.69","677","2.83","Y","N","N","1、本公司員工核薪依薪資級距及地區性薪資參考核訂。
2、飯店及餐飲業基層員工佔比高，本公司基層員工佔非擔任經理人全職員工89%，其中建教生與實習生佔比10%。",
"觀光餐旅","2727","王品","2568455","3522","729","663","595","559","16.79","677","2.83","N","N","N","",
"觀光餐旅","2731","雄獅","1014751","1510","672","508","543","455","15.21","677","2.83","N","Y","N","本公司112年度EPS15.21元，其中約5.6元為處分子公司對子公司喪失控制權產生之無現金流之帳面利益。且公司近年來致力於員工薪資福利之提升，112年非主管平均薪資較111年成長32.28%，與疫情前108年亦有20.21%的成長。",
"觀光餐旅","2739","寒舍","977271","1425","686","577","586","489","4.52","677","2.83","N","N","N","",
"觀光餐旅","2748","雲品","362643","578","627","560","562","465","2.76","677","2.83","N","N","N","",
"觀光餐旅","2753","八方雲集","445737","518","860","853","773","787","8.35","677","2.83","N","N","N","",
"金融保險業","2801","彰銀","8646100","6203","1394","1338","1302","1253","1.20","1362","1.72","N","N","N","",
"金融保險業","2809","京城銀","752233","843","892","830","805","759","5.59","1362","1.72","N","Y","N","金融業以存戶安全與金融穩定為優先原則。本行追求淨值穩定的成長，扎實及保守的資產品質與高度的流動性，以不負金融特許執照的社會責任。薪金以員工安居樂業，生活穩定為目標。不以各類型不同金融業的薪金來互相競爭",
"金融保險業","2812","台中銀","2760055","2487","1110","1047","936","883","1.31","1362","1.72","N","N","N","",
"金融保險業","2816","旺旺保","1091540","1034","1056","1007","831","781","5.37","1362","1.72","N","Y","N","此統計涵蓋金控、銀行、證券、產險、壽險，各業者之資本與經營規模差異甚大，實難合理比較員工實質薪資水準。本公司盈餘較往年成長，然員工薪資、獎金皆隨之成長，與產險同業相較，並未有異常低於同業之不合理情事。",
"金融保險業","2820","華票","205440","138","1489","1474","1320","1294","0.96","1362","1.72","N","N","N","",
"金融保險業","2832","台產","885792","840","1055","1009","831","783","2.70","1362","1.72","N","Y","N","金融保險業涵蓋金控、銀行、證券及產壽險等行業，市場規模及行業特性不盡相同，薪酬水平亦有差異。本公司每股盈餘較去年成長，同時，員工平均薪資、獎金亦較去年增加，與經營績效成正比。",
"金融保險業","2834","臺企銀","6564749","5133","1279","1283","1132","1143","1.29","1362","1.72","N","N","Y","本行EPS較去年成長，員工薪資、獎金及福利等亦較去年增加，與經營績效成正比，惟111年度員工持股信託開辦滿3年，本行給予之獎勵金67%認列為當年個人所得，致使112年度薪資平均數與中位數較111年度微幅下滑。",
"金融保險業","2836","高雄銀","1195561","989","1209","1223","1079","1104","0.70","1362","1.72","N","N","N","",
"金融保險業","2838","聯邦銀","3308593","3629","912","856","805","744","1.02","1362","1.72","N","N","N","",
"金融保險業","2845","遠東銀","2874366","2262","1271","1199","1136","1061","1.03","1362","1.72","N","N","N","",
"金融保險業","2849","安泰銀","1366306","1340","1020","985","859","824","0.56","1362","1.72","N","N","N","",
"金融保險業","2850","新產","1848857","1520","1216","1210","973","898","9.22","1362","1.72","N","Y","N","金融保險業涵蓋範圍為金控、銀行、壽險、產險、投信、投顧、證券等，各行業特性及規模差異甚大，
未有一致比較基礎，本公司致力於將經營績效回饋員工及客戶，故員工平均薪酬均有提昇，確實落實員工福祉政策。",
"金融保險業","2851","中再保","250832","154","1629","1286","1383","1263","2.61","1362","1.72","N","N","N","",
"金融保險業","2852","第一保","888481","812","1094","1075","853","836","2.11","1362","1.72","N","Y","N","本公司每股盈餘較去年成長，員工薪資、獎金及福利等亦較去年增加，與經營績效成正比。",
"金融保險業","2855","統一證","1967585","1358","1449","1137","961","819","1.98","1362","1.72","N","N","N","",
"金融保險業","2867","三商壽","1498031","1644","911","944","789","820","-2.11","1362","1.72","N","N","Y","112年公司市占率及淨值均提高，但因國際情勢及投資成本提高，故變動獎金微幅減少；本公司仍以薪資穩健成長為政策，落實照護員工之企業社會責任。",
"金融保險業","2880","華南金","13270271","9759","1360","1309","1178","1135","1.58","1362","1.72","N","N","N","",
"金融保險業","2881","富邦金","24419257","16938","1442","1315","1164","1068","4.80","1362","1.72","N","N","N","",
"金融保險業","2882","國泰金","29517554","20454","1443","1327","1179","1107","3.24","1362","1.72","N","N","N","",
"金融保險業","2883","開發金","10181008","7494","1359","1243","1100","1025","1.13","1362","1.72","N","N","N","",
"金融保險業","2884","玉山金","9833746","7667","1283","1210","1156","1113","1.41","1362","1.72","N","N","N","",
"金融保險業","2885","元大金","12966855","9480","1368","1252","1160","1078","2.09","1362","1.72","N","N","N","",
"金融保險業","2886","兆豐金","12340175","7902","1562","1432","1304","1173","2.37","1362","1.72","N","N","N","本公司依據公司章程第三十一條之一規定，依當年度獲利狀況扣除累積虧損後，如尚有餘額應提撥萬分之二至萬分之十五為員工酬勞，及訂定「員工獎金及酬勞發給規則」，將經營績效與成果，反映於員工薪酬中。",
"金融保險業","2887","台新金","12305457","8941","1376","1267","1114","1038","1.01","1362","1.72","N","N","N","",
"金融保險業","2888","新光金","8918926","7780","1146","1036","947","872","-0.48","1362","1.72","N","N","N","",
"金融保險業","2889","國票金","1533645","1296","1183","1079","892","777","0.58","1362","1.72","N","N","N","",
"金融保險業","2890","永豐金","10613082","7804","1360","1265","1154","1089","1.62","1362","1.72","N","N","N","",
"金融保險業","2891","中信金","22311039","14003","1593","1469","1314","1225","2.82","1362","1.72","N","N","N","",
"金融保險業","2892","第一金","11833320","8473","1397","1337","1293","1245","1.65","1362","1.72","N","N","N","",
"金融保險業","2897","王道銀行","1152658","875","1317","1279","1081","1032","0.87","1362","1.72","N","N","N","",
"貿易百貨","2901","欣欣","17689","23","769","633","707","577","0.41","844","2.24","N","N","N","",
"貿易百貨","2903","遠百","996163","1248","798","743","741","700","1.95","844","2.24","N","N","N","",
"其他","2904","匯僑","40299","59","683","703","669","670","0.84","909","2.71","N","N","N","",
"貿易百貨","2905","三商","1512069","1655","914","947","786","814","-3.09","844","2.24","N","N","Y","本公司個體之薪資相較前一年度為持平狀態，列入重要子公司--三商美邦人壽數字後，因其112年考量國際情勢及投資成本提高，變動獎金微幅減少；致本公司合併非擔任主管職務之全時員工薪資平均數較前一年度減少。",
"貿易百貨","2906","高林","82097","133","617","589","571","524","0.57","844","2.24","N","N","N","",
"貿易百貨","2908","特力","289824","301","963","929","850","816","0.52","844","2.24","N","N","N","",
"貿易百貨","2910","統領","37162","56","664","560","607","511","1.17","844","2.24","N","N","N","",
"貿易百貨","2911","麗嬰房","321511","618","520","471","477","436","-3.83","844","2.24","N","N","N","",
"貿易百貨","2912","統一超","5798817","5353","1083","1009","922","851","10.21","844","2.24","N","N","N","",
"貿易百貨","2913","農林","141156","260","543","583","489","492","-0.36","844","2.24","N","N","Y","「本公司112年業外損失較去年大幅減少，以至EPS上升。另112年非擔任主管職務之全時員工薪資平均數為543仟元，低於111年之583仟元，係因112年有數位資深員工及主管辦理退休及以優惠方式離職等原因所致。」",
"貿易百貨","2915","潤泰全","244467","422","579","629","440","422","7.19","844","2.24","N","Y","N","本公司獲利中包含轉投資收益及投資性不動產評價利益，所佔比率較高,若排除後則獲利未能優於同業;又所營零售業務及量販店等屬人力需求較高行業,因受景氣等因素的影響經營績效及員工薪酬亦受影響。",
"貿易百貨","2945","三商家購","971479","2174","447","426","375","358","1.50","844","2.24","Y","N","N","本公司員工薪酬與零售同業相當，因直營門市員工占88%，不若同業以加盟為主由加盟主雇用員工。
113年門市員工全面調薪6%~9%，將持續推動組織人才發展、招募門市儲備店長，幫助員工晉升、留任，提升其薪酬福利。",
"電腦及週邊設備業","3002","歐格","29125","33","883","746","845","889","0.11","1331","4.97","N","N","N","",
"電子零組件業","3003","健和興","451486","677","667","687","614","647","3.49","951","5.97","N","N","N","",
"鋼鐵工業","3004","豐達科","389795","453","860","791","751","715","5.77","973","0.81","N","Y","N","因應公司營收產能增加需要,擴增人力需求因應外,也會持續改善員工相關獎酬及福利措施,以利穩定人才並使員工年薪福利持續提升.",
"電腦及週邊設備業","3005","神基","850491","486","1750","1628","1526","1428","6.17","1331","4.97","N","N","N","",
"半導體業","3006","晶豪科","1104300","520","2124","2585","1970","2443","-4.36","1745","14.50","N","N","N","",
"光電業","3008","大立光","8162655","7164","1139","1244","858","878","134.13","923","-0.46","N","N","N","",
"電子通路業","3010","華立","466948","335","1394","1428","1153","1180","8.96","1041","3.99","N","N","N","",
"電子零組件業","3011","今皓","33492","44","761","708","664","620","-1.17","951","5.97","N","N","N","",
"電腦及週邊設備業","3013","晟銘電","64346","66","975","998","914","956","1.29","1331","4.97","N","N","Y","本公司在台灣中壢廠新建置生產線，新增技術類直接員工任職於生產製造單位，以及台北總部新增社會新鮮人，非經理人之全時員工薪資平均數較前一年度減少。",
"半導體業","3014","聯陽","1046967","415","2523","2013","2346","1891","9.86","1745","14.50","N","N","N","",
"電子零組件業","3015","全漢","693230","714","971","1001","838","877","3.20","951","5.97","N","N","N","",
"半導體業","3016","嘉晶","627471","701","895","1145","835","1050","0.57","1745","14.50","N","N","N","",
"電腦及週邊設備業","3017","奇鋐","558158","463","1206","1033","1046","909","14.11","1331","4.97","N","Y","N","本公司實施績效承諾制度，以績效結果做為獎金、晉升及調薪之參考，將持續致力員工薪酬結構之優化。",
"其他電子業","3018","隆銘綠能","31344","37","847","768","828","687","-1.72","1304","8.33","N","N","N","",
"光電業","3019","亞光","807315","945","854","848","716","685","2.78","923","-0.46","N","Y","N","公司注重員工薪酬及福利，並視員工為公司重要資產，經營績效因產業環境較前一年度小幅下滑，但員工平均薪資較前一年度略增，如扣除外藉人士，員工薪資-平均數(仟元/人)為909仟元，接近同業平均薪資水準。",
"電子零組件業","3021","鴻名","117782","163","723","722","608","598","1.34","951","5.97","N","N","N","",
"電腦及週邊設備業","3022","威強電","411515","362","1137","895","1022","830","7.83","1331","4.97","N","Y","N","本公司員工薪酬係依據各工作職能及績效，並視公司整體營運成果狀況給予及調整；本公司人力結構組成相較同業不盡相同，致薪酬成本可能存在差異，惟本年度非主管職務之全時員工薪資平均數及中位數均較上年度成長。",
"電子零組件業","3023","信邦","831818","1141","729","685","544","496","13.71","951","5.97","N","Y","N","國內有工廠OP約占47 %，不宜與國內沒有工廠的公司評比。獲利81% 來自海外轉投資收益，來自國內EPS 2.57 低於同業平均，平均薪資相較於去年成長6.5%。",
"光電業","3024","憶聲","38340","62","618","586","539","512","0.39","923","-0.46","N","Y","N","1.本集團轉為多角化經營，其中本(母)公司尚未達規模經濟，本業尚處於虧損，EPS主要來源為海外轉投資公司之獲利。
2.此薪資查調僅針對本(母)公司員工，然主要獲利為海外公司挹注，所以造成本公司EPS高於同業表現。",
"通信網路業","3025","星通","141965","145","979","942","802","792","3.00","1233","3.59","N","N","N","",
"電子零組件業","3026","禾伸堂","790513","967","817","838","707","665","5.13","951","5.97","N","N","N","",
"通信網路業","3027","盛達","84436","104","812","852","780","762","0.64","1233","3.59","N","N","Y","1.資深人員退休或離職, 增補新人, 導致薪資平均數較前一年減少.
2.部分事業處受業績達成率影響, 以致獎金下滑, 影響了平均薪資.
3.直接人員平均薪資較間接人員為低, 台灣工廠訂單不足, 加班時數下降.",
"電子通路業","3028","增你強","327344","321","1020","1141","916","1003","2.03","1041","3.99","N","N","N","",
"資訊服務業","3029","零壹","357246","322","1109","1198","1080","993","4.50","1031","3.66","N","N","Y","受業務擴展人力需求提升，本公司112年度平均員工人數及當年度任職給薪滿六個月(含)以上人員較111年度增加，且新進人力主要以基層人員為主，致112年度非擔任主管職務之全時員工（年度）薪資平均數略較前一年度減少。",
"其他電子業","3030","德律","626461","544","1152","1302","1001","1139","4.24","1304","8.33","N","N","N","",
"光電業","3031","佰鴻","48947","60","816","787","744","707","1.05","923","-0.46","N","Y","N","光電業涵蓋之產品範圍極廣，本公司以LED封裝及相關照明產品為主，112年度營收雖較前一年度減少25%，稅後淨利減少9%，但非擔任主管職務之員工平均薪資仍較前一年度高，公司也維持一定的獲利。",
"電子零組件業","3032","偉訓","149235","117","1276","999","1175","917","5.41","951","5.97","N","N","N","",
"電子通路業","3033","威健","553760","479","1156","1310","1033","1174","1.85","1041","3.99","N","N","N","",
"半導體業","3034","聯詠","10585882","2852","3712","3959","3028","3222","38.32","1745","14.50","N","N","N","",
"半導體業","3035","智原","1391543","599","2323","2550","1980","2072","6.39","1745","14.50","N","N","N","",
"電子通路業","3036","文曄","1295849","931","1392","1425","1117","1096","4.24","1041","3.99","N","N","N","",
"電子零組件業","3037","欣興","11693531","13700","854","1099","691","795","7.88","951","5.97","N","Y","N","本公司近4年來，在台積極擴廠投資，其中產能計62%在台灣，有別於同業生產配比。此外，新聘員工3,500人，且在112年新進資淺人員達971人，營運直接人員比例達71%，故申報薪資平均數略低於同業水準。",
"光電業","3038","全台","572646","849","674","675","556","570","2.81","923","-0.46","N","Y","N","1.公司營運績效降低，以致員工薪資平均數略為減少。
2.本公司主要以台灣為生產基地，產線基層作業人員佔總人數比重逾半，在人力結構不同情況下，員工薪資平均數較同業水準為低。",
"其他","3040","遠見","4557","6","760","725","806","679","1.02","909","2.71","N","N","N","",
"半導體業","3041","揚智","202168","118","1713","1798","1605","1643","-8.75","1745","14.50","N","N","N","",
"電子零組件業","3042","晶技","921710","981","940","1063","729","808","5.53","951","5.97","N","N","N","",
"其他電子業","3043","科風","94556","185","511","508","415","398","-0.12","1304","8.33","N","N","N","",
"電子零組件業","3044","健鼎","710772","1003","709","706","466","492","11.53","951","5.97","N","Y","N","公司員工薪酬係參考PCB同業水準並依各廠營運貢獻與人員職級按薪酬規則訂定；因產業特性需要，相較其他電子零組件業，公司製程直接員工佔比高，應對人力需求結構，產線作業員額相對偏高，致薪資平均數低於同業水準。",
"通信網路業","3045","台灣大","4161533","3692","1127","1097","969","943","4.33","1233","3.59","N","Y","N","本公司每年會依照營運目標達成率核定年終獎金、員工酬勞與年度調薪率，以獎勵同仁之貢獻，員工之獎酬在業界具競爭力。相較於同業，本公司員工之年資與年齡較輕，這是影響人事費用多寡原因之一。",
"電腦及週邊設備業","3046","建碁","21666","17","1274","1166","1396","1191","3.14","1331","4.97","N","N","N","",
"通信網路業","3047","訊舟","314944","300","1050","1060","944","915","-0.15","1233","3.59","N","N","N","",
"電子通路業","3048","益登","488044","400","1220","1328","1058","1124","0.02","1041","3.99","N","N","N","",
"光電業","3049","精金","209574","279","751","757","670","655","-1.12","923","-0.46","N","N","N","",
"光電業","3050","鈺德","118963","188","633","655","582","600","0.50","923","-0.46","N","Y","N","光電製造業涵蓋類別較廣，我司所屬之資料儲存媒體複製業，直接人力占比較高。
員工薪資維持水準，唯因績效因素，績效及員酬分配減少。",
"光電業","3051","力特","313309","546","574","585","531","545","1.03","923","-0.46","N","Y","N","基於營運考量，避免經營成本對公司重大衝擊，必須全面考量經營風險與損益，故未每年全面常態調薪
，後續公司營收及獲利表現達到最佳平衡狀態時，將積極規劃相關薪酬政策，且依個人績效、年資條件不同而有差異。",
"建材營造","3052","夆典","89270","139","642","649","579","562","1.04","905","2.16","N","N","N","",
"食品工業","3054","立萬利","22448","24","935","896","790","792","0.06","842","2.70","N","N","N","",
"電子通路業","3055","蔚華科","91807","69","1331","1516","1207","1508","-0.49","1041","3.99","N","N","N","",
"建材營造","3056","富華新","42198","44","959","1394","702","799","0.90","905","2.16","N","N","N","",
"電腦及週邊設備業","3057","喬鼎","140763","122","1154","1183","979","1010","-1.55","1331","4.97","N","N","N","",
"電子零組件業","3058","立德","126379","179","706","774","522","538","0.28","951","5.97","N","N","Y","本公司於111年下半年度開始承接代工製造，進用近五十名產線作業人員，雖然112年EPS較111年為佳，由於產線作業人員薪資較低，所以導致薪資平均數較前一年減少。",
"光電業","3059","華晶科","347215","264","1315","1299","1225","1209","1.27","923","-0.46","N","N","N","",
"電腦及週邊設備業","3060","銘異","167199","282","593","643","541","553","-1.57","1331","4.97","N","N","N","",
"通信網路業","3062","建漢","208366","179","1164","1115","1123","1021","-0.97","1233","3.59","N","N","N","",
"電子零組件業","3090","日電貿","107924","132","818","872","718","727","3.39","951","5.97","N","N","N","",
"電子零組件業","3092","鴻碩","5578","8","697","732","705","652","-1.58","951","5.97","N","N","N","",
"半導體業","3094","聯傑","73371","62","1183","1209","1161","1177","0.61","1745","14.50","N","N","N","",
"數位雲端","3130","一零四","1069208","835","1280","1285","1132","1129","13.61","974","9.73","N","N","Y","公司依營運績效與員工績效表現核發獎金與員工酬勞，112年薪資中位數較前一年度成長，而薪資平均數較前一年略少0.4%因員工人數較前一年成長10.3%，且新人多為未滿年依在職比例計發獎金，故影響平均薪資。",
"通信網路業","3138","耀登","142266","110","1293","1551","1033","1255","4.42","1233","3.59","N","N","N","",
"光電業","3149","正達","289264","475","609","629","526","557","-0.82","923","-0.46","N","N","Y","因應2023年經濟復甦緩慢，本公司高層主管在福利上有做些微調整，導致非擔任主管職務之全時員工（年度）薪資平均數較前一年度減少。",
"生技醫療業","3164","景岳","64400","108","596","589","530","514","0.38","807","3.16","N","N","N","",
"電機機械","3167","大量","102475","160","640","689","610","602","0.16","803","2.29","N","N","N","",
"光電業","3168","眾福科","140182","128","1095","0","984","0","4.02","923","-0.46","N","N","N","",
"半導體業","3189","景碩","3638570","5352","680","940","568","680","0.11","1745","14.50","N","N","N","",
"電子通路業","3209","全科","235662","219","1076","1201","960","1016","2.61","1041","3.99","N","N","N","",
"電子零組件業","3229","晟鈦","105996","195","544","551","488","481","-0.39","951","5.97","N","N","Y","1.112年實行廠辦合一，台北辦公室遷移至新莊廠，因而台北辦公室人員離職(平均薪資較高)，以致112年度薪資平均數較111年度減少。
2.112年蘆竹廠併入，現場外籍員工較多，故整體平均薪資較低。",
"電腦及週邊設備業","3231","緯創","14444697","10797","1338","1318","1196","1107","4.08","1331","4.97","N","N","N","",
"半導體業","3257","虹冠電","82756","60","1379","1117","1156","942","3.12","1745","14.50","N","N","N","",
"建材營造","3266","昇陽","107944","63","1713","1164","1701","1157","1.94","905","2.16","N","N","N","",
"電子零組件業","3296","勝德","71301","107","666","693","614","655","-0.91","951","5.97","N","N","N","",
"其他電子業","3305","昇貿","103480","152","681","736","498","551","1.74","1304","8.33","N","N","N","",
"電子零組件業","3308","聯德","42968","12","3581","662","3749","540","5.94","951","5.97","N","N","N","",
"通信網路業","3311","閎暉","169163","250","677","611","461","421","1.75","1233","3.59","N","N","N","",
"電子通路業","3312","弘憶股","64600","74","873","918","810","868","1.98","1041","3.99","N","N","N","",
"電子零組件業","3321","同泰","241264","452","534","514","482","458","-4.01","951","5.97","N","N","N","",
"電子零組件業","3338","泰碩","59593","66","903","816","797","728","2.78","951","5.97","N","N","N","",
"汽車工業","3346","麗清","130403","138","945","871","711","729","2.83","882","6.40","N","N","N","",
"光電業","3356","奇偶","142030","145","980","1006","894","893","3.20","923","-0.46","N","N","Y","本公司每年依據當年度與前年度之盈虧，考量公司本業獲利情形及未來營運需求，於擬分配員工紅利之年度，由董事會擬具分配方案提報股東會報告員工紅利配發，並將經營績效或成果適當反應於員工薪酬。",
"電子零組件業","3376","新日興","1030481","1713","602","634","535","566","4.30","951","5.97","N","N","N","",
"通信網路業","3380","明泰","1355078","1197","1132","1116","1066","1050","1.01","1233","3.59","N","N","N","",
"光電業","3406","玉晶光","733974","951","772","889","610","708","27.25","923","-0.46","N","Y","N","本公司獲利主要來自海外轉投資收益，另台灣112年度因加班量減少，且基層作業人員佔總人數比重超過半數以上，在前述情況下影響員工薪資平均數低於同業水準。",
"半導體業","3413","京鼎","399964","292","1370","1512","1280","1222","20.48","1745","14.50","N","Y","N","各行業薪資結構不同，細分領域的薪資水平亦有差異。京鼎為半導體設備製造業，毛利率低於晶圓代工和IC設計業者。雖每年依營運狀況調整薪資福利，但整體仍難與晶圓代工及IC設計業者相比。",
"電腦及週邊設備業","3416","融程電","290827","349","833","829","703","690","6.62","1331","4.97","N","Y","N","本公司生產線位於台灣，製造單位員工佔總人數48.58%，其中外籍移工佔員工總人數10.66%，從事於生產組裝檢測之基層工作，對於員工平均薪資有所影響。",
"通信網路業","3419","譁裕","184037","204","902","774","751","670","-1.00","1233","3.59","N","N","N","",
"電子零組件業","3432","台端","5811","8","726","753","630","708","-0.60","951","5.97","N","N","Y","公司雖EPS較前一年度增加(稅前虧損減少)，但由於已連續虧損兩年，且營業淨損增加，故發放員工年終獎金減少，公司員工薪酬與經營績效呈正相關，應屬合理。",
"光電業","3437","榮創","424943","652","652","660","549","576","-0.70","923","-0.46","N","N","Y","因前一年度較多資深員工離職，而112年替補新進人員獎金須依在職比例發放，故而薪資平均數降低。",
"半導體業","3443","創意","2096477","669","3134","2706","2598","2163","26.18","1745","14.50","N","N","N","",
"通信網路業","3447","展達","147971","120","1233","1397","1083","1204","-0.86","1233","3.59","N","N","N","",
"半導體業","3450","聯鈞","285134","489","583","619","496","529","-0.52","1745","14.50","N","N","N","",
"光電業","3454","晶睿","1169647","1087","1076","1194","953","1014","5.65","923","-0.46","N","N","N","本公司薪酬給付標準係以整體營運狀況為主要考量，並視部門績效指標達成率及個人績效達成率和貢獻度核定，2023年EPS減少2.46元，影響年度獎金及分紅分配，故整體平均報酬較2022年減少10%。",
"光電業","3481","群創","20474676","22830","897","892","724","709","-2.01","923","-0.46","N","N","N","",
"電腦及週邊設備業","3494","誠研","108314","184","589","617","431","424","-1.52","1331","4.97","N","N","Y","因疫情舒緩 , 訂單回籠增聘低薪外籍勞工及中階主管",
"電子零組件業","3501","維熹","139178","250","557","662","404","492","4.29","951","5.97","N","N","N","",
"光電業","3504","揚明光","652122","896","728","742","569","571","-2.52","923","-0.46","N","N","N","",
"電腦及週邊設備業","3515","華擎","490322","302","1624","1615","1429","1358","7.54","1331","4.97","N","N","N","",
"其他電子業","3518","柏騰","27840","31","898","807","894","806","-0.59","1304","8.33","N","N","N","",
"電子通路業","3528","安馳","176697","141","1253","1170","1105","1009","1.65","1041","3.99","N","N","N","",
"半導體業","3530","晶相光","80913","53","1527","2777","1271","1999","-3.70","1745","14.50","N","N","N","",
"半導體業","3532","台勝科","1585255","1458","1087","1145","1039","1094","8.92","1745","14.50","N","N","N","",
"電子零組件業","3533","嘉澤","182300","96","1899","1478","1578","1178","50.65","951","5.97","N","N","N","",
"光電業","3535","晶彩科","167249","184","909","1066","774","905","-0.42","923","-0.46","N","Y","N","本公司整體薪酬給付標準以公司整體營運目標並依同仁所擔任職務及個人績效表現訂定而成。
受112年度營收及毛利衰退影響，導致員工變動獎酬下降，使員工薪資平均數低於同業水準。",
"光電業","3543","州巧","220501","309","714","672","609","574","0.88","923","-0.46","N","Y","N","1此薪資調查僅針對本公司台灣區員工，因本公司主要獲利為海外子公司挹注，所以造成EPS高於同業表現。
2本公司每年定期參與薪資調查，確保員工薪酬具有市場競爭力，112年平均薪資較111年增加6.25%。",
"半導體業","3545","敦泰","718498","392","1833","1897","1546","1536","1.74","1745","14.50","N","N","Y","本公司112年度EPS較111年度增加，而非擔任主管職務之全時員工（年度）薪資平均數較前一年度減少，
主要係因人員略有異動所致。",
"電子零組件業","3550","聯穎","48301","56","863","852","725","738","-4.14","951","5.97","N","N","N","",
"居家生活","3557","嘉威","50906","51","998","1167","876","881","4.81","711","5.69","N","N","N","",
"光電業","3563","牧德","278178","257","1082","1024","946","883","8.21","923","-0.46","N","N","N","",
"光電業","3576","聯合再生","1023683","1489","687","673","549","526","-2.39","923","-0.46","N","N","N","",
"半導體業","3583","辛耘","605156","606","999","975","886","817","8.10","1745","14.50","N","N","N","",
"半導體業","3588","通嘉","227812","154","1479","1645","1412","1474","0.50","1745","14.50","N","N","N","",
"光電業","3591","艾笛森","101083","139","727","652","556","482","0.35","923","-0.46","N","Y","N","本公司112年營業收入及毛利雖較111年增加，惟本業仍產生淨損，112年獲利主要來自轉投資公司之收益。另本公司112年增聘基層員工與作業員較多，故雖已進行調薪10%以上，惟仍影響員工薪資平均數低於同業水準之情形。",
"半導體業","3592","瑞鼎","2019368","790","2556","4866","2139","3719","19.02","1745","14.50","N","N","N","",
"電子零組件業","3593","力銘","4898","8","612","682","567","680","-0.75","951","5.97","N","N","Y","112年度部份員工離職及部份員工升為主管職，新進人員尚未符合納入計算標準，故為人員結構變動影響平均薪資水準，使非經理人之薪資平均數較前一年平均數減少。",
"通信網路業","3596","智易","1643849","874","1881","1780","1589","1518","10.98","1233","3.59","N","N","N","",
"電子零組件業","3605","宏致","451682","610","740","796","583","605","-1.98","951","5.97","N","N","N","",
"電子零組件業","3607","谷崧","39906","67","596","564","463","478","-0.36","951","5.97","N","N","N","",
"其他電子業","3617","碩天","404047","326","1239","1284","1097","1132","16.58","1304","8.33","N","Y","Y","本公司110年雖虧損，為即時分享營運成果，故於111年下半年加發激勵獎金；另本公司每年調薪並依營運績效核發獎金與員工酬勞，112年度整體薪酬水準較過往年度增加，屬合理範圍。",
"光電業","3622","洋華","133440","138","967","820","819","691","3.75","923","-0.46","N","N","N","",
"電子零組件業","3645","達邁","244227","372","657","778","618","708","-1.06","951","5.97","N","N","N","",
"電腦及週邊設備業","3652","精聯","241090","278","867","836","761","733","0.54","1331","4.97","N","N","N","",
"電子零組件業","3653","健策","1317272","1610","818","783","640","666","16.59","951","5.97","N","Y","N","員工薪資報酬政策係依據個人績效表現、對公司貢獻度及參考同業薪資水準後決定。員工酬勞估列係考量當期獲利情形及公司資金需求規劃並兼顧股東權益，在不超過公司章程所訂範圍內估列。",
"通信網路業","3669","圓展","522739","517","1011","1018","894","884","2.69","1233","3.59","N","N","N","",
"電子零組件業","3679","新至陞","43729","61","717","663","654","613","7.77","951","5.97","N","Y","N","本年度非擔任主管職全時員工平均薪資較去年成長，惟本公司生產線製造相關員工佔全體員工比重達5成以上，致本公司薪資平均數較低。",
"半導體業","3686","達能","6356","7","908","856","511","893","-0.38","1745","14.50","N","N","N","",
"通信網路業","3694","海華","210602","185","1138","1032","1028","938","2.18","1233","3.59","N","N","N","",
"電腦及週邊設備業","3701","大眾控","391586","395","991","889","828","759","1.49","1331","4.97","N","N","N","",
"電子通路業","3702","大聯大","464726","330","1408","1550","1290","1364","4.59","1041","3.99","N","N","N","",
"建材營造","3703","欣陸","1647193","1802","914","885","824","825","2.09","905","2.16","N","N","N","",
"通信網路業","3704","合勤控","2288151","1960","1167","1160","990","944","3.38","1233","3.59","N","N","N","",
"生技醫療業","3705","永信","1203423","1412","852","785","721","671","3.11","807","3.16","N","N","N","",
"電腦及週邊設備業","3706","神達","1454464","1309","1111","1234","990","1038","1.48","1331","4.97","N","N","N","",
"綠能環保","3708","上緯投控","228725","332","689","681","510","466","12.88","830","4.64","N","Y","N","1.公司依據員工個人績效表現、公司營運情況給予獎酬，且於每年7月依市場行情調整固定薪酬。
2.公司制定員工長期獎酬制度，非僅參考EPS獲利表現單項指標。",
"半導體業","3711","日月光投控","49199652","52948","929","1001","739","772","7.39","1745","14.50","N","N","N","",
"電腦及週邊設備業","3712","永崴投控","404370","360","1123","1089","867","920","2.31","1331","4.97","N","N","N","",
"光電業","3714","富采","3949274","4319","914","873","718","698","-9.02","923","-0.46","N","N","N","",
"電子零組件業","3715","定穎投控","8547","8","1068","0","1027","0","3.61","951","5.97","N","N","N","本公司公司章程規定，年度如有獲利應提撥不低於千分之一為員工酬勞，由董事會決議以股票或現金分派發放。公司薪酬政策亦明定員工薪酬包含公司經營績效獎金，視公司該年度達成之經營績效及員工個人的績效訂定。",
"生技醫療業","4104","佳醫","200224","202","991","941","787","793","4.80","807","3.16","N","N","N","",
"生技醫療業","4106","雃博","198905","247","805","793","661","671","1.51","807","3.16","N","N","N","",
"生技醫療業","4108","懷特","22348","32","698","761","526","575","-0.24","807","3.16","N","N","Y","本公司112年度EPS較111年度增加，而非擔任主管職務之全時員工（年度）薪資平均數較前一年度減少，係因全時資深員工離職所致，其變動尚屬合理。",
"生技醫療業","4119","旭富","181041","213","850","841","761","760","2.70","807","3.16","N","N","N","",
"生技醫療業","4133","亞諾法","55338","86","643","645","560","571","0.72","807","3.16","N","N","N","",
"生技醫療業","4142","國光生","321211","503","639","651","583","594","-1.52","807","3.16","N","N","N","",
"生技醫療業","4155","訊映","53407","84","636","797","465","724","0.02","807","3.16","N","N","N","",
"生技醫療業","4164","承業醫","147043","141","1043","994","867","824","2.55","807","3.16","N","N","N","",
"塑膠工業","4306","炎洲","190325","341","558","574","517","530","1.30","1175","0.68","N","Y","N","炎洲集團產業橫跨膠帶製造、包裝材料通路、房產事業、特用化學，惟員工多數屬於製造產業，且製造業2023年本業營收與獲利皆較2022年衰退，致使炎洲全時員工年度(薪資平均數)低於同業水準。",
"紡織纖維","4414","如興","19324","17","1137","979","839","778","-0.66","701","1.12","N","N","N","",
"紡織纖維","4426","利勤","306763","586","523","561","488","537","-0.24","701","1.12","N","N","Y","1.EPS成長係因公司於112年度營收減少但管控成本及營業支出、直接人工及加班費減少所致。
2.112年離職人員以資深人員較新進人員為多。
3.綜合上述二點,致員工薪資平均數較111年度減少。",
"紡織纖維","4438","廣越","174587","201","869","892","802","806","7.10","701","1.12","N","N","N","",
"紡織纖維","4440","宜新實業","77029","152","507","570","467","556","0.67","701","1.12","N","N","N","",
"電機機械","4526","東台","424243","640","663","704","646","649","0.20","803","2.29","N","N","N","",
"電機機械","4532","瑞智","258434","295","876","880","769","786","1.50","803","2.29","N","N","Y","EPS較前一年度增加,惟非擔任主管職務之全時員工薪資平均數較前一年度減少。係因本公司薪資是由固定薪及變動薪構成。其中變動薪係依據前一年度經營績效來評定核發,因此獎金發放年度與績效貢獻年度，有時間差的差異。",
"運動休閒","4536","拓凱","185380","262","708","752","566","584","15.58","840","4.96","N","Y","N","主計處公告工業及服務業受僱員工111年總薪資中位數為50.6萬，敝司112年度中位數較前述高出9.3%，故尚屬合理。
同業薪資平均數下降約6.7%，敝司下降約5.6%，面臨整體經濟情勢影響我司仍給予員工一定之薪資保障。",
"電機機械","4540","全球傳動","575130","1102","522","624","465","562","-1.09","803","2.29","N","N","N","",
"電子零組件業","4545","銘鈺","266359","439","607","607","485","524","1.08","951","5.97","N","N","N","",
"汽車工業","4551","智伸科","58756","51","1152","1474","901","1213","4.47","882","6.40","N","N","N","",
"電機機械","4555","氣立","92922","185","502","520","435","441","-0.51","803","2.29","N","N","N","",
"電機機械","4562","穎漢","149743","264","567","527","480","509","-0.92","803","2.29","N","N","N","",
"電機機械","4564","元翎","126008","243","519","532","461","466","-1.87","803","2.29","N","N","N","",
"電機機械","4566","時碩工業","220218","296","744","853","620","674","3.04","803","2.29","N","Y","N","受到大環境影響，本公司業內營運與獲利狀況不如前一年度，又因人員流動影響，新進員工較多，在薪資、績效獎金、加班等部分相對較少。惟業外採用權益法投資之子公司獲利貢獻優於前一年度，故在EPS的表現較同業為佳。",
"電機機械","4572","駐龍","167976","267","629","621","573","567","6.21","803","2.29","N","Y","N","1.公司員工薪酬係參酌航太業之同業薪資水準，薪資平均數尚屬合理。
2.本公司直接人工佔非主管職人員約73%，外籍移工佔直接人工約14%，致影響薪資平均數。",
"電機機械","4576","大銀微系統","469191","570","823","913","730","803","0.04","803","2.29","N","N","N","",
"電機機械","4583","台灣精銳","443762","674","658","664","579","605","10.89","803","2.29","N","Y","N","本公司員工薪酬定期參酌外部薪資水準給予合理報酬，惟直接人工佔非主管職人員約79%，外籍移工佔直接人工約45%，致使平均數較同業低。",
"其他電子業","4588","玖鼎電力","68086","95","717","0","582","0","4.03","1304","8.33","N","N","N","",
"化學工業","4720","德淵","145937","190","768","748","703","677","0.74","868","1.64","N","N","N","",
"化學工業","4722","國精化","233560","297","786","849","724","781","1.67","868","1.64","N","Y","N","為本公司員工薪資係依照個人學經歷及工作表現、同業薪資水準及經營結果核發，非僅考慮公司EPS獲利表現一項指標。",
"生技醫療業","4736","泰博","649289","947","686","713","551","572","10.67","807","3.16","N","Y","N","本公司給薪標準係參酌市場薪資水準，故會參酌物價指數及工作表現等因素酌予調薪。若本公司非擔任主管職務之全時員工薪資總額低於同業，主要係因本公司為製造業，領取基本工資之外籍勞工約佔員工人數15%所致。",
"生技醫療業","4737","華廣","528083","958","551","573","490","495","0.10","807","3.16","N","N","N","",
"化學工業","4739","康普","134826","171","788","876","676","756","-0.93","868","1.64","N","N","N","",
"生技醫療業","4746","台耀","714377","772","925","913","860","854","1.05","807","3.16","N","N","N","",
"化學工業","4755","三福化","304100","338","900","998","810","884","4.41","868","1.64","N","N","N","",
"化學工業","4764","雙鍵","91989","135","681","759","622","704","-1.00","868","1.64","N","N","N","",
"化學工業","4766","南寶","579196","657","882","845","767","717","20.14","868","1.64","N","N","N","",
"化學工業","4770","上品","410485","454","904","1054","712","827","21.22","868","1.64","N","N","N","",
"通信網路業","4904","遠傳","4953440","4742","1045","995","927","872","3.42","1233","3.59","N","N","N","",
"通信網路業","4906","正文","1107808","923","1200","1087","1050","895","1.55","1233","3.59","N","N","N","",
"電子零組件業","4915","致伸","1444816","888","1627","1769","1460","1544","5.50","951","5.97","N","N","N","",
"電腦及週邊設備業","4916","事欣科","5799","9","644","585","671","623","0.87","1331","4.97","N","N","N","",
"半導體業","4919","新唐","2212071","1491","1484","1880","1239","1441","5.77","1745","14.50","N","N","N","",
"電器電纜","4930","燦星網","13269","19","698","842","704","705","3.61","887","1.80","N","Y","Y","本公司112年度EPS較111年度成長0.41元，主係因子公司漳州燦坤認列一次性租賃修改利益所致，影響EPS為0.98元。
排除該影響數，本業較同期下降，基於經營績效與員工薪酬正面關聯，致112年平均薪資較同期下降。",
"光電業","4934","太極","36928","27","1368","983","1251","854","-0.13","923","-0.46","N","N","N","",
"電腦及週邊設備業","4938","和碩","11117860","8257","1346","1299","1134","1039","5.90","1331","4.97","N","N","N","",
"光電業","4942","嘉彰","213281","288","741","782","535","563","4.32","923","-0.46","N","Y","N","1.本公司112年度EPS較111年度減少4.64%。
2.本公司非擔任主管職務員工人數-加權平均288人較前一年度增加1.41%，主要增加的部份為直接員工外籍勞工，故本年平均工資74.1萬元較前一年度78.2萬元減少。",
"半導體業","4952","凌通","367065","217","1692","2203","1629","2081","1.54","1745","14.50","N","N","N","",
"光電業","4956","光鋐","212225","349","608","585","528","522","-1.38","923","-0.46","N","N","N","",
"光電業","4960","誠美材","734746","1103","666","734","653","721","-0.99","923","-0.46","N","N","N","",
"半導體業","4961","天鈺","1246808","514","2426","2958","1946","2225","13.29","1745","14.50","N","N","N","",
"半導體業","4967","十銓","278755","351","794","625","653","545","3.38","1745","14.50","N","N","N","",
"半導體業","4968","立積","433615","296","1465","1453","1206","1202","-2.46","1745","14.50","N","N","N","",
"光電業","4976","佳凌","378527","679","557","550","545","523","-1.91","923","-0.46","N","N","N","",
"電子零組件業","4989","榮科","188718","199","948","985","922","953","-0.97","951","5.97","N","N","N","",
"資訊服務業","4994","傳奇","310996","370","841","764","743","679","1.69","1031","3.66","N","N","N","",
"電子零組件業","4999","鑫禾","181787","295","616","694","505","532","0.05","951","5.97","N","N","N","",
"鋼鐵工業","5007","三星","963417","1372","702","697","662","660","3.38","973","0.81","N","Y","N","本公司員工薪資比照扣件同業水準，而獎金是
依年度稅前盈餘(經營績效)以固定比例提列並
依個人考績分發；另上市鋼鐵業再細分為扣件
業(如春雨、聚亨、豐達科技)來做比較，則本
公司員工薪酬應於合理範圍內。",
"資訊服務業","5203","訊連","588585","384","1533","1501","1236","1193","2.81","1031","3.66","N","N","N","本公司因業務發展112年度人數較111年度增加8% ，尤以基層研發人員為主要招募及培訓人力，因此任職未滿一年比重高 而影響整體員工平均工資，排除此原因本公司平均薪資皆每年有持續而穩定的成長。",
"半導體業","5222","全訊","198443","249","797","782","701","700","5.88","1745","14.50","N","N","N","",
"光電業","5234","達興材料","578613","384","1507","1408","1144","1102","5.10","923","-0.46","N","N","N","",
"光電業","5244","弘凱","31096","24","1296","1218","1073","956","2.40","923","-0.46","N","N","N","",
"電腦及週邊設備業","5258","虹堡","331891","433","766","813","562","645","8.65","1331","4.97","N","Y","Y","所增加員工在比例上大部分為直接人員及新鮮人，使得整體平均薪資低於同業水準。",
"半導體業","5269","祥碩","699683","267","2621","2361","2054","1882","32.19","1745","14.50","N","N","N","",
"電器電纜","5283","禾聯碩","462673","698","663","691","605","631","7.78","887","1.80","N","Y","N","公司112年平均員工薪酬較111年減少，主係因本公司112年增加建教生合作，未來隨著員工平均工作年資增加，依個人績效表現、目標達成率、貢獻之價值與營運績效給予合理報酬。公司已於113年全面調薪。",
"半導體業","5285","界霖","159874","299","535","557","490","508","1.75","1745","14.50","N","N","N","",
"綠能環保","5292","華懋","132567","175","758","0","675","0","9.75","830","4.64","N","Y","N","員工薪酬包含基本固定薪資、紅利及年終獎金等，其中紅利及年終獎金配合公司整體營運目標，並依據同仁所擔任職務及個人績效表現、目標達成率、貢獻之價值給予合理報酬。",
"運動休閒","5306","桂盟","30217","34","889","952","764","755","5.89","840","4.96","N","N","N","",
"通信網路業","5388","中磊","1864809","1823","1023","1063","657","647","9.17","1233","3.59","N","Y","Y","110年度營運成果部分之獎金遞延至111年度發放，致111年度薪資基準較高，112年度無此情形，致兩期薪資差異。",
"電子通路業","5434","崇越","744173","435","1711","1787","1289","1345","15.36","1041","3.99","N","N","N","",
"電子零組件業","5469","瀚宇博","605796","704","861","844","730","724","5.07","951","5.97","N","N","N","",
"半導體業","5471","松翰","450832","304","1483","1747","1396","1598","1.11","1745","14.50","N","N","N","",
"光電業","5484","慧友","66648","102","653","668","582","589","-0.73","923","-0.46","N","N","Y","1.根據員工績效表現作年度調薪幅度。
2.由於112年以及111年均為虧損，故未發放員工酬勞。但因112年有薪資較高的非主管職員工離職，導致112年薪資平均值較111年低。",
"建材營造","5515","建國","352049","380","926","901","780","755","1.34","905","2.16","N","N","N","",
"建材營造","5519","隆大","96736","85","1138","1135","1088","1082","3.69","905","2.16","N","N","N","",
"建材營造","5521","工信","292554","525","557","574","417","416","0.14","905","2.16","N","N","Y","本公司112年度外籍移工佔總員工數比例為64.57%，外籍人數較111年增加132人，對薪資水準呈現影響頗鉅。若不納入移工計算，112年度非擔任主管職務之員工年薪平均數為853仟元，與111年相較成長6.46%。",
"建材營造","5522","遠雄","217057","149","1457","1526","1347","1443","4.76","905","2.16","N","N","N","",
"建材營造","5525","順天","71569","49","1461","1334","1261","1208","2.50","905","2.16","N","N","N","",
"建材營造","5531","鄉林","87615","122","718","710","614","617","-0.20","905","2.16","N","N","N","",
"建材營造","5533","皇鼎","25525","30","851","928","829","800","3.12","905","2.16","N","Y","N","本年度業績及獲利低於前一年度,發放員工建案獎金減少及資深業務人員退休所致",
"建材營造","5534","長虹","43972","39","1127","1047","1127","1001","6.32","905","2.16","N","N","N","",
"航運業","5607","遠雄港","547539","612","895","1016","831","932","2.91","1378","2.56","N","Y","N","1.同業多為航空公司及船運公司,員工結構落差大。
2.本公司與航運類股行業屬性及人力結構差異較大。",
"航運業","5608","四維航","73566","73","1008","1629","924","1508","-1.26","1378","2.56","N","N","N","",
"觀光餐旅","5706","鳳凰","48535","56","867","444","615","448","2.44","677","2.83","N","N","N","",
"金融保險業","5876","上海商銀","3623251","2606","1390","1367","1260","1255","3.02","1362","1.72","N","N","N","",
"金融保險業","5880","合庫金","11544632","8392","1376","1422","1290","1324","1.17","1362","1.72","N","N","N","本公司依據公司章程第三十五條之一規定，按當年度獲利狀況提撥萬分之一至萬分之八為員工酬勞，及訂定「經營績效獎金及員工酬勞提撥準則」，將經營績效與成果，反映於員工薪酬中。",
"金融保險業","6005","群益證","1643252","1650","996","863","773","682","1.90","1362","1.72","N","Y","N","金融保險業涵蓋之行業範圍廣(金控、銀行、保險、證券及期貨)，業態不盡相同，實難合理比較員工實質薪資水準。本公司今年稅後淨利較去年增加，員工平均薪資隨之增加，薪酬合理。",
"金融保險業","6024","群益期","313370","235","1333","1412","1022","966","4.80","1362","1.72","N","Y","Y","金融保險業涵蓋之行業範圍廣(金控、銀行、保險、證券及期貨)，業態不盡相同，不易有共同比較基礎。本公司獲利增加主要來自業外收益(利息收入)挹注，致未反映於非經理人之全時員工薪資平均數之中。",
"電子零組件業","6108","競國","199591","401","498","472","463","411","0.34","951","5.97","Y","N","N","因本公司獲利減少，致使提列之員工酬勞及獎金相對
減少，影響整體員工薪資。",
"資訊服務業","6112","邁達特","538851","505","1067","1036","867","826","3.14","1031","3.66","N","N","N","",
"電子零組件業","6115","鎰勝","75470","108","699","880","551","707","2.82","951","5.97","N","N","N","",
"光電業","6116","彩晶","2168796","2607","832","828","724","726","-1.63","923","-0.46","N","N","N","",
"電腦及週邊設備業","6117","迎廣","439401","657","669","646","542","528","1.02","1331","4.97","N","N","N","",
"光電業","6120","達運","623292","576","1082","863","979","754","0.17","923","-0.46","N","N","N","",
"電腦及週邊設備業","6128","上福","246757","438","563","583","463","500","3.40","1331","4.97","N","N","N","",
"電子零組件業","6133","金橋","22125","33","670","780","556","684","0.09","951","5.97","N","N","N","",
"通信網路業","6136","富爾特","45766","59","776","787","724","732","0.90","1233","3.59","N","N","Y","本公司經營績效與員工薪酬政策並無調整，112年度員工平均薪資數較上一年度減少，係因本年度增加職缺招募年輕新血，且部分資深員工離職，導致平均薪資下降。",
"其他電子業","6139","亞翔","498145","478","1042","816","762","676","12.81","1304","8.33","N","Y","N","本公司屬其他電子產業別，此類別之上市公司產業多樣，強行比較並無實質意義。本公司每年均隨營運績效進行調薪，112年非擔任主管職務之全時員工薪資平均數及中位數均較111年成長，並無不合理之處。",
"電子零組件業","6141","柏承","212650","381","558","563","478","489","-3.76","951","5.97","N","N","N","",
"通信網路業","6142","友勁","336135","578","582","626","422","470","-0.11","1233","3.59","N","N","N","",
"通信網路業","6152","百一","143021","141","1014","1002","865","895","-0.12","1233","3.59","N","N","N","",
"電子零組件業","6153","嘉聯益","781293","1198","652","696","558","610","-6.04","951","5.97","N","N","N","",
"電子零組件業","6155","鈞寶","101663","206","494","533","450","469","0.85","951","5.97","Y","N","N","主因為112年獲利較111年獲利減少，故員工酬勞較少，進而影響員工平均福利。",
"光電業","6164","華興","27267","40","682","630","691","578","-0.24","923","-0.46","N","Y","N","公司EPS雖較同業佳，但亦為負數。",
"數位雲端","6165","浪凡","5294","7","756","420","553","489","0.26","974","9.73","N","N","N","",
"電腦及週邊設備業","6166","凌華","1173927","1078","1089","1045","963","950","1.51","1331","4.97","N","N","N","",
"光電業","6168","宏齊","350042","493","710","779","607","675","0.52","923","-0.46","N","Y","N","因總公司設置在新竹市香山區（非屬新竹科學園區內），相較薪資水準與園區內的同業較低。
且總公司大部份員工是新竹市香山區在地居民，所以薪資福利項目無居住外縣市之交通、住宿補助福利。",
"光電業","6176","瑞儀","1030726","849","1214","1445","960","1043","11.35","923","-0.46","N","N","N","",
"建材營造","6177","達麗","43464","56","776","774","706","652","5.08","905","2.16","N","Y","N","當年度部份員工異動，新進員工薪資較離職員工稍低及員工晉升經理人，致平均薪資減少。",
"資訊服務業","6183","關貿","722828","593","1219","1202","1114","1080","3.20","1031","3.66","N","N","N","公司依據股東會及董事會決議之內容辦理員工酬勞和年終獎金發放之比例和月份數，再依據公司整體營業績效及個人績效結果進行酬勞及獎金發放。",
"其他","6184","大豐電","54842","83","661","692","574","570","3.52","909","2.71","N","Y","Y","1.本公司薪資報酬政策係依工作職掌、學經歷及專業能力等因素訂定，考量財務性績效及非財務性績效，並視市場薪資水準、經濟趨勢調整。
2.因112年新進員工較多，年資較短，薪資平均數而有所變化，以致低於同業水準。",
"電子通路業","6189","豐藝","238156","215","1108","1198","909","976","4.00","1041","3.99","N","N","N","",
"電子零組件業","6191","精成科","129848","62","2094","1952","1714","1553","6.73","951","5.97","N","N","N","",
"其他電子業","6192","巨路","503770","439","1148","1148","1043","1022","8.17","1304","8.33","N","N","N","",
"其他電子業","6196","帆宣","1234647","756","1633","1553","1275","1254","10.96","1304","8.33","N","N","N","",
"電子零組件業","6197","佳必琪","231038","248","932","859","763","654","5.20","951","5.97","N","N","N","",
"其他電子業","6201","亞弘電","272849","417","654","584","608","520","4.63","1304","8.33","N","N","N","",
"半導體業","6202","盛群","484641","409","1185","1348","1100","1642","0.49","1745","14.50","N","N","N","",
"電子零組件業","6205","詮欣","123490","167","739","843","539","639","2.10","951","5.97","N","N","N","",
"電腦及週邊設備業","6206","飛捷","317869","378","841","1006","671","738","3.51","1331","4.97","N","N","N","",
"光電業","6209","今國光","395225","784","504","531","459","483","-0.29","923","-0.46","N","Y","N","本公司非擔任主管職員工薪資低於同業，主因本公司在產業鏈中屬製造生產端，產線作業員比例大於同業且台灣勞工招募不易，尚使用相當高比例的移工，在人力結構不同的情況下，非經理人之全時員工薪資低於同業。",
"電子零組件業","6213","聯茂","240684","364","661","663","572","546","1.86","951","5.97","N","N","N","",
"資訊服務業","6214","精誠","1875648","1865","1006","969","822","797","6.02","1031","3.66","N","Y","N","本公司提供企業雲端/數據/資安/軟體開發/維護維運等服務超過4萬家企業/機構客戶，
擁有2千名以上員工，因總體基層人數多、且112年亦主要招募培訓軟體技術基層人力，
故影響整體均薪，惟平均薪資每年持續成長",
"其他電子業","6215","和椿","111373","133","837","1000","743","911","0.95","1304","8.33","N","N","N","",
"通信網路業","6216","居易","216678","201","1078","1073","952","906","1.34","1233","3.59","N","N","N","",
"電子零組件業","6224","聚鼎","200303","241","831","796","696","681","1.24","951","5.97","N","N","N","",
"光電業","6225","天瀚","1525","2","763","991","763","1007","0.31","923","-0.46","N","Y","Y","公司維持營運成本，經營績效逐漸提現，惟尚未調整薪資結構",
"光電業","6226","光鼎","29054","38","765","854","616","695","-0.65","923","-0.46","N","N","N","",
"電腦及週邊設備業","6230","尼得科超眾","453238","523","867","741","713","556","7.02","1331","4.97","N","Y","N","1.本公司非擔任主管職務全時員工之平均薪資，因含基層之產線人員在內，以致平均薪資水準較同業為低，但仍較去年成長。
2.配合日本母公司會計年度，本公司已於113年全面優化與調整員工薪酬結構。",
"電腦及週邊設備業","6235","華孚","39872","40","997","897","735","702","4.17","1331","4.97","N","N","N","",
"半導體業","6239","力成","8617496","10723","804","863","635","688","10.72","1745","14.50","N","N","N","",
"半導體業","6243","迅杰","90824","61","1489","1440","1337","1327","1.50","1745","14.50","N","N","N","",
"半導體業","6257","矽格","1685979","2190","770","806","634","631","3.80","1745","14.50","N","N","N","",
"電子零組件業","6269","台郡","1488692","2302","647","650","570","578","6.45","951","5.97","N","Y","N","1.公司製程以勞力密集為主，其薪資比例佔全公司薪資比較高，故平均薪資低於同業水準。
2.員工酬勞估列考量當期獲利、公司資金規劃並兼顧
股東權益，在不超過公司章程所訂範圍內估列，故無不合理之處。",
"半導體業","6271","同欣電","2329548","2458","948","840","674","648","5.50","1745","14.50","N","N","N","",
"電腦及週邊設備業","6277","宏正","741259","665","1115","1203","948","1015","4.73","1331","4.97","N","N","N","",
"光電業","6278","台表科","538410","822","655","708","514","576","8.57","923","-0.46","N","Y","N","本公司非擔任主管職員工薪資低於同業，主因本公司在產業鏈中屬製造生產端，產線作業員比例大於同業，在人力結構不同的情況下，非經理人之全時員工薪資低於同業。",
"電子通路業","6281","全國電","1256782","1642","765","797","708","738","5.13","1041","3.99","N","Y","N","本公司產業類別屬於電子通路業，該類別含BtoB及BtoC二種業態，前者交易對象為法人，與本公司交易對象為消費者、屬零售服務之業態明顯不同，薪資難免有落差。若與同業態公司相比，員工薪資與福利，均未低於同業。",
"電子零組件業","6282","康舒","1713529","1609","1065","1119","864","892","0.07","951","5.97","N","N","N","",
"其他電子業","6283","淳安","31995","34","941","941","983","894","-1.19","1304","8.33","N","N","N","",
"通信網路業","6285","啟碁","7630695","6521","1170","1157","702","821","8.98","1233","3.59","N","Y","N","啟碁係一製造公司，且產品在台製造比重高，故工廠直接人員人數多，進而影響整體非主管職員工之年度平均薪資數。
另，通信網路業中，公司行業存有差異 (如服務業或製造業等)，故各公司之薪資結構比較基礎不盡相同。",
"汽車工業","6288","聯嘉","497789","612","813","800","526","487","0.05","882","6.40","N","N","N","",
"光電業","6405","悅城","104124","194","537","592","469","548","-1.31","923","-0.46","N","N","N","本公司與整體產業獲利差異並非很大，與員工績效關聯性較低。",
"其他電子業","6409","旭隼","194151","150","1294","1361","880","1089","41.52","1304","8.33","N","Y","N","本公司屬其他電子產業別，該產業上市公司產業多樣且具人力結構差異，難一致性比較；本公司每年均進行年度調薪，並依公司營運績效核發獎金與員工酬勞，112年度整體薪酬水準較過往年度皆增加，屬合理範圍。",
"電子零組件業","6412","群電","1357763","742","1830","1771","1626","1537","8.27","951","5.97","N","N","N","",
"電腦及週邊設備業","6414","樺漢","231748","172","1347","1287","1136","1163","19.01","1331","4.97","N","N","N","",
"通信網路業","6416","瑞祺電通","179935","249","723","768","630","644","4.40","1233","3.59","N","Y","N","同業中因產業型態各異，而有不同的人力架構，本公司每年定期視經營狀況與部門、個人績效表現進行全體員工薪資調整及獎金發放，
亦依據公司章程比例提撥員工酬勞，112年度營收及獲利成果已反應在員工112年的薪資。",
"通信網路業","6426","統新","138250","223","620","661","548","586","-2.68","1233","3.59","N","N","N","",
"其他電子業","6438","迅得","513322","592","867","961","926","802","8.89","1304","8.33","N","Y","N","因112年度雇用較多移工與實習生，使得人數增加拉低薪資費用平均值",
"通信網路業","6442","光聖","270385","402","673","693","529","541","2.53","1233","3.59","N","N","N","",
"光電業","6443","元晶","957822","1706","561","571","476","479","1.07","923","-0.46","N","Y","Y","1.公司固定薪資核薪標準依照公司內部規定及章程核定標準。
公司獲利表現（EPS）依法提撥於員工酬勞分配
2.員工組成結構異動，新進基層員工較前一年度增加拉低全時員工（年度）薪資平均數",
"生技醫療業","6446","藥華藥","332713","282","1180","1166","918","907","-1.93","807","3.16","N","N","N","",
"電子零組件業","6449","鈺邦","119493","109","1096","1056","788","816","3.73","951","5.97","N","N","N","",
"其他","6464","台數科","23527","40","588","578","527","523","5.78","909","2.71","N","Y","N","本公司合併財務報表編製主體較同業多，故合併後公司獲利表現較同業佳。在營運績效成長的同時，持續重視及增進基層員工的薪資福利。非主管之員工薪資平均數每年均為正成長，未來仍將持續推動福利政策增加員工福祉。",
"生技醫療業","6472","保瑞","102128","133","768","726","538","521","30.20","807","3.16","N","Y","N","公司持續併購致整體合併報表EPS高於市場平均，母公司人數僅佔集團人數11%，其中廠區人數又佔79%，公司112年平均薪資及中位數皆&#31311;定成長，本公司將持續以經營績效、員工個人表現及薪資市場價值設定合理關聯性",
"光電業","6477","安集","112665","214","526","599","480","562","1.21","923","-0.46","N","Y","N","主係本公司屬同業光電業中之太陽能產業，於產業鏈中屬製造生產端，產線作業員比例較高，在人力結構不同的情況下，非經理人之全時員工薪資低於同業。",
"生技醫療業","6491","晶碩","1438064","1617","889","814","774","721","22.83","807","3.16","N","N","N","",
"其他","6504","南六","155115","258","601","548","523","489","1.65","909","2.71","N","N","N","",
"油電燃氣業","6505","台塑化","7308929","5093","1435","1467","1323","1353","2.30","1263","2.25","N","N","Y","本公司2023年EPS較2022年增加，係2022年營運受疫情後通膨及需求不振重大影響，2023年經營狀況較為好轉；員工平均薪資較2022年降低，係因年終獎金計算方式參考前一年度經營情形，2023年發放數較2022年減少所致。",
"半導體業","6515","穎崴","700790","648","1081","1318","798","1105","13.52","1745","14.50","N","N","N","",
"半導體業","6526","達發","2237584","798","2804","0","2347","0","6.47","1745","14.50","N","N","N","",
"半導體業","6531","愛普*","279166","139","2008","2055","1573","1674","8.93","1745","14.50","N","N","N","",
"半導體業","6533","晶心科","778153","343","2269","2517","1916","2057","-2.01","1745","14.50","N","N","N","",
"生技醫療業","6534","正瀚-創","150160","112","1341","0","720","0","4.76","807","3.16","N","N","N","本公司訂定酬金主要係參考公司整體的營運續效，亦考量個人對公司續效之貢獻度，給予合理的報酬。",
"半導體業","6552","易華電","253651","518","490","524","460","471","0.09","1745","14.50","Y","N","N","112年因營收下滑，公司將不資遣員工作為首要原則，同時也無加班。因此，公司無法提供紅利獎金，也是中位數未達標的原因。
對非主管職薪資確未達到年薪50萬元，我們將持續努力，希望未來能提供更好的薪資福利。",
"其他電子業","6558","興能高","43960","48","916","883","772","709","-0.48","1304","8.33","N","N","N","",
"電腦及週邊設備業","6579","研揚","519174","493","1053","1150","891","959","8.42","1331","4.97","N","Y","N","公司員工薪資含薪資、獎金及員工酬勞。員工酬勞以公司獲利提撥為基礎，依公司章程-年度獲利應提撥不低於5%。本公司111年擬提撥8.36%，112年擬提撥7.85%。且直接人員佔相當比例，故單純以平均薪資易有所偏差。",
"綠能環保","6581","鋼聯","88166","95","928","969","893","923","4.54","830","4.64","N","N","N","",
"橡膠工業","6582","申豐","110180","163","676","843","614","665","-1.02","727","1.01","N","N","N","",
"其他","6585","鼎基","453231","597","759","743","703","667","6.01","909","2.71","N","Y","N","本公司每年依據營運獲利狀況及個人績效發放獎金及調整薪資，亦考量薪資外部競爭力及內部公平性進行系統性調整，以達到與員工分享利潤及提升人力資源之目的。",
"其他","6592","和潤企業","1468780","1090","1348","1214","1068","978","6.41","909","2.71","N","N","N","",
"汽車工業","6605","帝寶","1879690","2831","664","670","601","635","14.29","882","6.40","N","Y","Y","公司人力結構直接員工數佔總人數之六成，其中外籍員工數佔直接員工數約四成，因此影響整體薪資平均水準。113年後續仍將依營運及業界用人水準，合理提升薪酬福利。",
"電機機械","6606","建德工業","52239","83","629","0","618","0","0.95","803","2.29","N","N","N","",
"其他","6625","必應","298714","260","1149","687","949","630","6.68","909","2.71","N","N","N","",
"生技醫療業","6645","金萬林-創","73421","96","765","0","643","0","-2.22","807","3.16","N","N","N","",
"其他","6655","科定","331144","470","705","766","645","678","3.52","909","2.71","N","Y","N","其他行業組成多元，行業特性差異大，本公司112年非擔任主管職務之員工平均月薪為58,750元，優於主計處公布112年全體受僱人員每月平均薪資58,545元達0.35%。",
"生技醫療業","6657","華安","15040","19","792","0","835","0","-3.62","807","3.16","N","N","N","",
"其他電子業","6658","聯策","54678","81","675","0","606","0","0.99","1304","8.33","N","N","N","",
"光電業","6668","中揚光","166385","249","668","706","531","609","-3.24","923","-0.46","N","N","Y","公司仍在積極轉型,提升競爭力,雖然虧損縮減,但因加班較少,導致全時員工平均薪資較前一年度減少。",
"電腦及週邊設備業","6669","緯穎","3736728","2895","1291","1260","910","957","68.88","1331","4.97","N","Y","N","112年增補較多直接人員(整體占比約5成)，致使薪資中位數下降。",
"運動休閒","6670","復盛應用","830061","933","890","897","714","724","18.18","840","4.96","N","N","N","",
"通信網路業","6674","鋐寶科技","119884","144","833","874","702","769","-4.84","1233","3.59","N","N","N","",
"數位雲端","6689","伊雲谷","316420","315","1005","968","805","754","2.70","974","9.73","N","N","N","",
"其他電子業","6691","洋基工程","632778","431","1468","1434","1180","1150","20.22","1304","8.33","N","N","N","",
"半導體業","6695","芯鼎","253675","157","1616","1618","1517","1430","-0.68","1745","14.50","N","N","N","",
"其他電子業","6698","旭暉應材","104095","181","575","616","492","516","-1.30","1304","8.33","N","N","N","",
"光電業","6706","惠特","337704","442","764","898","626","663","-5.13","923","-0.46","N","N","N","",
"電子零組件業","6715","嘉基","86512","83","1042","1168","952","1069","6.38","951","5.97","N","N","N","",
"半導體業","6719","力智","341585","270","1265","2062","1135","1717","0.63","1745","14.50","N","N","N","",
"光電業","6742","澤米","152404","229","666","0","581","0","0.42","923","-0.46","N","Y","N","薪資平均數低於同業主要是人力結構50%以上為
生產人員,故影響平均數；薪資獎金部分以公司
營運狀況為主要考量，並視部門績效指標達成
率及個人績效達成率和貢獻度核定。",
"其他電子業","6743","安普新","103409","106","976","944","867","804","-0.05","1304","8.33","N","N","N","",
"航運業","6753","龍德造船","535717","725","739","559","639","644","5.43","1378","2.56","N","Y","N","本公司現場人力佔總人數68%，目前為人力擴充階段，外籍同仁及未全年在職人數佔52%，故影響整體平均數；本公司員工薪酬定期參酌外部薪資水準給予合理報酬，秉持培育人才、建立安全與舒適的職場環境，提高員工滿意度。",
"居家生活","6754","匯僑設計","252843","244","1036","1013","887","879","4.25","711","5.69","N","N","N","",
"半導體業","6756","威鋒電子","361567","176","2054","2502","1661","1745","2.62","1745","14.50","N","N","N","本公司依公司章程規定，年度如有獲利，應提撥不低於5%為員工酬勞，故公司經營績效對員工獎勵有正向影響，以期達到企業留才並激勵員工與企業共同成長。",
"航運業","6757","台灣虎航-創","1102467","655","1683","0","1096","0","4.27","1378","2.56","N","N","N","",
"半導體業","6770","力積電","8938481","8146","1097","1677","1045","1453","-0.40","1745","14.50","N","N","N","",
"電子通路業","6776","展碁國際","307577","286","1075","1074","913","928","5.06","1041","3.99","N","N","N","",
"生技醫療業","6782","視陽","122385","105","1166","1447","973","1186","4.79","807","3.16","N","N","N","",
"半導體業","6789","采鈺","1699401","1382","1230","1334","1019","1069","1.13","1745","14.50","N","N","N","",
"造紙工業","6790","永豐實","589521","681","866","850","752","746","3.62","790","0.38","N","N","N","",
"通信網路業","6792","詠業","339060","469","723","815","599","662","4.18","1233","3.59","N","Y","N","本公司生產製造據點100%均在國內，112年直接人力佔全公司55.92%，工廠作業員佔人力總數五成以上，影響本公司整體非主管職之年度薪資。另，112年申報總員工入職年資，未滿一年者佔全公司14.69％，亦影響薪資平均數。",
"生技醫療業","6796","晉弘","125715","131","960","936","853","773","2.20","807","3.16","N","N","N","",
"半導體業","6799","來頡","31731","31","1024","1704","956","1562","5.42","1745","14.50","N","N","N","",
"電子零組件業","6805","富世達","61993","72","861","0","782","0","10.18","951","5.97","N","Y","N","本公司實施績效承諾制度，以績效結果做為獎金、晉升及調薪之參考，將持續致力員工薪酬結構之優化。",
"綠能環保","6806","森崴能源","116162","108","1076","868","907","717","2.94","830","4.64","N","N","N","",
"其他電子業","6830","汎銓","556266","456","1220","1342","989","1066","5.59","1304","8.33","N","N","N","",
"電子零組件業","6834","天二科技","194279","402","483","535","442","495","-1.09","951","5.97","Y","N","N","因本公司112年度營運虧損，致使年終獎金下滑，且無發放員工酬勞所致。",
"電子零組件業","6835","圓裕","36969","46","804","800","743","738","3.57","951","5.97","N","N","N","",
"生技醫療業","6861","睿生光電","314855","314","1003","0","854","0","3.00","807","3.16","N","N","N","",
"綠能環保","6869","雲豹能源","75542","71","1064","0","855","0","8.77","830","4.64","N","N","N","",
"綠能環保","6873","泓德能源","161307","139","1160","1158","946","1023","8.36","830","4.64","N","N","N","",
"其他","6901","鑽石投資","28744","15","1916","0","1350","0","-3.32","909","2.71","N","N","N","",
"數位雲端","6902","走著瞧-創","201766","148","1363","0","1179","0","0.16","974","9.73","N","N","N","",
"光電業","6916","華凌","115879","184","630","0","613","0","1.33","923","-0.46","N","Y","N","1.員工薪資係依公司與個人績效等綜合考量，並參考產業人才市場薪資水準，衡量公司薪資在就業市場競爭力。2.本公司依據營運狀況及個人績效與表現，來給予同仁獎金與調薪，112年營收較前一年衰減25.67%，故獎金下降。",
"半導體業","6937","天虹","238819","254","940","0","766","0","5.02","1745","14.50","N","N","N","",
"通信網路業","8011","台通","151790","245","620","598","571","558","0.09","1233","3.59","N","N","N","",
"半導體業","8016","矽創","887587","356","2493","3641","2327","3270","15.50","1745","14.50","N","N","N","",
"其他電子業","8021","尖點","209951","304","691","752","606","634","-0.25","1304","8.33","N","N","N","",
"半導體業","8028","昇陽半導體","779756","981","795","768","705","729","2.02","1745","14.50","N","N","N","",
"其他","8033","雷虎","19070","33","578","580","545","561","-0.18","909","2.71","N","N","N","",
"電子零組件業","8039","台虹","610294","786","776","828","705","740","2.02","951","5.97","N","N","N","",
"電子零組件業","8046","南電","5970127","6559","910","1190","872","1131","9.00","951","5.97","N","Y","N","本公司採利潤中心制，112年獲利較111年大幅衰退，相關績效獎金亦較111年縮減，112年同業非擔任主管職務之全時員工薪資平均數亦較111年度減少。",
"電子通路業","8070","長華*","105071","68","1545","2097","1260","1325","2.19","1041","3.99","N","N","N","",
"電子通路業","8072","陞泰","5807","9","645","658","480","446","0.73","1041","3.99","N","N","N","",
"半導體業","8081","致新","740304","329","2250","2592","2044","2306","17.33","1745","14.50","N","N","N","",
"通信網路業","8101","華冠","63638","79","806","848","787","815","-2.79","1233","3.59","N","N","N","",
"電子零組件業","8103","瀚荃","132177","157","842","933","762","788","2.76","951","5.97","N","N","N","依據績效考核設定績效目標，將考核結果做為晉升調薪核發獎金及酬勞發放之依據，透過經營績效及公司章程，依獲利提撥5%~12%作為員工酬勞與員工考核相連結，考量年資與年度績效分配予同仁，以激勵同仁為公司目標努力。",
"光電業","8104","錸寶","121420","172","706","688","606","568","-3.08","923","-0.46","N","N","N","",
"光電業","8105","凌巨","1293635","1564","827","830","740","742","0.53","923","-0.46","N","Y","N","本公司依據公司營運狀況及個人績效與表現，
來給予同仁獎金與調薪，
相較前一年度，112年仍維持一定水準的薪酬政策，
並依照公司章程提列員工酬勞發放。",
"半導體業","8110","華東","927366","1686","550","623","471","547","-0.01","1745","14.50","N","N","N","",
"電子通路業","8112","至上","234090","172","1361","1300","1186","1198","4.70","1041","3.99","N","N","N","",
"電腦及週邊設備業","8114","振樺電","223645","304","736","689","591","565","5.55","1331","4.97","N","Y","N","振樺品牌銷售模式多透過海外子公司或全球經銷商拓展市場並提供服務，且產品為總部自製，相較同業多總部直接負責海內外銷售且製造多外包，員工組成結構有其差異性，振樺製造單位約佔總部員工50%，無法直接與同業比較",
"半導體業","8131","福懋科","1372700","2321","591","597","561","558","1.20","1745","14.50","N","N","N","",
"半導體業","8150","南茂","4738466","5040","940","948","837","857","2.60","1745","14.50","N","N","N","",
"半導體業","8162","微矽電子-創","296667","580","511","0","449","0","-0.39","1745","14.50","N","N","N","",
"電腦及週邊設備業","8163","達方","1065035","855","1246","1210","1035","1005","5.91","1331","4.97","N","Y","N","主係112年度一次性處分蘇州廠房土地產生業外收益使EPS提升，與公司本業經營績效關聯低。
公司員工薪酬調整參酌正常獲利水準及員工績效評估結果，112年度員工薪資平均數1,246仟元較前年度的1,210仟元成長約2.98%。",
"其他電子業","8201","無敵","67126","82","819","807","768","752","-1.14","1304","8.33","N","N","N","",
"電腦及週邊設備業","8210","勤誠","343699","313","1098","1244","875","1012","9.03","1331","4.97","N","Y","Y","台灣新設立嘉義廠區，2022~2023年增加大量作業員，作業員總人數約3成，若排除作業員計算，薪資平均數較上年度成長。",
"電子零組件業","8213","志超","417513","275","1518","1426","1500","1210","4.03","951","5.97","N","N","N","",
"光電業","8215","明基材","1505239","1570","959","1098","759","754","1.29","923","-0.46","N","N","N","",
"電機機械","8222","寶一","120453","200","602","514","579","494","0.88","803","2.29","N","N","N","",
"電子零組件業","8249","菱光","95518","58","1647","1483","1368","1262","2.18","951","5.97","N","N","N","",
"半導體業","8261","富鼎","179540","127","1414","1993","1130","1492","2.83","1745","14.50","N","N","N","",
"半導體業","8271","宇瞻","514067","455","1130","1178","1023","1014","4.51","1745","14.50","N","N","N","",
"綠能環保","8341","日友","273345","339","806","1019","673","828","3.40","830","4.64","N","N","N","",
"航運業","8367","建新國際","317632","436","729","760","695","704","3.25","1378","2.56","N","Y","Y","本公司之年度績效獎金係依據營業損益率標準、同業發放標準及參考明年度資金規劃後而訂，故相較前一年度有所差異。",
"電機機械","8374","羅昇","92275","107","862","895","801","816","-0.19","803","2.29","N","N","N","",
"綠能環保","8422","可寧衛","77346","90","859","889","662","688","9.12","830","4.64","N","N","N","",
"綠能環保","8438","昶昕","139575","216","646","682","565","581","1.28","830","4.64","N","N","N","係依員工貢獻度及針對員工所擔任職務決策、責任程度，並參酌同業給薪水準及企業永續經營所具備之專業職能條件等因子調整。",
"貿易百貨","8443","阿瘦","218195","362","603","570","558","515","0.25","844","2.24","N","N","N","",
"數位雲端","8454","富邦媒","2339103","2747","852","842","737","724","15.10","974","9.73","N","Y","N","112年度因持續擴大招募，故任職滿6個月未滿12個月(未全年度在職)人數佔12%，此部份員工未領滿全年度薪資，故影響我司平均年薪低於同業水準。",
"運動休閒","8462","柏文","992178","1402","708","655","588","541","1.50","840","4.96","N","N","N","",
"其他","8463","潤泰材","245727","335","734","673","630","604","0.77","909","2.71","N","N","N","",
"居家生活","8464","億豐","333298","229","1455","1457","1173","1197","18.73","711","5.69","N","N","N","",
"綠能環保","8473","山林水","294050","508","579","524","505","453","0.27","830","4.64","N","N","N","",
"綠能環保","8476","台境","86853","110","790","972","680","752","4.49","830","4.64","N","N","N","",
"運動休閒","8478","東哥遊艇","649244","699","929","956","850","877","23.66","840","4.96","N","N","Y","本公司112年度新進員工人數成長較多，且因新進人員平均薪資較低，故使EPS雖較前一年度成長，但整體員工平均薪資略為下降所致。",
"其他","8481","政伸","181150","225","805","1032","759","957","1.88","909","2.71","N","N","N","",
"數位雲端","8487","愛爾達-創","128775","115","1120","0","1000","0","5.98","974","9.73","N","N","N","",
"油電燃氣業","8926","台汽電","160394","122","1315","1240","1128","1046","1.82","1263","2.25","N","N","N","",
"觀光餐旅","8940","新天地","186672","310","602","498","514","406","1.58","677","2.83","N","N","N","",
"電機機械","8996","高力","551732","586","942","845","877","803","6.45","803","2.29","N","N","N","",
"其他","9902","台火","4200","7","600","523","595","568","0.32","909","2.71","N","N","N","",
"運動休閒","9904","寶成","2602170","2968","877","899","679","659","3.61","840","4.96","N","N","N","",
"其他","9905","大華","162921","265","615","617","564","570","1.45","909","2.71","N","N","N","",
"建材營造","9906","欣巴巴","44234","55","804","578","663","503","6.24","905","2.16","N","Y","N","本公司112年經營績效亮眼係來自公司多年的長期規劃，亦有將其反映在員工薪酬上，本年度員工薪資平均數較去年增加約40%。惟仍有人員異動之緣故，如離職與新進人員的薪資差，以及依在職期間計算的年終及績效獎金。",
"其他","9907","統一實","802551","1080","743","901","728","848","0.43","909","2.71","N","N","N","",
"油電燃氣業","9908","大台北","264563","234","1131","1074","1012","995","2.32","1263","2.25","N","Y","N","非經理人之全時員工薪資平均數雖比同業低，但本公司112年平均薪資較去年度有增加之趨勢，且EPS較同業高主要係因營業外收入增加所致，故本公司員工薪酬屬合理。",
"運動休閒","9910","豐泰","3095623","2497","1240","1394","960","1094","5.04","840","4.96","N","N","N","",
"居家生活","9911","櫻花","750501","968","775","778","659","648","4.90","711","5.69","N","N","Y","本公司整體獎酬機制係配合營運目標、部門及員工績效達成狀況而定。本公司112年非主管職員工較上年度增加28人，主係增加產線外籍勞工人力，致平均薪資較上年度微幅減少3仟元；但本公司員工平均薪資水平仍高於同業公司",
"電腦及週邊設備業","9912","偉聯","27480","32","859","879","771","721","-0.59","1331","4.97","N","N","N","",
"運動休閒","9914","美利達","845473","1221","692","955","574","777","5.66","840","4.96","N","Y","N","今年度(112年)淨利相較前一年度減少，公司獲利與員工變動獎金亦同步減少。",
"其他","9917","中保科","1934347","2453","789","771","718","724","5.85","909","2.71","N","Y","N","本公司所經營業務多元化，非單一營運市場，人力類別及薪資結構複雜，與所謂「同業」 事業屬性多不相同，且薪資區間為上月16至當月15，月底到離職員工均計算為半月薪資  也算一人。以上各因素均影響薪資平均數。",
"油電燃氣業","9918","欣天然","169222","160","1058","936","892","867","2.00","1263","2.25","N","N","N","",
"其他","9919","康那香","324011","577","562","543","496","487","3.37","909","2.71","N","Y","N","本公司112年獲利表現較同業佳，主係112年處分上海房地使業外收益大幅增加，若不含此業外收益EPS應為虧損。在本業虧損的狀況下，本公司仍持續照顧員工，平均薪資較去年相比仍有增長。",
"運動休閒","9921","巨大","1844202","2689","686","830","554","690","8.68","840","4.96","N","Y","N","1.112年歐美市場庫存去化慢，影響整體訂單與獲利表現，變動性獎金同步減少
2.受代工客戶調整訂單影響，勞動加班產生之加班費用銳減,在市場與總體經濟環境之衝擊下，非主管職員工之平均薪資表現不如去年",
"居家生活","9924","福興","652495","1075","607","559","514","462","5.03","711","5.69","N","N","N","",
"其他","9925","新保","1201508","1722","698","682","656","635","2.43","909","2.71","N","N","N","",
"油電燃氣業","9926","新海","200878","157","1279","1249","1266","1246","2.61","1263","2.25","N","N","N","",
"其他","9927","泰銘","103923","136","764","721","736","684","5.94","909","2.71","N","Y","N","上市其他類股行業特性多屬不同，本公司112年非擔任主管職務之全時員工薪資平均數為764仟元，優於行政院主計總處公布之112年每人每月總薪資平均為619仟元達23%。",
"其他","9928","中視","257950","377","684","684","615","614","-0.14","909","2.71","N","N","N","",
"其他","9929","秋雨","44215","85","520","522","484","495","-1.04","909","2.71","N","N","N","",
"綠能環保","9930","中聯資源","359266","248","1449","1435","1355","1331","3.38","830","4.64","N","N","N","",
"油電燃氣業","9931","欣高","89272","105","850","907","795","859","1.44","1263","2.25","N","N","N","",
"其他","9933","中鼎","4502343","4362","1032","1160","866","1014","2.39","909","2.71","N","N","N","",
"居家生活","9934","成霖","75666","95","796","662","787","642","1.52","711","5.69","N","N","N","",
"居家生活","9935","慶豐富","264582","499","530","591","450","519","0.60","711","5.69","N","N","N","",
"油電燃氣業","9937","全國","377157","555","680","516","630","423","2.53","1263","2.25","N","Y","N","油電燃氣業員工結構多屬具有專業之全時人員，與本公司員工型態不同。因行業特性，本公司員工多為現場服務人員，部分工時及月薪加油員佔全體人數2/3，平均薪資水準因而低於同業，然與上櫃加油站同業相當。",
"其他","9938","百和","602960","980","615","649","496","499","1.95","909","2.71","N","N","N","",
"其他","9939","宏全","1000288","1412","708","686","653","627","8.60","909","2.71","N","Y","N","本公司產業為傳統製造業，所需生產線人力佔總人數61%、現場流動性較高且外籍員工佔生產線人力30%，故整體平均數拉低；將持續積極提升薪資福利制度、培育優秀人才、建立安全、舒適的職場環境等方式提高員工滿意度。",
"其他","9940","信義","5480845","4434","1236","1105","880","802","2.39","909","2.71","N","N","N","",
"其他","9941","裕融","899687","731","1231","1366","1033","1124","11.07","909","2.71","N","N","N","1.本公司薪酬係依每年營運績效、獲利狀況、個人績效表現及貢獻度，做為發放獎金及調整薪資之基礎。
2. 2023年度平均薪酬減少，係業利益下滑，致發放獎金減少，代表本公司經營績效與員工薪酬之關聯性成正相關。",
"其他","9942","茂順","626038","1049","597","611","488","542","11.77","909","2.71","N","Y","Y","主係因本公司地處南投,屬傳統製造業且新進人員較去年同期增加所致,但每年仍會依據政府法令與個人績效表現調薪,並經薪資調查給予同仁合理的薪酬。",
"觀光餐旅","9943","好樂迪","498781","867","575","535","525","490","8.81","677","2.83","N","Y","N","近年來服務業人力缺口大人員流失，且112年業績雖比疫情期間(109~111年)略有成長，但相較疫情前營收仍衰退8%，故造成薪資及獎金平均數較低",
"其他","9944","新麗","130408","231","565","615","471","538","1.49","909","2.71","N","N","N","",
"其他","9945","潤泰新","155462","229","679","641","434","386","2.65","909","2.71","N","N","N","",
"建材營造","9946","三發地產","34130","38","898","876","805","767","0.27","905","2.16","N","N","N","",
"綠能環保","9955","佳龍","33720","59","572","556","476","480","-0.79","830","4.64","N","N","N","",
"鋼鐵工業","9958","世紀鋼","226057","325","696","617","625","529","4.46","973","0.81","N","Y","N","1.本公司為鋼構製造業，與鋼鐵業之營業項目並不同，因鋼鐵業營收為材料生產及銷售，然與本公司並不相同。
2.因鋼鐵業項目及技術與本公司之項目與技術有不同之差異性，故其薪資平均數亦不同，無法以同業水準做比較。",