產業類別,公司代號,公司名稱,非擔任主管職務之全時員工資訊-員工薪資總額(仟元),非擔任主管職務之全時員工資訊-員工人數-年度平均(人),非擔任主管職務之全時員工資訊-員工薪資-平均數(仟元/人)-114年,非擔任主管職務之全時員工資訊-員工薪資-平均數(仟元/人)-113年,員工薪資-平均數調整變動情形(%),非擔任主管職務之全時員工資訊-員工薪資-中位數(仟元/人)-114年,非擔任主管職務之全時員工資訊-員工薪資-中位數(仟元/人)-113年,員工薪資-中位數調整變動情形(%),非擔任主管職務之全時員工資訊-每股盈餘(元/股),非擔任主管職務之全時員工性別薪資資訊-男性員工薪資-平均數(仟元)-114年,非擔任主管職務之全時員工性別薪資資訊-男性員工薪資-平均數(仟元)-113年,非擔任主管職務之全時員工性別薪資資訊-男性員工薪資-平均數調整變動情形(%),非擔任主管職務之全時員工性別薪資資訊-女性員工薪資-平均數(仟元)-114年,非擔任主管職務之全時員工性別薪資資訊-女性員工薪資-平均數(仟元)-113年,非擔任主管職務之全時員工性別薪資資訊-女性員工薪資-平均數調整變動情形(%),非擔任主管職務之全時員工性別薪資資訊-男性員工薪資-中位數(仟元)-114年,非擔任主管職務之全時員工性別薪資資訊-男性員工薪資-中位數(仟元)-113年,非擔任主管職務之全時員工性別薪資資訊-男性員工薪資-中位數調整變動情形(%),非擔任主管職務之全時員工性別薪資資訊-女性員工薪資-中位數(仟元)-114年,非擔任主管職務之全時員工性別薪資資訊-女性員工薪資-中位數(仟元)-113年,非擔任主管職務之全時員工性別薪資資訊-女性員工薪資-中位數調整變動情形(%),同業公司資訊-員工薪資-平均數(仟元/人),同業公司資訊-平均每股盈餘(元/股),薪資統計情形-非經理人之全時員工薪資平均數未達50萬元,薪資統計情形-公司EPS獲利表現較同業為佳，惟非經理人之全時員工薪資平均數低於同業水準,薪資統計情形-公司EPS較前一年度成長，惟非經理人之全時員工薪資平均數較前一年度減少),薪資統計情形-公司經營績效與員工薪酬之關聯性及合理性說明,薪資統計情形-具體改善措施說明
"農業科技","1240","茂生農經","65827","85","774","740","4.59%","675","649","4.01%","4.86","不適用","不適用","-","不適用","不適用","-","不適用","不適用","-","不適用","不適用","-","634","0.22","N","N","N","","",
"觀光餐旅","1259","安心","618068","988","626","631","-0.79%","572","603","-5.14%","2.45","不適用","不適用","-","不適用","不適用","-","不適用","不適用","-","不適用","不適用","-","640","0.88","N","Y","Y","本公司因應餐飲速食業特性，門市營運仰賴大量兼職人力，致兼職員工佔比高，與同業結構差異致平均數略低。","每年除依基本工資調整薪資，並強化獎酬與績效連結，以優於法定調幅。藉由定期檢討薪酬政策，提升公平性、競爭力與員工向心力，進而提升留任率與整體薪資水準。",
"食品工業","1264","德麥","250452","284","882","909","-2.97%","735","732","0.41%","20.47","不適用","不適用","-","不適用","不適用","-","不適用","不適用","-","不適用","不適用","-","767","3.60","N","N","N","","",
"觀光餐旅","1268","漢來美食","1087370","1581","688","668","2.99%","589","566","4.06%","10.12","不適用","不適用","-","不適用","不適用","-","不適用","不適用","-","不適用","不適用","-","640","0.88","N","N","N","","",
"食品工業","1294","漢田生技","107483","162","663","685","-3.21%","609","596","2.18%","4.60","不適用","不適用","-","不適用","不適用","-","不適用","不適用","-","不適用","不適用","-","767","3.60","N","Y","N","1.關聯性:薪酬制度依職務、能力及績效訂定，並結合營運成果與獎金制度，反映員工貢獻。
2.合理性:公司屬中部製造業，作業員占比較高且工作較標準化，致平均薪資受結構影響；另透過獎金制度兼顧激勵與外部平衡。","每年將持續優化全面薪酬策略，定期進行市場薪資滾動式調查，並視營運綜效動態微調固定薪資與福利結構，確保整體待遇逐步落實同業均衡。",
"食品工業","1295","生合","176006","212","830","0","0.00%","691","0","0.00%","5.29","不適用","不適用","-","不適用","不適用","-","不適用","不適用","-","不適用","不適用","-","767","3.60","N","N","N","","",
"電子零組件業","1336","台翰","23124","21","1101","1027","7.21%","907","782","15.98%","0.71","不適用","不適用","-","不適用","不適用","-","不適用","不適用","-","不適用","不適用","-","797","2.47","N","N","N","","",
"生技醫療業","1565","精華","1687677","2440","692","719","-3.76%","630","668","-5.69%","9.03","不適用","不適用","-","不適用","不適用","-","不適用","不適用","-","不適用","不適用","-","798","1.60","N","Y","N","本公司生產線人員約占員工總數八成，人力結構與多數生技醫療產業有差異。114年淨利較113年減少39%，公司雖調整非主管職員工獎金，惟考量薪酬穩定性，平均薪資僅減少約2.7萬元，減幅3.9%。","後續會視狀況隨著營運績效提高員工薪酬。",
"電腦及週邊設備業","1569","濱川","30755","46","669","700","-4.43%","600","647","-7.26%","-5.61","不適用","不適用","-","不適用","不適用","-","不適用","不適用","-","不適用","不適用","-","924","3.90","N","N","N","","",
"電機機械","1570","力肯","72952","114","640","586","9.22%","501","479","4.59%","0.59","不適用","不適用","-","不適用","不適用","-","不適用","不適用","-","不適用","不適用","-","747","1.65","N","N","N","","",
"電機機械","1580","新麥","68388","68","1006","1000","0.60%","966","970","-0.41%","12.54","不適用","不適用","-","不適用","不適用","-","不適用","不適用","-","不適用","不適用","-","747","1.65","N","N","N","","",
"其他","1584","精剛","123842","181","684","755","-9.40%","637","681","-6.46%","0.44","不適用","不適用","-","不適用","不適用","-","不適用","不適用","-","不適用","不適用","-","712","1.85","N","N","N","","",
"電機機械","1586","和勤","116758","206","567","638","-11.13%","516","574","-10.10%","-0.35","不適用","不適用","-","不適用","不適用","-","不適用","不適用","-","不適用","不適用","-","747","1.65","N","N","N","","",
"運動休閒","1593","祺驊","52427","81","647","598","8.19%","501","465","7.74%","2.18","不適用","不適用","-","不適用","不適用","-","不適用","不適用","-","不適用","不適用","-","632","1.71","N","N","N","","",
"半導體業","1595","川寶","59182","72","822","762","7.87%","671","644","4.19%","-1.95","不適用","不適用","-","不適用","不適用","-","不適用","不適用","-","不適用","不適用","-","1400","5.37","N","N","N","","",
"電機機械","1599","宏佳騰","209584","377","556","543","2.39%","531","512","3.71%","-0.84","不適用","不適用","-","不適用","不適用","-","不適用","不適用","-","不適用","不適用","-","747","1.65","N","N","N","","",
"化學工業","1742","台蠟","13953","23","607","588","3.23%","558","546","2.20%","-1.08","不適用","不適用","-","不適用","不適用","-","不適用","不適用","-","不適用","不適用","-","763","1.20","N","N","N","","",
"生技醫療業","1777","生泰","192840","212","910","959","-5.11%","835","889","-6.07%","5.87","不適用","不適用","-","不適用","不適用","-","不適用","不適用","-","不適用","不適用","-","798","1.60","N","N","N","","",
"生技醫療業","1781","合世","36631","47","779","769","1.30%","721","710","1.55%","-1.30","不適用","不適用","-","不適用","不適用","-","不適用","不適用","-","不適用","不適用","-","798","1.60","N","N","N","","",
"生技醫療業","1784","訊聯","150333","164","917","888","3.27%","784","714","9.80%","1.02","不適用","不適用","-","不適用","不適用","-","不適用","不適用","-","不適用","不適用","-","798","1.60","N","N","N","","",
"其他電子業","1785","光洋科","1031249","1130","913","927","-1.51%","707","714","-0.98%","3.14","不適用","不適用","-","不適用","不適用","-","不適用","不適用","-","不適用","不適用","-","975","4.62","N","N","N","","",
"生技醫療業","1788","杏昌","315202","299","1054","1091","-3.39%","900","916","-1.75%","8.28","不適用","不適用","-","不適用","不適用","-","不適用","不適用","-","不適用","不適用","-","798","1.60","N","N","Y","本公司薪資以年資、學經歷與專業能力為核薪標準，另獎金係依據員工、部門目標達成率及公司獲利狀況，計算員工之獎金。員工獎金好壞原則上會與公司經營績效好壞有關，但同時會因個人及部門目標達成率不同而有差異","本公司非擔任主管職務員工人數在114年較113年新增34人，新聘人員多無太多工作經驗，故薪資平均數略為下滑。本公司薪酬制度目標是優於同業水平的薪酬，會檢視薪酬制度合理性，確保同仁薪水在公司獲利增加時能同步成長",
"食品工業","1796","金穎生技","186710","278","672","617","8.91%","625","584","7.02%","0.70","不適用","不適用","-","不適用","不適用","-","不適用","不適用","-","不適用","不適用","-","767","3.60","N","N","N","","",
"生技醫療業","1799","易威","4890","7","699","713","-1.96%","688","662","3.93%","-0.59","不適用","不適用","-","不適用","不適用","-","不適用","不適用","-","不適用","不適用","-","798","1.60","N","N","Y","因部分人員派駐海外子公司，該派駐人員主要薪資調整至海外子公司支付，致使公司平均薪資相較前年減少。","本公司將繼續提升營運績效，提高員工薪酬。",
"生技醫療業","1813","寶利徠","50111","80","626","624","0.32%","505","528","-4.36%","-1.03","不適用","不適用","-","不適用","不適用","-","不適用","不適用","-","不適用","不適用","-","798","1.60","N","N","N","","",
"電子零組件業","1815","富喬","822444","1030","798","727","9.77%","710","699","1.57%","1.64","不適用","不適用","-","不適用","不適用","-","不適用","不適用","-","不適用","不適用","-","797","2.47","N","N","N","","",
"鋼鐵工業","2035","唐榮公司","638203","619","1031","1173","-12.11%","870","1229","-29.21%","-4.72","不適用","不適用","-","不適用","不適用","-","不適用","不適用","-","不適用","不適用","-","756","0.99","N","N","N","","",
"電器電纜","2061","風青","1170","2","585","377","55.17%","522","462","12.99%","-0.97","不適用","不適用","-","不適用","不適用","-","不適用","不適用","-","不適用","不適用","-","585","-0.97","N","N","N","","",
"鋼鐵工業","2063","世鎧精密","151414","271","559","555","0.72%","522","514","1.56%","1.72","不適用","不適用","-","不適用","不適用","-","不適用","不適用","-","不適用","不適用","-","756","0.99","N","Y","N","114年度調薪幅度約1.8%,,各類獎金及員工酬勞114年較113年減少約6%。114年發放非經理人之獎金增加6%,本公司獲利減少，但也增加非經理人福利，並每年調整員工薪資。","維持每年調升員工薪資，若公司獲利成長，將增加年終獎金額度及提高員工酬勞發放比率。",
"鋼鐵工業","2064","晉椿","91541","176","520","563","-7.64%","462","509","-9.23%","-1.30","不適用","不適用","-","不適用","不適用","-","不適用","不適用","-","不適用","不適用","-","756","0.99","N","N","N","","",
"鋼鐵工業","2065","世豐","163631","278","589","677","-13.00%","545","588","-7.31%","1.12","            579","不適用","-","            606","不適用","-","            541","不適用","-","            553","不適用","-","756","0.99","N","Y","N","係因受美國對等關稅及台幣匯率升值雙重影響，營收及獲利降低，致獎金減少而致。","本公司定期審視員工薪資，擬予調薪3%~5%；114年度調薪幅度約3%。",
"電機機械","2066","世德","125552","230","546","598","-8.70%","508","529","-3.97%","1.34","不適用","不適用","-","不適用","不適用","-","不適用","不適用","-","不適用","不適用","-","747","1.65","N","N","N","","",
"電機機械","2067","嘉鋼","82645","162","510","503","1.39%","459","479","-4.18%","-2.80","不適用","不適用","-","不適用","不適用","-","不適用","不適用","-","不適用","不適用","-","747","1.65","N","N","N","","",
"電機機械","2070","精湛","65823","94","700","718","-2.51%","665","670","-0.75%","2.30","不適用","不適用","-","不適用","不適用","-","不適用","不適用","-","不適用","不適用","-","747","1.65","N","Y","N","本公司基層員工占比較高，
加上地處傳產扣件產業區，
區域性薪資行情較低。","本公司自113年啟動員工持股信託，依EPS訂定公提金比例，讓員工共享經營成果。
另於114年起自獲利提撥之1%~6%員工酬勞，承諾至少60%分配予基層員工，以促進薪資公平，
並計劃於115年第三季進行全公司薪資調整。",
"鋼鐵工業","2073","雄順","101076","166","609","626","-2.72%","572","571","0.18%","-0.39","不適用","不適用","-","不適用","不適用","-","不適用","不適用","-","不適用","不適用","-","756","0.99","N","N","N","","",
"其他","2221","大甲","131899","208","634","573","10.65%","549","499","10.02%","2.31","不適用","不適用","-","不適用","不適用","-","不適用","不適用","-","不適用","不適用","-","712","1.85","N","Y","N","本公司薪酬政策綜合營運成果、績效及市場水準訂定。因外籍勞工約占30%，薪資結構差異致平均薪資受影響。獎酬依事業部獲利及個人績效核發，與經營成果連動，獲利提升則獎酬增加，反之亦然。","為提升員工薪酬與共享經營成果，本公司將持續強化各事業部營運效率與獲利能力，拓展市場並優化產品組合，透過製程改善、成本控管及人才培育提升績效，並適時檢討薪酬及獎酬制度，以兼顧永續發展與員工權益。",
"居家生活","2230","泰茂","51699","94","550","541","1.66%","538","490","9.80%","-1.05","不適用","不適用","-","不適用","不適用","-","不適用","不適用","-","不適用","不適用","-","708","5.75","N","N","N","","",
"電機機械","2235","謚源","98512","184","535","502","6.57%","497","454","9.47%","0.95","不適用","不適用","-","不適用","不適用","-","不適用","不適用","-","不適用","不適用","-","747","1.65","N","N","N","","",
"建材營造","2596","綠意","7113","9","790","777","1.67%","822","811","1.36%","1.86","不適用","不適用","-","不適用","不適用","-","不適用","不適用","-","不適用","不適用","-","1054","2.09","N","N","N","","",
"數位雲端","2640","大車隊","316324","510","620","653","-5.05%","545","512","6.45%","9.01","不適用","不適用","-","不適用","不適用","-","不適用","不適用","-","不適用","不適用","-","872","3.20","N","Y","Y","本公司114年度營運持續成長，員工薪資中位數較前一年增加，顯示經營成果已適度反映於多數員工薪酬。非主管職全時員工平均薪資受人力結構及薪酬分布變動影響而減少，但整體薪酬與經營績效仍具合理關聯性。","本公司將持續依經營成果、市場水準及員工績效，滾動檢視薪酬制度與獎酬機制，以維持薪酬競爭力，並進一步強化員工與企業共享經營成果之連結。",
"航運業","2641","正德","50431","50","1009","988","2.13%","904","902","0.22%","2.01","不適用","不適用","-","不適用","不適用","-","不適用","不適用","-","不適用","不適用","-","919","3.07","N","N","N","","",
"航運業","2643","捷迅","60344","73","827","829","-0.24%","695","687","1.16%","6.30","不適用","不適用","-","不適用","不適用","-","不適用","不適用","-","不適用","不適用","-","919","3.07","N","Y","Y","114年退休及離職同仁薪資較新進同仁高所致。
本公司雖屬航運業，但以物流相關服務為主軸，因經營模式、市場規模及行業屬性的不同，薪酬行情本不應與航空及海運比較，本公司平均薪酬水準屬同業市場行情。","每年定期調薪及獎酬以凝聚員工之向心力。",
"建材營造","2718","全心投控","22592","13","1738","1199","44.95%","983","888","10.70%","16.94","不適用","不適用","-","不適用","不適用","-","不適用","不適用","-","不適用","不適用","-","1054","2.09","N","N","N","","",
"觀光餐旅","2719","燦星旅","49514","93","532","622","-14.47%","487","528","-7.77%","-0.15","不適用","不適用","-","不適用","不適用","-","不適用","不適用","-","不適用","不適用","-","640","0.88","N","N","N","","",
"觀光餐旅","2729","瓦城","894960","1319","679","690","-1.59%","603","620","-2.74%","6.76","不適用","不適用","-","不適用","不適用","-","不適用","不適用","-","不適用","不適用","-","640","0.88","N","N","N","","",
"觀光餐旅","2732","六角","123812","191","648","630","2.86%","530","524","1.15%","1.09","不適用","不適用","-","不適用","不適用","-","不適用","不適用","-","不適用","不適用","-","640","0.88","N","N","N","","",
"觀光餐旅","2734","易飛網","104063","177","588","580","1.38%","523","500","4.60%","-1.42","不適用","不適用","-","不適用","不適用","-","不適用","不適用","-","不適用","不適用","-","640","0.88","N","N","N","","",
"觀光餐旅","2736","富野","84541","185","457","445","2.70%","412","400","3.00%","-1.83","不適用","不適用","-","不適用","不適用","-","不適用","不適用","-","不適用","不適用","-","640","0.88","Y","N","N","主要係因服務業人力招募不易，以臨時員工補充人力缺口，故整體薪資結構偏低","目前集團採調整薪資水平、參與人才招募活動，並透過國際實習生計畫申請的方式補足人力需求",
"觀光餐旅","2740","華軒","34142","80","427","587","-27.26%","388","505","-23.17%","-3.19","不適用","不適用","-","不適用","不適用","-","不適用","不適用","-","不適用","不適用","-","640","0.88","Y","N","Y","本公司係屬餐飲業，就現況公司雖已較以往年度提高薪資水準進行招募與留才，但原產業性質人員本身流動率已較其他行業偏高，故公司員工整體較年輕、年資較淺等薪資結構因素，致平均薪資低於50萬元且較前一年度減少。","本公司目前尚屬虧損階段，待公司營運改善轉虧為盈後,再評估調整計畫。",
"觀光餐旅","2743","山富","211935","295","718","737","-2.58%","578","599","-3.51%","3.94","不適用","不適用","-","不適用","不適用","-","不適用","不適用","-","不適用","不適用","-","640","0.88","N","N","N","","",
"觀光餐旅","2745","五福","276485","451","613","694","-11.67%","566","575","-1.57%","10.01","不適用","不適用","-","不適用","不適用","-","不適用","不適用","-","不適用","不適用","-","640","0.88","N","Y","Y","本公司基層員工以業務人員為主，每月薪資約50%來自業績&#22892;金，因新進人員需培訓時間，此期間業績尚未成長，領取業績獎金較少，故拉低薪資平均數。","本公司設有規劃完善的人才晉升暨調薪管理辦法，適用全體正式員工與兼職人員，以建立公平、透明且具激勵性的人才晉升與調薪機制。",
"觀光餐旅","2751","王座","230688","387","596","563","5.86%","565","523","8.03%","4.57","不適用","不適用","-","不適用","不適用","-","不適用","不適用","-","不適用","不適用","-","640","0.88","N","Y","N","本公司因餐飲尖峰彈性調度，兼職及基層人力佔比高，且基層進用門檻具彈性，致整體薪資平均數受此人員結構影響。此與同業間之結構差異，為整體平均薪資略低於同業之主因。","本公司每年依基本工資調整薪資，並優於法定標準。正職員工實施年度調薪，依績效與市場趨勢調整，確保薪酬具競爭力。本公司亦持續深化員工教育訓練與職涯發展路徑，提升留任率與整體薪資水準。",
"觀光餐旅","2752","豆府","597484","908","658","619","6.30%","590","560","5.36%","15.04","不適用","不適用","-","不適用","不適用","-","不適用","不適用","-","不適用","不適用","-","640","0.88","N","N","N","","",
"觀光餐旅","2754","亞洲藏壽司","426284","582","732","676","8.28%","555","481","15.38%","2.35","不適用","不適用","-","不適用","不適用","-","不適用","不適用","-","不適用","不適用","-","640","0.88","N","N","N","","",
"觀光餐旅","2755","揚秦","277743","360","772","709","8.89%","648","607","6.75%","6.44","不適用","不適用","-","不適用","不適用","-","不適用","不適用","-","不適用","不適用","-","640","0.88","N","N","N","","",
"觀光餐旅","2756","聯發國際","107290","140","766","797","-3.89%","642","609","5.42%","3.93","不適用","不適用","-","不適用","不適用","-","不適用","不適用","-","不適用","不適用","-","640","0.88","N","N","Y","係因新品牌業務拓展，前線基層員工人數增加，致使薪資平均數下降。","全面提升前線基層員工起薪，並依公司營運成果及獲利情形，適時提供績效獎金或其他獎勵措施，使員工能共享公司經營成果。",
"居家生活","2916","滿心","353901","637","556","543","2.39%","500","480","4.17%","3.96","不適用","不適用","-","不適用","不適用","-","不適用","不適用","-","不適用","不適用","-","708","5.75","N","N","N","","",
"文化創意業","2926","誠品生活","874025","1120","780","765","1.96%","636","632","0.63%","0.54","不適用","不適用","-","不適用","不適用","-","不適用","不適用","-","不適用","不適用","-","1438","7.43","N","N","N","","",
"居家生活","2937","集雅社","328346","386","851","792","7.45%","709","674","5.19%","4.06","不適用","不適用","-","不適用","不適用","-","不適用","不適用","-","不適用","不適用","-","708","5.75","N","N","N","","",
"居家生活","2941","米斯特","126806","249","509","499","2.00%","462","444","4.05%","2.35","不適用","不適用","-","不適用","不適用","-","不適用","不適用","-","不適用","不適用","-","708","5.75","N","N","N","","",
"居家生活","2947","振宇五金","356121","718","496","479","3.55%","445","431","3.25%","3.17","不適用","不適用","-","不適用","不適用","-","不適用","不適用","-","不適用","不適用","-","708","5.75","Y","N","N","我司屬零售業，基層人員比例高，招募對象多元(產學合作及招募僑生)，重視學習與配合度；因應展店及整體就業市場工作機會多，人員穩定性不足，新進人員與社會新鮮人居多，工作培訓及適應階段，影響整體平均薪資。","我司已進行薪酬調整，以營運績效及行業市場行情為依據，114年度營收與獲利穩定成長，針對第一線人員進行調薪，維持市場競爭力。我司每年定期檢視市場薪資水準與各項統計資料，持續研擬員工薪資福利調整及優化。",
"居家生活","2948","寶陞","20349","23","885","868","1.96%","849","849","0.00%","2.14","不適用","不適用","-","不適用","不適用","-","不適用","不適用","-","不適用","不適用","-","708","5.75","N","N","N","","",
"數位雲端","2949","欣新網","155834","191","816","789","3.42%","697","680","2.50%","3.63","不適用","不適用","-","不適用","不適用","-","不適用","不適用","-","不適用","不適用","-","872","3.20","N","N","N","","",
"文化創意業","3064","泰偉","40221","49","821","835","-1.68%","691","692","-0.14%","-3.51","不適用","不適用","-","不適用","不適用","-","不適用","不適用","-","不適用","不適用","-","1438","7.43","N","N","N","","",
"光電業","3066","李洲","16071","29","554","550","0.73%","492","494","-0.40%","-1.40","不適用","不適用","-","不適用","不適用","-","不適用","不適用","-","不適用","不適用","-","882","2.40","N","N","N","","",
"居家生活","3067","全域","5152","8","644","656","-1.83%","671","677","-0.89%","-0.84","不適用","不適用","-","不適用","不適用","-","不適用","不適用","-","不適用","不適用","-","708","5.75","N","N","Y","(1) 114年度部分非屬經理人之資深員工離職，而後續新進員工之平均薪資不若資深員工。
(2) 114年度受113年度公司虧損所致，無法分配員工酬勞；而113年度尚有分配112年度公司獲利所提撥之員工酬勞。","本公司將致力本業，穩健拓展新業務版塊，以改善公司獲利狀況及增益員工各項薪酬福利。",
"電腦及週邊設備業","3071","協禧","90630","132","687","685","0.29%","618","610","1.31%","0.57","不適用","不適用","-","不適用","不適用","-","不適用","不適用","-","不適用","不適用","-","924","3.90","N","N","N","","",
"綠能環保","3073","天方能源","17124","25","685","764","-10.34%","618","655","-5.65%","0.00","不適用","不適用","-","不適用","不適用","-","不適用","不適用","-","不適用","不適用","-","776","3.07","N","N","N","","",
"電子零組件業","3078","僑威","179101","146","1227","1161","5.68%","949","912","4.06%","6.07","不適用","不適用","-","不適用","不適用","-","不適用","不適用","-","不適用","不適用","-","797","2.47","N","N","N","","",
"通信網路業","3081","聯亞","341106","326","1046","870","20.23%","983","757","29.85%","4.66","不適用","不適用","-","不適用","不適用","-","不適用","不適用","-","不適用","不適用","-","882","2.29","N","N","N","","",
"文化創意業","3083","網龍","158264","196","807","792","1.89%","694","661","4.99%","0.43","不適用","不適用","-","不適用","不適用","-","不適用","不適用","-","不適用","不適用","-","1438","7.43","N","N","N","","",
"數位雲端","3085","新零售","13193","16","825","517","59.57%","623","556","12.05%","-0.56","不適用","不適用","-","不適用","不適用","-","不適用","不適用","-","不適用","不適用","-","872","3.20","N","N","N","","",
"文化創意業","3086","華義*","54568","90","606","622","-2.57%","546","537","1.68%","-0.62","不適用","不適用","-","不適用","不適用","-","不適用","不適用","-","不適用","不適用","-","1438","7.43","N","N","N","","",
"電腦及週邊設備業","3088","艾訊","699849","651","1075","1096","-1.92%","923","960","-3.85%","4.68","不適用","不適用","-","不適用","不適用","-","不適用","不適用","-","不適用","不適用","-","924","3.90","N","N","N","","",
"其他電子業","3093","港建*","138384","126","1098","1032","6.40%","1028","985","4.37%","1.22","不適用","不適用","-","不適用","不適用","-","不適用","不適用","-","不適用","不適用","-","975","4.62","N","N","N","","",
"通信網路業","3095","及成","86869","112","776","746","4.02%","683","646","5.73%","-2.00","不適用","不適用","-","不適用","不適用","-","不適用","不適用","-","不適用","不適用","-","882","2.29","N","N","N","","",
"半導體業","3105","穩懋","2992528","2762","1083","1013","6.91%","911","845","7.81%","4.00","不適用","不適用","-","不適用","不適用","-","不適用","不適用","-","不適用","不適用","-","1400","5.37","N","N","N","","",
"電子零組件業","3114","好德","50219","49","1025","962","6.55%","890","751","18.51%","2.22","不適用","不適用","-","不適用","不適用","-","不適用","不適用","-","不適用","不適用","-","797","2.47","N","N","N","","",
"電子零組件業","3115","富榮綱","4287","8","536","680","-21.18%","590","525","12.38%","-0.44","不適用","不適用","-","不適用","不適用","-","不適用","不適用","-","不適用","不適用","-","797","2.47","N","N","Y","本公司114年度受市場競爭及產業景氣影響，致營運虧損、EPS低於同業。為維持公司穩健經營並兼顧基層員工基本生活保障，非主管員工薪酬仍維持審慎控管，故低於同業水準。","本公司將積極拓展新客戶並優化產品結構，致力提升獲利能力。未來營運若轉虧為盈，將優先調整非主管員工之薪資與獎金制度，逐步縮小與同業差距，以落實員工利益與經營成果共享之薪酬政策。",
"生技醫療業","3118","進階","121190","117","1036","972","6.58%","832","812","2.46%","2.46","不適用","不適用","-","不適用","不適用","-","不適用","不適用","-","不適用","不適用","-","798","1.60","N","N","N","","",
"半導體業","3122","笙泉","68147","60","1136","1096","3.65%","1031","1004","2.69%","-1.75","不適用","不適用","-","不適用","不適用","-","不適用","不適用","-","不適用","不適用","-","1400","5.37","N","N","N","","",
"光電業","3128","昇銳","207229","316","656","656","0.00%","528","562","-6.05%","1.32","不適用","不適用","-","不適用","不適用","-","不適用","不適用","-","不適用","不適用","-","882","2.40","N","N","N","","",
"半導體業","3131","弘塑","444049","219","2028","1718","18.04%","1831","1559","17.45%","45.48","不適用","不適用","-","不適用","不適用","-","不適用","不適用","-","不適用","不適用","-","1400","5.37","N","N","N","","",
"半導體業","3141","晶宏","191211","143","1337","1268","5.44%","1219","1204","1.25%","0.54","不適用","不適用","-","不適用","不適用","-","不適用","不適用","-","不適用","不適用","-","1400","5.37","N","N","N","","",
"資訊服務業","3147","大綜","297709","268","1111","956","16.21%","734","666","10.21%","8.43","不適用","不適用","-","不適用","不適用","-","不適用","不適用","-","不適用","不適用","-","1016","3.17","N","N","N","","",
"通信網路業","3152","璟德","198093","264","750","814","-7.86%","585","646","-9.44%","9.42","不適用","不適用","-","不適用","不適用","-","不適用","不適用","-","不適用","不適用","-","882","2.29","N","Y","Y","員工酬勞以各年度稅前淨利扣除員工酬勞及董事酬勞前之金額乘上章程訂定之成數為基礎，2025年受營收下滑影響，產線調配致加班費大幅減少，雖因處分廠房等業外利益使EPS及淨利上升，惟其增幅不足以彌補加班費之減少。","公司本持以經營績效為基礎計算員工酬勞，員工酬勞與經營績效為高度連結，未來將持續精進本業營運效能，以穩定員工收入。",
"資訊服務業","3158","嘉實","266571","224","1190","0","0.00%","1154","0","0.00%","7.27","不適用","不適用","-","不適用","不適用","-","不適用","不適用","-","不適用","不適用","-","1016","3.17","N","N","N","","",
"電機機械","3162","精確","4998","5","1000","648","54.32%","962","639","50.55%","1.70","不適用","不適用","-","不適用","不適用","-","不適用","不適用","-","不適用","不適用","-","747","1.65","N","N","N","","",
"通信網路業","3163","波若威","112672","122","924","978","-5.52%","793","813","-2.46%","6.22","不適用","不適用","-","不適用","不適用","-","不適用","不適用","-","不適用","不適用","-","882","2.29","N","N","Y","依據本公司章程規定，年度如有獲利，應提撥5%~15%為員工酬勞，114年度雖員工薪資調整下降 6%，但仍優於同業，並符合公司章程之規定。","未來公司將持續精進本業獲利能力，以提升員工薪酬，創造雙贏。",
"半導體業","3169","亞信","97490","61","1598","1591","0.44%","1404","1399","0.36%","3.67","不適用","不適用","-","不適用","不適用","-","不適用","不適用","-","不適用","不適用","-","1400","5.37","N","N","N","","",
"居家生活","3171","炎洲流通","134852","149","905","883","2.49%","574","562","2.14%","4.30","不適用","不適用","-","不適用","不適用","-","不適用","不適用","-","不適用","不適用","-","708","5.75","N","N","N","","",
"生技醫療業","3176","基亞","25326","22","1151","1049","9.72%","1014","906","11.92%","-0.78","不適用","不適用","-","不適用","不適用","-","不適用","不適用","-","不適用","不適用","-","798","1.60","N","N","N","","",
"半導體業","3178","公準","403227","688","586","575","1.91%","520","514","1.17%","-0.46","不適用","不適用","-","不適用","不適用","-","不適用","不適用","-","不適用","不適用","-","1400","5.37","N","N","N","","",
"建材營造","3188","鑫龍騰","20307","15","1354","1063","27.38%","944","827","14.15%","4.05","不適用","不適用","-","不適用","不適用","-","不適用","不適用","-","不適用","不適用","-","1054","2.09","N","N","N","","",
"電子零組件業","3191","雲嘉南","3430","6","572","594","-3.70%","592","596","-0.67%","0.51","不適用","不適用","-","不適用","不適用","-","不適用","不適用","-","不適用","不適用","-","797","2.47","N","N","Y","公司目前仍處於累積虧損狀態，且去年度新進人員薪資水準普遍較低","1.已給績效較優之員工，自115年7月起加薪，加薪幅度平均約3.22%
2.未來若公司營運如有提升，員工薪資有望進一步增加",
"生技醫療業","3205","佰研","27458","27","1017","648","56.94%","878","528","66.29%","-0.92","不適用","不適用","-","不適用","不適用","-","不適用","不適用","-","不適用","不適用","-","798","1.60","N","N","N","","",
"電子零組件業","3206","志豐","48445","45","1077","1215","-11.36%","1079","1204","-10.38%","2.02","不適用","不適用","-","不適用","不適用","-","不適用","不適用","-","不適用","不適用","-","797","2.47","N","N","N","","",
"電子零組件業","3207","耀勝","36987","69","536","605","-11.41%","479","562","-14.77%","-0.82","不適用","不適用","-","不適用","不適用","-","不適用","不適用","-","不適用","不適用","-","797","2.47","N","N","N","","",
"電腦及週邊設備業","3211","順達","308389","232","1329","1292","2.86%","1236","1202","2.83%","9.05","不適用","不適用","-","不適用","不適用","-","不適用","不適用","-","不適用","不適用","-","924","3.90","N","N","N","","",
"電腦及週邊設備業","3213","茂訊","234026","271","864","853","1.29%","738","744","-0.81%","7.40","不適用","不適用","-","不適用","不適用","-","不適用","不適用","-","不適用","不適用","-","924","3.90","N","Y","N","本公司114年度非經理人全時員工平均薪資為864仟元，較113年成長1.29%。薪酬依營運績效、個人績效、職務及市場水準訂定；因以通路銷售及製造人員為主，平均薪資受人力結構影響，與經營成果及貢獻具合理關聯。","本公司持續推動年度調薪、績效獎酬及福利優化，未來將強化人才培育、職涯發展及獎酬機制，以提升員工薪酬與留任競爭力。",
"電子零組件業","3217","優群","148332","111","1336","1281","4.29%","1119","1040","7.60%","12.69","不適用","不適用","-","不適用","不適用","-","不適用","不適用","-","不適用","不適用","-","797","2.47","N","N","N","","",
"生技醫療業","3218","大學光","344002","281","1224","1173","4.35%","946","908","4.19%","12.31","不適用","不適用","-","不適用","不適用","-","不適用","不適用","-","不適用","不適用","-","798","1.60","N","N","N","","",
"其他電子業","3219","倚強科","140635","97","1450","1342","8.05%","1009","1129","-10.63%","1.52","不適用","不適用","-","不適用","不適用","-","不適用","不適用","-","不適用","不適用","-","975","4.62","N","N","N","","",
"通信網路業","3221","台嘉碩","242011","416","582","562","3.56%","522","507","2.96%","0.08","不適用","不適用","-","不適用","不適用","-","不適用","不適用","-","不適用","不適用","-","882","2.29","N","N","N","","",
"電子通路業","3224","三顧","63819","80","798","764","4.45%","702","684","2.63%","-1.53","不適用","不適用","-","不適用","不適用","-","不適用","不適用","-","不適用","不適用","-","842","0.99","N","N","N","","",
"電機機械","3226","龍鋒","90396","170","532","518","2.70%","435","433","0.46%","0.24","不適用","不適用","-","不適用","不適用","-","不適用","不適用","-","不適用","不適用","-","747","1.65","N","N","N","","",
"半導體業","3227","原相","1786599","587","3044","3029","0.50%","2931","2864","2.34%","12.38","不適用","不適用","-","不適用","不適用","-","不適用","不適用","-","不適用","不適用","-","1400","5.37","N","N","N","","",
"半導體業","3228","金麗科","127557","82","1556","1612","-3.47%","1199","1236","-2.99%","-2.03","不適用","不適用","-","不適用","不適用","-","不適用","不適用","-","不適用","不適用","-","1400","5.37","N","N","N","","",
"光電業","3230","錦明","37246","49","760","681","11.60%","592","494","19.84%","-1.60","不適用","不適用","-","不適用","不適用","-","不適用","不適用","-","不適用","不適用","-","882","2.40","N","N","N","","",
"電子通路業","3232","昱捷","32450","40","811","785","3.31%","690","663","4.07%","0.29","不適用","不適用","-","不適用","不適用","-","不適用","不適用","-","不適用","不適用","-","842","0.99","N","N","N","","",
"通信網路業","3234","光環","205737","251","820","746","9.92%","721","639","12.83%","-1.40","不適用","不適用","-","不適用","不適用","-","不適用","不適用","-","不適用","不適用","-","882","2.29","N","N","N","","",
"電子零組件業","3236","千如","112175","175","641","631","1.58%","503","514","-2.14%","0.32","不適用","不適用","-","不適用","不適用","-","不適用","不適用","-","不適用","不適用","-","797","2.47","N","N","N","","",
"觀光餐旅","3252","海灣","3737","7","534","449","18.93%","453","444","2.03%","0.13","不適用","不適用","-","不適用","不適用","-","不適用","不適用","-","不適用","不適用","-","640","0.88","N","N","N","","",
"半導體業","3259","鑫創","111588","96","1162","1162","0.00%","1098","1091","0.64%","-2.36","不適用","不適用","-","不適用","不適用","-","不適用","不適用","-","不適用","不適用","-","1400","5.37","N","N","N","","",
"半導體業","3260","威剛","1169812","601","1946","1880","3.51%","1459","1195","22.09%","23.18","不適用","不適用","-","不適用","不適用","-","不適用","不適用","-","不適用","不適用","-","1400","5.37","N","N","N","","",
"半導體業","3264","欣銓","1759161","1577","1116","984","13.41%","889","781","13.83%","5.99","不適用","不適用","-","不適用","不適用","-","不適用","不適用","-","不適用","不適用","-","1400","5.37","N","Y","N","半導體業含IC設計、晶圓製造及封裝測試，員工結構差異大，致平均薪資不盡具可比較性。本公司薪資平均數年增約13.4%，穩健增長並與獲利趨勢一致。","獲利與員工共享，持續依市場狀況及營運成果，調整薪資結構及員工福利措施，以提升整體薪酬競爭力，確保企業永續發展。",
"半導體業","3265","台星科","334125","336","994","892","11.44%","730","687","6.26%","5.48","不適用","不適用","-","不適用","不適用","-","不適用","不適用","-","不適用","不適用","-","1400","5.37","N","Y","N","半導體業包含IC設計、晶圓製造及封裝測試，企業類型與員工組織結構不同;台星科為測試公司，直接人力逾四成，因此造成平均薪資的差異性。","公司將持續落實獲利與員工共享，每年定期調薪，持續優化薪酬與福利制度。",
"半導體業","3268","海德威","22835","34","672","676","-0.59%","653","660","-1.06%","-1.33","不適用","不適用","-","不適用","不適用","-","不適用","不適用","-","不適用","不適用","-","1400","5.37","N","N","N","","",
"電腦及週邊設備業","3272","東碩","215080","308","698","721","-3.19%","650","631","3.01%","-7.65","不適用","不適用","-","不適用","不適用","-","不適用","不適用","-","不適用","不適用","-","924","3.90","N","N","N","","",
"電子零組件業","3276","宇環","7129","10","713","765","-6.80%","651","777","-16.22%","0.21","不適用","不適用","-","不適用","不適用","-","不適用","不適用","-","不適用","不適用","-","797","2.47","N","N","Y","公司依整體營運績效發放員工酬勞及獎金，114年係因部分員工任職時點，未領取員工酬勞及獎金，以致公司EPS較前一年度增加，惟非經理人之全時員工薪資平均數較前一年度減少。","本公司非經理人全時員工平均薪資變動，主要受員工任職時點差異影響。未來將持續依營運績效、員工貢獻檢視薪酬制度，並完善獎酬規劃，以維持薪酬競爭力及人才留任。",
"其他","3284","太普高","51609","77","670","663","1.06%","668","629","6.20%","2.31","不適用","不適用","-","不適用","不適用","-","不適用","不適用","-","不適用","不適用","-","712","1.85","N","Y","N","本公司114年EPS 2.31元，主係營業外收入-採用權益法認列之關聯企業及合資損益之份額增加所致。114年個體稅後淨利較去年成長3%，非擔任主管職務員工平均薪資較上年度增加1%，經營績效與員工薪酬呈正相關。","114年因營業外收入增加致使獲利增加，公司亦增加員工酬勞，公司秉持共創價值、利潤分享之理念，將持續提升員工薪資福利，並依各別員工表現予以調高薪資，以提振員工士氣。",
"其他電子業","3285","微端","31931","46","694","711","-2.39%","628","656","-4.27%","0.70","不適用","不適用","-","不適用","不適用","-","不適用","不適用","-","不適用","不適用","-","975","4.62","N","N","N","","",
"電腦及週邊設備業","3287","廣寰科","11618","16","726","747","-2.81%","612","648","-5.56%","1.50","不適用","不適用","-","不適用","不適用","-","不適用","不適用","-","不適用","不適用","-","924","3.90","N","N","N","","",
"電子零組件業","3288","點晶","14575","16","911","1055","-13.65%","597","502","18.92%","-0.64","不適用","不適用","-","不適用","不適用","-","不適用","不適用","-","不適用","不適用","-","797","2.47","N","N","N","","",
"其他電子業","3289","宜特","1363378","1222","1116","1084","2.95%","969","944","2.65%","4.81","不適用","不適用","-","不適用","不適用","-","不適用","不適用","-","不適用","不適用","-","975","4.62","N","N","N","","",
"電子零組件業","3290","東浦","60059","85","707","652","8.44%","575","552","4.17%","2.02","不適用","不適用","-","不適用","不適用","-","不適用","不適用","-","不適用","不適用","-","797","2.47","N","N","N","","",
"文化創意業","3293","鈊象","4465865","1152","3877","3561","8.87%","2593","2585","0.31%","38.51","不適用","不適用","-","不適用","不適用","-","不適用","不適用","-","不適用","不適用","-","1438","7.43","N","N","N","","",
"電子零組件業","3294","英濟","281552","293","961","796","20.73%","786","645","21.86%","-0.49","不適用","不適用","-","不適用","不適用","-","不適用","不適用","-","不適用","不適用","-","797","2.47","N","N","N","","",
"光電業","3297","杭特","89021","138","645","620","4.03%","536","523","2.49%","0.47","不適用","不適用","-","不適用","不適用","-","不適用","不適用","-","不適用","不適用","-","882","2.40","N","N","N","","",
"其他電子業","3303","岱稜","388990","450","864","845","2.25%","809","782","3.45%","4.57","不適用","不適用","-","不適用","不適用","-","不適用","不適用","-","不適用","不適用","-","975","4.62","N","N","N","","",
"通信網路業","3306","鼎天","161844","122","1327","1244","6.67%","1044","953","9.55%","1.95","不適用","不適用","-","不適用","不適用","-","不適用","不適用","-","不適用","不適用","-","882","2.29","N","N","N","","",
"電子零組件業","3310","佳穎","58638","83","706","668","5.69%","612","601","1.83%","3.39","不適用","不適用","-","不適用","不適用","-","不適用","不適用","-","不適用","不適用","-","797","2.47","N","Y","N","主要係114年銷貨收入來源有電子部門及營建部門,非屬單純電子零組件業,114年度認列營建收入之金額為1,051,713仟元,致使114年度之EPS高於同業。","透過提升電子部門營運效能,增加公司電子部門獲利,進而提升EPS,用以增加公司經營績效與員工薪酬。",
"建材營造","3313","斐成","1192","3","397","421","-5.70%","452","497","-9.05%","-0.35","不適用","不適用","-","不適用","不適用","-","不適用","不適用","-","不適用","不適用","-","1054","2.09","Y","N","N","非經理人之全時員工薪資平均數未達50萬元，主係114年下半年新增一位基層員工，以致薪資平均數未達50萬元。","本公司薪酬政策維持穩定，並持續透過年終獎金及其他激勵機制反映公司經營成果與員工貢獻。",
"半導體業","3317","尼克森","137201","123","1115","1189","-6.22%","952","982","-3.06%","1.66","          1,266","不適用","-","            883","不適用","-","          1,179","不適用","-","            940","不適用","-","1400","5.37","N","N","N","","",
"電子零組件業","3322","建舜電","58943","70","842","921","-8.58%","655","761","-13.93%","-0.96","不適用","不適用","-","不適用","不適用","-","不適用","不適用","-","不適用","不適用","-","797","2.47","N","N","N","","",
"電腦及週邊設備業","3323","加百裕","232705","283","822","801","2.62%","616","650","-5.23%","-1.92","不適用","不適用","-","不適用","不適用","-","不適用","不適用","-","不適用","不適用","-","924","3.90","N","N","N","","",
"其他電子業","3324","雙鴻","365588","255","1434","1350","6.22%","1266","1128","12.23%","28.26","不適用","不適用","-","不適用","不適用","-","不適用","不適用","-","不適用","不適用","-","975","4.62","N","N","N","","",
"電腦及週邊設備業","3325","旭品","16887","28","603","551","9.44%","537","496","8.27%","-1.64","不適用","不適用","-","不適用","不適用","-","不適用","不適用","-","不適用","不適用","-","924","3.90","N","N","N","","",
"電子零組件業","3332","幸康","236784","277","855","722","18.42%","722","642","12.46%","3.53","不適用","不適用","-","不適用","不適用","-","不適用","不適用","-","不適用","不適用","-","797","2.47","N","N","N","","",
"光電業","3339","泰谷","88527","149","594","597","-0.50%","501","508","-1.38%","-2.00","            705","不適用","-","            490","不適用","-","            589","不適用","-","            421","不適用","-","882","2.40","N","N","N","","",
"電腦及週邊設備業","3349","寶德","26380","32","824","830","-0.72%","818","829","-1.33%","-1.02","不適用","不適用","-","不適用","不適用","-","不適用","不適用","-","不適用","不適用","-","924","3.90","N","N","Y","公司EPS雖較前一年度成長(-1.02 VS -1.05)，非擔任主管職務之全時員工平均薪資由830仟元降至824仟元，因持續虧損，年終獎金及績效獎金發放保守，加上資深員工持續離職，人數由39人降至32人，致平均薪資下降。","本公司將持續優化營運，努力轉虧為正，以提升現職員工待遇。",
"電子零組件業","3354","律勝","38947","57","683","643","6.22%","569","550","3.45%","-0.84","不適用","不適用","-","不適用","不適用","-","不適用","不適用","-","不適用","不適用","-","797","2.47","N","N","N","","",
"電子零組件業","3357","臺慶科","400642","448","894","793","12.74%","735","683","7.61%","10.26","不適用","不適用","-","不適用","不適用","-","不適用","不適用","-","不適用","不適用","-","797","2.47","N","N","N","","",
"電子通路業","3360","尚立","48232","58","832","825","0.85%","773","771","0.26%","-0.48","不適用","不適用","-","不適用","不適用","-","不適用","不適用","-","不適用","不適用","-","842","0.99","N","N","N","","",
"光電業","3362","先進光","461551","765","603","587","2.73%","539","537","0.37%","-1.08","不適用","不適用","-","不適用","不適用","-","不適用","不適用","-","不適用","不適用","-","882","2.40","N","N","N","","",
"通信網路業","3363","上詮","159844","203","787","791","-0.51%","646","654","-1.22%","0.16","不適用","不適用","-","不適用","不適用","-","不適用","不適用","-","不適用","不適用","-","882","2.29","N","N","Y","本公司114年度因公司營運需求大量晉用新進人員(含應屆畢業社會新鮮人)，導致非經理人之全時員工薪資平均數略低於前一年。","本公司將持續優化員工薪酬，將營運績效反映於員工薪酬。",
"半導體業","3372","典範","260322","382","681","641","6.24%","615","581","5.85%","-1.22","不適用","不適用","-","不適用","不適用","-","不適用","不適用","-","不適用","不適用","-","1400","5.37","N","N","N","","",
"其他電子業","3373","熱映","41333","52","795","623","27.61%","701","570","22.98%","-1.27","不適用","不適用","-","不適用","不適用","-","不適用","不適用","-","不適用","不適用","-","975","4.62","N","N","N","","",
"半導體業","3374","精材","1532411","1424","1076","1080","-0.37%","840","809","3.83%","4.99","不適用","不適用","-","不適用","不適用","-","不適用","不適用","-","不適用","不適用","-","1400","5.37","N","N","N","","",
"電機機械","3379","彬台","57987","60","966","805","20.00%","848","725","16.97%","2.12","不適用","不適用","-","不適用","不適用","-","不適用","不適用","-","不適用","不適用","-","747","1.65","N","N","N","","",
"電子零組件業","3388","崇越電","129418","89","1454","1361","6.83%","1402","1326","5.73%","4.15","不適用","不適用","-","不適用","不適用","-","不適用","不適用","-","不適用","不適用","-","797","2.47","N","N","N","","",
"電子零組件業","3390","旭軟","167473","294","570","577","-1.21%","519","512","1.37%","-0.55","不適用","不適用","-","不適用","不適用","-","不適用","不適用","-","不適用","不適用","-","797","2.47","N","N","N","","",
"其他電子業","3402","漢科","383166","437","877","871","0.69%","739","721","2.50%","7.50","不適用","不適用","-","不適用","不適用","-","不適用","不適用","-","不適用","不適用","-","975","4.62","N","Y","N","公司營運穩定成長，本年度非擔任主管職全時員工平均薪資較上年度成長，人力持續擴增中，惟增補員工年資較短，致薪資低於同業水準。","本公司已於115年5月全面調薪，後續亦將持續優化薪酬福利制度。",
"化學工業","3430","奇鈦科","97393","123","792","789","0.38%","744","700","6.29%","3.15","不適用","不適用","-","不適用","不適用","-","不適用","不適用","-","不適用","不適用","-","763","1.20","N","N","N","","",
"光電業","3434","哲固","75995","105","724","761","-4.86%","621","623","-0.32%","0.47","不適用","不適用","-","不適用","不適用","-","不適用","不適用","-","不適用","不適用","-","882","2.40","N","N","N","","",
"半導體業","3438","類比科","208524","116","1798","1713","4.96%","1646","1547","6.40%","1.00","不適用","不適用","-","不適用","不適用","-","不適用","不適用","-","不適用","不適用","-","1400","5.37","N","N","N","","",
"光電業","3441","聯一光電","9604","16","600","587","2.21%","585","583","0.34%","1.06","不適用","不適用","-","不適用","不適用","-","不適用","不適用","-","不適用","不適用","-","882","2.40","N","N","N","","",
"電子通路業","3444","利機","71853","61","1178","1162","1.38%","1063","870","22.18%","2.15","不適用","不適用","-","不適用","不適用","-","不適用","不適用","-","不適用","不適用","-","842","0.99","N","N","N","","",
"光電業","3455","由田","348038","261","1333","1104","20.74%","1151","976","17.93%","2.67","不適用","不適用","-","不適用","不適用","-","不適用","不適用","-","不適用","不適用","-","882","2.40","N","N","N","","",
"其他電子業","3465","進泰電子","15311","18","851","768","10.81%","588","539","9.09%","0.04","不適用","不適用","-","不適用","不適用","-","不適用","不適用","-","不適用","不適用","-","975","4.62","N","N","N","","",
"通信網路業","3466","德晉","28282","29","975","732","33.20%","847","700","21.00%","-1.11","不適用","不適用","-","不適用","不適用","-","不適用","不適用","-","不適用","不適用","-","882","2.29","N","N","N","","",
"半導體業","3467","台灣精材","110129","182","605","626","-3.35%","560","579","-3.28%","0.58","不適用","不適用","-","不適用","不適用","-","不適用","不適用","-","不適用","不適用","-","1400","5.37","N","N","N","","",
"電腦及週邊設備業","3479","安勤","372096","324","1148","1110","3.42%","1006","979","2.76%","6.45","不適用","不適用","-","不適用","不適用","-","不適用","不適用","-","不適用","不適用","-","924","3.90","N","N","N","","",
"電腦及週邊設備業","3483","力致","219894","213","1032","1031","0.10%","844","885","-4.63%","3.74","不適用","不適用","-","不適用","不適用","-","不適用","不適用","-","不適用","不適用","-","924","3.90","N","N","N","","",
"電子零組件業","3484","崧騰","207178","212","977","1046","-6.60%","878","929","-5.49%","4.27","不適用","不適用","-","不適用","不適用","-","不適用","不適用","-","不適用","不適用","-","797","2.47","N","N","Y","本公司員工薪酬與經營績效具高度關聯與合理性。依本公司之公司章程第22條規定，年度獲利於彌補虧損後，須提撥3%至10%為員工酬勞，並明訂至少5%優先分配予基層員工。","本公司114年獲利成長，非主管員工薪資總額增加4.81% ；平均數下滑主要係因人數擴編12.17%，招募較多剛畢業新鮮人與基層技術員，因在職月份短、未領完整全年獎金而拉低統計值。",
"建材營造","3489","森寶","20987","20","1049","1009","3.96%","934","913","2.30%","-0.09","不適用","不適用","-","不適用","不適用","-","不適用","不適用","-","不適用","不適用","-","1054","2.09","N","N","N","","",
"光電業","3490","單井","68801","88","782","810","-3.46%","727","740","-1.76%","0.05","不適用","不適用","-","不適用","不適用","-","不適用","不適用","-","不適用","不適用","-","882","2.40","N","N","N","","",
"通信網路業","3491","昇達科","278710","327","852","890","-4.27%","727","720","0.97%","7.83","不適用","不適用","-","不適用","不適用","-","不適用","不適用","-","不適用","不適用","-","882","2.29","N","Y","N","本公司屬少量多樣產業特性，逾46%為工廠產線員工，其中21%為外籍移工，因而相對拉低員工平均薪資；且本公司配發員工認股權與限制型股票未列入統計，因此本公司非主管職員工整體薪資福利實質上並未低於同業平均水準。","本公司除定期檢視同業薪資水準，並運用合適的獎酬工具(包含非現金之獎酬方案)，提供優於同業之整體薪資待遇，維持育才與留才的長期目標。",
"電子零組件業","3492","長盛","41853","42","997","935","6.63%","985","900","9.44%","1.77","不適用","不適用","-","不適用","不適用","-","不適用","不適用","-","不適用","不適用","-","797","2.47","N","N","N","","",
"其他電子業","3498","陽程","246352","282","874","803","8.84%","752","708","6.21%","0.48","不適用","不適用","-","不適用","不適用","-","不適用","不適用","-","不適用","不適用","-","975","4.62","N","N","N","","",
"通信網路業","3499","環天科","68991","121","570","563","1.24%","494","470","5.11%","-1.30","不適用","不適用","-","不適用","不適用","-","不適用","不適用","-","不適用","不適用","-","882","2.29","N","N","N","","",
"其他電子業","3508","位速","49909","66","756","775","-2.45%","614","640","-4.06%","-1.51","不適用","不適用","-","不適用","不適用","-","不適用","不適用","-","不適用","不適用","-","975","4.62","N","N","Y","114年度因招募基層新進同仁拉低整體的薪資平均數。導致公司EPS較前一年度成長(損失減少)，惟非經理人全時員工薪資平均數衰退。","1.本公司已於章程明訂年度盈餘提撥一定比率，作為基層員工分派酬勞之用，確保員工能直接分享EPS成長的果實。
2.本公司依據年度營運績效及個人考績，實施結構性調薪，確保績效優良員工的薪資具備市場競爭力。",
"電子零組件業","3511","矽瑪","49692","52","956","1001","-4.50%","824","859","-4.07%","-1.18","不適用","不適用","-","不適用","不適用","-","不適用","不適用","-","不適用","不適用","-","797","2.47","N","N","Y","本公司114年度因約15%資深員工離退並補進新人，薪資平均數下降主要係人員結構變動，非整體調降薪資。雖EPS較前一年改善惟仍處虧損，依法未能提列員工分紅。公司薪酬參考科技業P50並依職能核薪，具市場競爭力與合理性","公司雖仍處虧損仍維持每年平均3%調薪，照顧基層同仁並穩定實質薪資。未來將持續優化績效考核依達成結果差異化分配調薪資源獎勵優秀人才；待營運轉盈後依法提列員工酬勞與分紅，強化留才及獲利共享機制",
"建材營造","3512","皇龍","26469","28","945","806","17.25%","895","790","13.29%","2.44","不適用","不適用","-","不適用","不適用","-","不適用","不適用","-","不適用","不適用","-","1054","2.09","N","Y","N","114年度因建案完工交屋入帳，EPS較前一年度成長，非經理人全時員工薪資亦較113年度成長。","本公司員工薪酬政策係依據市場薪資水準、職務內容、專業能力及營運績效綜合評估訂定，並視公司營運成果適時調整薪酬及獎勵措施，以兼顧公司永續經營與員工共享經營成果。",
"光電業","3516","亞帝歐","36451","65","561","525","6.86%","509","445","14.38%","0.27","不適用","不適用","-","不適用","不適用","-","不適用","不適用","-","不適用","不適用","-","882","2.40","N","N","N","","",
"電子零組件業","3520","華盈","19171","24","799","756","5.69%","724","667","8.55%","-0.10","不適用","不適用","-","不適用","不適用","-","不適用","不適用","-","不適用","不適用","-","797","2.47","N","N","N","","",
"建材營造","3521","台鋼建設","16644","21","793","671","18.18%","604","595","1.51%","-0.07","            824","不適用","-","            714","不適用","-","            649","不適用","-","            604","不適用","-","1054","2.09","N","N","N","","",
"觀光餐旅","3522","御嵿","13723","16","858","793","8.20%","879","717","22.59%","-2.66","不適用","不適用","-","不適用","不適用","-","不適用","不適用","-","不適用","不適用","-","640","0.88","N","N","N","","",
"光電業","3523","迎輝","34853","60","581","605","-3.97%","538","545","-1.28%","-1.45","不適用","不適用","-","不適用","不適用","-","不適用","不適用","-","不適用","不適用","-","882","2.40","N","N","Y","本公司員工薪資係依公司經營績效、財務狀況及市場薪資水準訂定。114年度EPS由-2.22元改善至-1.45元；惟受未發放績效獎金、人員異動及請假扣款等因素影響，致平均薪資較低，與公司經營績效及營運狀況具合理關聯性。","未來將持續提升營運績效及獲利能力，並定期檢討薪資及福利制度，適時依經營狀況進行調整，同時強化人才培育與留任措施，以提升員工薪酬水準及整體競爭力。",
"電子零組件業","3526","凡甲","136030","70","1943","1865","4.18%","1755","1638","7.14%","16.97","不適用","不適用","-","不適用","不適用","-","不適用","不適用","-","不適用","不適用","-","797","2.47","N","N","N","","",
"半導體業","3527","聚積","287304","188","1528","1459","4.73%","1332","1259","5.80%","-1.84","不適用","不適用","-","不適用","不適用","-","不適用","不適用","-","不適用","不適用","-","1400","5.37","N","N","N","","",
"半導體業","3529","力旺","939266","296","3173","3133","1.28%","2689","2718","-1.07%","25.60","不適用","不適用","-","不適用","不適用","-","不適用","不適用","-","不適用","不適用","-","1400","5.37","N","N","N","","",
"光電業","3531","先益","64482","99","651","680","-4.26%","571","564","1.24%","0.30","不適用","不適用","-","不適用","不適用","-","不適用","不適用","-","不適用","不適用","-","882","2.40","N","N","N","","",
"電子零組件業","3537","堡達","50749","48","1057","1076","-1.77%","991","979","1.23%","2.51","不適用","不適用","-","不適用","不適用","-","不適用","不適用","-","不適用","不適用","-","797","2.47","N","N","N","","",
"電腦及週邊設備業","3540","曜越","161901","186","870","750","16.00%","744","635","17.17%","0.74","不適用","不適用","-","不適用","不適用","-","不適用","不適用","-","不適用","不適用","-","924","3.90","N","N","N","","",
"其他電子業","3541","西柏","259948","320","812","732","10.93%","663","613","8.16%","-0.83","不適用","不適用","-","不適用","不適用","-","不適用","不適用","-","不適用","不適用","-","975","4.62","N","N","N","","",
"文化創意業","3546","宇峻","464410","481","966","912","5.92%","846","798","6.02%","1.97","不適用","不適用","-","不適用","不適用","-","不適用","不適用","-","不適用","不適用","-","1438","7.43","N","N","N","","",
"電子零組件業","3548","兆利","374581","620","604","692","-12.72%","511","553","-7.59%","2.23","不適用","不適用","-","不適用","不適用","-","不適用","不適用","-","不適用","不適用","-","797","2.47","N","N","N","","",
"綠能環保","3551","世禾","650338","774","840","788","6.60%","722","670","7.76%","8.36","不適用","不適用","-","不適用","不適用","-","不適用","不適用","-","不適用","不適用","-","776","3.07","N","N","N","","",
"其他電子業","3552","同致","230592","262","880","851","3.41%","727","723","0.55%","0.67","不適用","不適用","-","不適用","不適用","-","不適用","不適用","-","不適用","不適用","-","975","4.62","N","N","N","","",
"半導體業","3555","博士旺","10341","9","1149","1174","-2.13%","1020","1173","-13.04%","1.28","不適用","不適用","-","不適用","不適用","-","不適用","不適用","-","不適用","不適用","-","1400","5.37","N","N","Y","114年非擔任主管職務之全時員工人數增加(6→9人)。惟114年度新進多為年資較淺同仁，起薪較低且皆於年中陸續到職未領滿全年薪資，並適逢高薪資同仁離職交替過渡期，使 114 年整體平均員工薪資較前期微幅減少。","不適用。
114年為配合公司組織發展，聘用年資淺基層員工。",
"半導體業","3556","禾瑞亞","197946","152","1302","1261","3.25%","1106","1026","7.80%","2.15","不適用","不適用","-","不適用","不適用","-","不適用","不適用","-","不適用","不適用","-","1400","5.37","N","N","N","","",
"通信網路業","3558","神準","1543015","1723","896","708","26.55%","724","564","28.37%","5.20","不適用","不適用","-","不適用","不適用","-","不適用","不適用","-","不適用","不適用","-","882","2.29","N","Y","N","本公司薪酬政策以經營績效為基礎，並綜合考量市場薪資、職務、績效及留才需求，惟生產基地主要於台灣，直接人員占比高，薪資平均數受人力結構影響；近年薪酬成長幅度已高於EPS成長幅度，薪酬與經營成果具正向連結。","本公司除持續辦理年度調薪外，也參考市場薪酬水準、營運成果及人才留任需求，檢視薪酬結構、績效獎金及職涯發展機制，並積極拓展市場、提升營運規模，以強化員工薪酬與經營成果之連結。",
"通信網路業","3564","其陽","191914","209","918","892","2.91%","794","742","7.01%","0.65","          1,042","不適用","-","            738","不適用","-","            904","不適用","-","            635","不適用","-","882","2.29","N","N","N","","",
"半導體業","3567","逸昌","77188","127","608","609","-0.16%","540","521","3.65%","1.06","不適用","不適用","-","不適用","不適用","-","不適用","不適用","-","不適用","不適用","-","1400","5.37","N","N","N","","",
"資訊服務業","3570","大塚","186457","169","1103","1074","2.70%","877","878","-0.11%","13.95","不適用","不適用","-","不適用","不適用","-","不適用","不適用","-","不適用","不適用","-","1016","3.17","N","N","N","","",
"電腦及週邊設備業","3577","泓格","299543","351","853","795","7.30%","713","655","8.86%","2.37","不適用","不適用","-","不適用","不適用","-","不適用","不適用","-","不適用","不適用","-","924","3.90","N","N","N","","",
"其他電子業","3580","友威科","79724","102","782","806","-2.98%","662","675","-1.93%","1.94","不適用","不適用","-","不適用","不適用","-","不適用","不適用","-","不適用","不適用","-","975","4.62","N","N","N","","",
"半導體業","3581","博磊","95751","102","939","917","2.40%","847","791","7.08%","0.81","不適用","不適用","-","不適用","不適用","-","不適用","不適用","-","不適用","不適用","-","1400","5.37","N","N","N","","",
"其他電子業","3587","閎康","951498","822","1158","1143","1.31%","1069","1054","1.42%","6.10","不適用","不適用","-","不適用","不適用","-","不適用","不適用","-","不適用","不適用","-","975","4.62","N","N","N","","",
"電腦及週邊設備業","3594","磐儀","144291","177","815","793","2.77%","688","681","1.03%","0.49","不適用","不適用","-","不適用","不適用","-","不適用","不適用","-","不適用","不適用","-","924","3.90","N","N","N","","",
"電子零組件業","3597","映興","72808","130","560","531","5.46%","492","492","0.00%","0.34","不適用","不適用","-","不適用","不適用","-","不適用","不適用","-","不適用","不適用","-","797","2.47","N","N","N","","",
"電子零組件業","3609","三一東林","23936","31","772","706","9.35%","688","640","7.50%","6.42","不適用","不適用","-","不適用","不適用","-","不適用","不適用","-","不適用","不適用","-","797","2.47","N","Y","N","本公司114年度EPS優於前期，主要係當期處份土地及廠房產生高額業外利益所致，實際營運本業上仍屬虧損。
平均薪資雖不及同業水準，但較前一年度成長約9%。","將持續增加經營績效，以便提高員工獎酬及士氣。",
"電腦及週邊設備業","3611","鼎翰","309884","327","948","824","15.05%","753","648","16.20%","19.63","不適用","不適用","-","不適用","不適用","-","不適用","不適用","-","不適用","不適用","-","924","3.90","N","N","N","","",
"光電業","3615","安可","61144","63","971","872","11.35%","687","609","12.81%","0.82","不適用","不適用","-","不適用","不適用","-","不適用","不適用","-","不適用","不適用","-","882","2.40","N","N","N","","",
"光電業","3623","富晶通","59195","93","637","632","0.79%","568","540","5.19%","-0.16","不適用","不適用","-","不適用","不適用","-","不適用","不適用","-","不適用","不適用","-","882","2.40","N","N","N","","",
"電子零組件業","3624","光頡","528095","752","702","685","2.48%","618","584","5.82%","1.86","不適用","不適用","-","不適用","不適用","-","不適用","不適用","-","不適用","不適用","-","797","2.47","N","N","N","","",
"電腦及週邊設備業","3625","西勝","93777","114","823","836","-1.56%","742","704","5.40%","-0.60","不適用","不適用","-","不適用","不適用","-","不適用","不適用","-","不適用","不適用","-","924","3.90","N","N","Y","114年度平均薪資下降，主要係因公司組織擴編及基層人力增加所致，並非既有員工薪資大幅減少。","未來公司將持續透過營運改善、人才培育、績效獎勵及薪資制度優化等措施，逐步提升員工整體薪酬與福利水準。",
"其他電子業","3628","盈正","284675","324","879","817","7.59%","789","724","8.98%","4.02","不適用","不適用","-","不適用","不適用","-","不適用","不適用","-","不適用","不適用","-","975","4.62","N","N","N","","",
"文化創意業","3629","地心引力","4937","8","617","641","-3.74%","571","550","3.82%","-0.65","不適用","不適用","-","不適用","不適用","-","不適用","不適用","-","不適用","不適用","-","1438","7.43","N","N","Y","114年下半年，本公司組織及人力結構有所調整，致非主管員工平均薪資由641千元降至617千元；惟非主管員工薪資中位數由550千元提升至571千元，顯示多數員工薪資水準仍呈成長趨勢。","本公司將持續依營運成果檢討薪酬制度，透過調薪、績效獎金及員工酬勞等機制，逐步提升員工薪酬並與公司經營成果共享。",
"光電業","3630","新鉅科","125166","138","907","822","10.34%","800","721","10.96%","1.86","不適用","不適用","-","不適用","不適用","-","不適用","不適用","-","不適用","不適用","-","882","2.40","N","N","N","","",
"電子零組件業","3631","晟楠","873","2","437","607","-28.01%","498","538","-7.43%","-0.70","不適用","不適用","-","不適用","不適用","-","不適用","不適用","-","不適用","不適用","-","797","2.47","Y","N","N","本公司&#63886;&#64001;如有獲&#63965;，應提撥（一）員工酬勞百分之六；（二）董事酬勞不高於百分之五；但公司尚有累積虧損時，應預先保留彌補數額。","114年度非經理人之全時員工(年度)薪資平均數未達50萬元主要原因為人員離職, 空窗期期間未支付薪資所造成。

擬透過就業服務站聘僱待業員工，縮短因員工離職造成空窗期。",
"通信網路業","3632","研勤","28825","33","873","919","-5.01%","718","721","-0.42%","-0.38","不適用","不適用","-","不適用","不適用","-","不適用","不適用","-","不適用","不適用","-","882","2.29","N","N","N","","",
"電子零組件業","3646","艾恩特","5100","8","638","918","-30.50%","704","1026","-31.38%","0.56","不適用","不適用","-","不適用","不適用","-","不適用","不適用","-","不適用","不適用","-","797","2.47","N","N","N","","",
"其他電子業","3663","鑫科","142452","194","734","726","1.10%","715","709","0.85%","-0.08","不適用","不適用","-","不適用","不適用","-","不適用","不適用","-","不適用","不適用","-","975","4.62","N","N","N","","",
"光電業","3666","光耀","88660","143","620","583","6.35%","559","531","5.27%","-3.45","不適用","不適用","-","不適用","不適用","-","不適用","不適用","-","不適用","不適用","-","882","2.40","N","N","N","","",
"通信網路業","3672","康聯訊","68680","82","838","858","-2.33%","715","714","0.14%","-2.25","不適用","不適用","-","不適用","不適用","-","不適用","不適用","-","不適用","不適用","-","882","2.29","N","N","N","","",
"半導體業","3675","德微","164474","224","734","710","3.38%","598","613","-2.45%","2.67","不適用","不適用","-","不適用","不適用","-","不適用","不適用","-","不適用","不適用","-","1400","5.37","N","N","N","","",
"半導體業","3680","家登","667668","620","1077","1040","3.56%","831","877","-5.25%","9.43","不適用","不適用","-","不適用","不適用","-","不適用","不適用","-","不適用","不適用","-","1400","5.37","N","Y","N","本公司人力結構以製造及技術人力為主，與部分半導體同業之人才組成有所差異；另公司採多元獎酬機制，公開申報數據主要反映現金薪酬，未能完整呈現整體報酬及績效連結情形。","本年度已執行5%以上之調薪預算，持續提升固定薪資及整體獎酬競爭力；另延續成家買房計畫後，今年再推動結婚禮金最高50萬元及0至6歲育兒津貼等措施，強化員工照顧與人才留任。",
"通信網路業","3684","榮昌","68468","87","787","682","15.40%","590","553","6.69%","3.50","不適用","不適用","-","不適用","不適用","-","不適用","不適用","-","不適用","不適用","-","882","2.29","N","Y","N","因本公司秉持根留台灣並持續投資高階產品產線，故製造部人員佔比達35%，且異動頻繁平均薪資水準偏低，因而使公司非經理人之薪資水準平均數低於同業水準。","本公司平均薪資水準114年較113年成長達15.40%，公司將秉持獲利與員工及股東共享，
在有獲利水準下持續改善員工待遇及福利。",
"電機機械","3685","元創精密","5335","7","762","712","7.02%","817","713","14.59%","-1.02","不適用","不適用","-","不適用","不適用","-","不適用","不適用","-","不適用","不適用","-","747","1.65","N","N","N","","",
"數位雲端","3687","歐買尬","27610","34","812","803","1.12%","789","757","4.23%","4.67","不適用","不適用","-","不適用","不適用","-","不適用","不適用","-","不適用","不適用","-","872","3.20","N","Y","N","本公司個體為營業淨損，主要獲利來至於業外投資收入，然本年度平均薪資及薪資中位數分別上升1.12%及4.23%，尚屬合理。","本公司依營運績效、貢獻度評估薪資報酬,為強化管理效能並留任人才，將持續檢討與優化整體薪酬制度。公司章程已明訂基層員工酬勞比率,將持續重視員工福利。",
"電子零組件業","3689","湧德","122167","97","1259","1160","8.53%","1126","1081","4.16%","7.55","不適用","不適用","-","不適用","不適用","-","不適用","不適用","-","不適用","不適用","-","797","2.47","N","N","N","","",
"光電業","3691","碩禾","186574","228","818","811","0.86%","692","689","0.44%","-7.62","不適用","不適用","-","不適用","不適用","-","不適用","不適用","-","不適用","不適用","-","882","2.40","N","N","N","","",
"電腦及週邊設備業","3693","營邦","687946","611","1126","1384","-18.64%","965","1172","-17.66%","15.50","不適用","不適用","-","不適用","不適用","-","不適用","不適用","-","不適用","不適用","-","924","3.90","N","N","N","","",
"半導體業","3707","漢磊","779110","776","1004","947","6.02%","872","839","3.93%","-1.97","不適用","不適用","-","不適用","不適用","-","不適用","不適用","-","不適用","不適用","-","1400","5.37","N","N","N","","",
"電腦及週邊設備業","3709","鑫聯大投控","226019","270","837","794","5.42%","695","657","5.78%","7.11","不適用","不適用","-","不適用","不適用","-","不適用","不適用","-","不適用","不適用","-","924","3.90","N","Y","N","本公司民國114年度EPS7.11元較113年度增加，主因CPU與存儲類產品銷量價齊揚、商用專案及佣金成長，帶動營收與毛利倍增，獲利增幅遠超成本。114年度非主管職全時員工之薪資總額、平均數及中位數亦較前一年度成長。","除依本公司章程第三十二條規定，於年度獲利時經董事會決議提撥百分之零點零一以上、百分之五以下為員工酬勞(並提撥不低於20%分派予基層員工)外，亦定期考核績效，調整薪酬升遷以回饋優秀員工，共享營運成果。",
"電子零組件業","3710","連展投控","83599","96","871","849","2.59%","784","773","1.42%","-1.48","不適用","不適用","-","不適用","不適用","-","不適用","不適用","-","不適用","不適用","-","797","2.47","N","N","N","","",
"綠能環保","3713","新晶投控","26640","49","544","505","7.72%","515","434","18.66%","-1.13","不適用","不適用","-","不適用","不適用","-","不適用","不適用","-","不適用","不適用","-","776","3.07","N","N","N","","",
"生技醫療業","4102","永日","77232","128","603","725","-16.83%","541","656","-17.53%","-0.34","不適用","不適用","-","不適用","不適用","-","不適用","不適用","-","不適用","不適用","-","798","1.60","N","N","N","","",
"生技醫療業","4105","東洋","686540","510","1346","1273","5.73%","1102","1073","2.70%","6.27","不適用","不適用","-","不適用","不適用","-","不適用","不適用","-","不適用","不適用","-","798","1.60","N","N","N","","",
"生技醫療業","4107","邦特","258412","406","636","626","1.60%","560","541","3.51%","7.78","不適用","不適用","-","不適用","不適用","-","不適用","不適用","-","不適用","不適用","-","798","1.60","N","Y","N","因生醫產業各公司營運模式及人才結構差異大，產業平均值參考性有限。114年度非主管全時員工薪資總額年增6%，平均薪資及中位數分別提升2%及3%，公司並採穩健調薪策略。","公司將依市場趨勢及經營成果適時調整全時員工薪資，調幅維持約3%～6%，並參考同業薪酬水準逐步縮小與產業平均差距。同時提撥公司獲利5%以上作為員工酬勞及基層員工薪資調整，落實利潤共享機制。",
"生技醫療業","4109","加捷生醫","29058","56","519","518","0.19%","483","484","-0.21%","0.43","不適用","不適用","-","不適用","不適用","-","不適用","不適用","-","不適用","不適用","-","798","1.60","N","N","N","","",
"生技醫療業","4111","濟生","173124","266","651","616","5.68%","619","586","5.63%","2.75","不適用","不適用","-","不適用","不適用","-","不適用","不適用","-","不適用","不適用","-","798","1.60","N","Y","N","因大型輸液健保給付價格調漲及新增外銷代工客戶，致營業收入與本期淨利顯著成長，EPS表現優於同業。","為配合整體獲利提升，並激勵員工士氣與留才策略，已於115年4月全面調薪，調幅為3.5%至7%，平均調幅5.5%。",
"建材營造","4113","聯上","16316","24","680","969","-29.82%","682","901","-24.31%","-0.43","不適用","不適用","-","不適用","不適用","-","不適用","不適用","-","不適用","不適用","-","1054","2.09","N","N","N","","",
"生技醫療業","4114","健喬","622002","483","1288","1187","8.51%","1021","939","8.73%","1.66","不適用","不適用","-","不適用","不適用","-","不適用","不適用","-","不適用","不適用","-","798","1.60","N","N","N","","",
"生技醫療業","4116","明基醫","97585","108","904","910","-0.66%","817","838","-2.51%","1.75","不適用","不適用","-","不適用","不適用","-","不適用","不適用","-","不適用","不適用","-","798","1.60","N","N","N","","",
"生技醫療業","4120","友華","269424","230","1171","1096","6.84%","1001","932","7.40%","-6.54","不適用","不適用","-","不適用","不適用","-","不適用","不適用","-","不適用","不適用","-","798","1.60","N","N","N","","",
"生技醫療業","4121","優盛","54732","80","684","707","-3.25%","640","651","-1.69%","-0.36","            794","不適用","-","            586","不適用","-","            792","不適用","-","            591","不適用","-","798","1.60","N","N","N","","",
"生技醫療業","4123","晟德","199035","197","1010","998","1.20%","848","833","1.80%","12.33","不適用","不適用","-","不適用","不適用","-","不適用","不適用","-","不適用","不適用","-","798","1.60","N","N","N","","",
"生技醫療業","4126","太醫","489604","767","638","603","5.80%","577","532","8.46%","5.27","不適用","不適用","-","不適用","不適用","-","不適用","不適用","-","不適用","不適用","-","798","1.60","N","Y","N","本公司近年營收穩健良好，長期開發供應多樣化醫材產品，基層人力需求較高，114年約占全體員工人數57.5%；全時員工平均薪資與前一年成長5.8%。","公司自113年動員工持股信託，持續優化薪酬福利措施，將經營成果及獲利與員工分享。",
"生技醫療業","4127","天良","33806","55","615","546","12.64%","511","499","2.40%","-0.22","不適用","不適用","-","不適用","不適用","-","不適用","不適用","-","不適用","不適用","-","798","1.60","N","N","N","","",
"生技醫療業","4128","中天","117315","122","962","982","-2.04%","757","793","-4.54%","-1.29","不適用","不適用","-","不適用","不適用","-","不適用","不適用","-","不適用","不適用","-","798","1.60","N","N","Y","114年度EPS較113年度成長，惟114年度非經理人之全時員工薪資平均數較113年度減少20仟元，減少幅度2.04%，係因113年度發放一次性獎金致薪資平均數略高於114年度。","本公司將持續依相關績效考核等辦法，進行獎金分派及調薪並視營運情況增進員工福利，將經營成果合理反映於員工薪酬。",
"生技醫療業","4129","聯合","586321","652","899","848","6.01%","860","813","5.78%","5.83","不適用","不適用","-","不適用","不適用","-","不適用","不適用","-","不適用","不適用","-","798","1.60","N","N","N","","",
"生技醫療業","4130","健亞","152084","180","845","880","-3.98%","758","781","-2.94%","0.10","不適用","不適用","-","不適用","不適用","-","不適用","不適用","-","不適用","不適用","-","798","1.60","N","N","N","","",
"生技醫療業","4131","浩泰","18157","21","865","712","21.49%","759","625","21.44%","-0.78","不適用","不適用","-","不適用","不適用","-","不適用","不適用","-","不適用","不適用","-","798","1.60","N","N","N","","",
"生技醫療業","4138","曜亞","96444","99","974","947","2.85%","819","767","6.78%","3.81","不適用","不適用","-","不適用","不適用","-","不適用","不適用","-","不適用","不適用","-","798","1.60","N","N","N","","",
"生技醫療業","4147","中裕","89824","84","1069","1037","3.09%","899","865","3.93%","-0.61","不適用","不適用","-","不適用","不適用","-","不適用","不適用","-","不適用","不適用","-","798","1.60","N","N","N","","",
"生技醫療業","4153","鈺緯","114796","127","904","866","4.39%","750","750","0.00%","1.54","不適用","不適用","-","不適用","不適用","-","不適用","不適用","-","不適用","不適用","-","798","1.60","N","N","N","","",
"生技醫療業","4160","訊聯基因","135166","143","945","948","-0.32%","863","821","5.12%","0.80","不適用","不適用","-","不適用","不適用","-","不適用","不適用","-","不適用","不適用","-","798","1.60","N","N","N","","",
"生技醫療業","4161","聿新科","110818","171","648","634","2.21%","562","559","0.54%","1.23","不適用","不適用","-","不適用","不適用","-","不適用","不適用","-","不適用","不適用","-","798","1.60","N","N","N","","",
"生技醫療業","4162","智擎","55749","31","1798","1987","-9.51%","1691","1848","-8.50%","2.70","不適用","不適用","-","不適用","不適用","-","不適用","不適用","-","不適用","不適用","-","798","1.60","N","N","N","","",
"生技醫療業","4163","鐿鈦","466071","645","723","694","4.18%","582","530","9.81%","5.13","不適用","不適用","-","不適用","不適用","-","不適用","不適用","-","不適用","不適用","-","798","1.60","N","Y","N","本公司114年獲利較113年少，直接人員比例約40%，而114年員工薪資平均數較113年提高約4.2%，為同業平均數提高1.4%的3倍，依中部市場薪資水準、員工資歷及個人表現等因素給薪，尚屬合理。","本公司已於115年提高員工持股信託、發行限制員工權利新股及執行結構式調薪等措施。",
"生技醫療業","4166","友霖","232934","213","1094","0","0.00%","842","0","0.00%","0.90","不適用","不適用","-","不適用","不適用","-","不適用","不適用","-","不適用","不適用","-","798","1.60","N","N","N","","",
"生技醫療業","4167","松瑞藥","193025","261","740","791","-6.45%","661","701","-5.71%","1.72","不適用","不適用","-","不適用","不適用","-","不適用","不適用","-","不適用","不適用","-","798","1.60","N","Y","Y","1.113年平均數較高係因竹南廠人力調整。
2.114年EPS係包含處分廠房獲利之業外收入(公司自2004年成立至今，近年透過處分竹南2個廠房，重心集中在台南廠區，逐步調整營運後方開始穩定獲利)。","1.穩定獲利下，除定期檢視市場薪資水準，仍持續多元化各福利、留才、獎勵措施，以確保整體薪酬福利具市場競爭力。
2.115Y起開辦員工持股計畫，讓員工共享公司營運成果，達到留才目的。",
"生技醫療業","4168","醣聯","45115","53","851","823","3.40%","739","737","0.27%","-2.16","不適用","不適用","-","不適用","不適用","-","不適用","不適用","-","不適用","不適用","-","798","1.60","N","N","N","","",
"農業科技","4171","瑞基","76855","130","591","638","-7.37%","540","573","-5.76%","-1.93","不適用","不適用","-","不適用","不適用","-","不適用","不適用","-","不適用","不適用","-","634","0.22","N","N","Y","EPS雖較前年度改善，但仍未達獲利。非經理人平均薪資較前一年度下降，係113年度因營運考量發放較高年終獎金，114年度依公司經營成果及獲利情形調整獎金發放所致。除變動獎金外，固定薪資及各項福利制度均維持穩定","將持續營運優化，提升整體經營績效及獲利能力。同時定期檢視薪酬制度，依公司營運成果、員工績效及產業水準適時調整薪資及獎酬政策，使員工能共享公司經營成果，藉以吸引及留任優秀人才，強化公司競爭力及永續發展",
"生技醫療業","4173","久裕","180355","217","831","783","6.13%","768","733","4.77%","1.16","不適用","不適用","-","不適用","不適用","-","不適用","不適用","-","不適用","不適用","-","798","1.60","N","N","N","","",
"生技醫療業","4174","浩鼎","142660","115","1241","1156","7.35%","1065","1045","1.91%","-15.61","不適用","不適用","-","不適用","不適用","-","不適用","不適用","-","不適用","不適用","-","798","1.60","N","N","N","","",
"生技醫療業","4175","杏一","764906","1186","645","610","5.74%","570","552","3.26%","3.68","不適用","不適用","-","不適用","不適用","-","不適用","不適用","-","不適用","不適用","-","798","1.60","N","Y","N","本公司以零售通路為主，第一線門市服務人員逾八成，與研發導向同業職能與薪資結構存在顯著差異。同仁專業養成期長，留任穩定性受多重因素挑戰。惟營運穩健，透過逐年調薪與獎酬機制，將經營成果合理反映於員工薪酬。","公司已透過年度調薪、晉升與績效獎勵制度、強化教育訓練與優化福利措施，穩定人力並提升薪酬競爭力。未來持續深化人才培育與留任策略，逐步改善人力結構與報酬水準。",
"生技醫療業","4183","福永生技","71455","93","768","761","0.92%","643","644","-0.16%","-0.33","不適用","不適用","-","不適用","不適用","-","不適用","不適用","-","不適用","不適用","-","798","1.60","N","N","N","","",
"生技醫療業","4188","安克","20083","22","913","959","-4.80%","772","866","-10.85%","-0.88","不適用","不適用","-","不適用","不適用","-","不適用","不適用","-","不適用","不適用","-","798","1.60","N","N","N","","",
"生技醫療業","4192","杏國","14463","20","723","711","1.69%","650","681","-4.55%","-1.30","不適用","不適用","-","不適用","不適用","-","不適用","不適用","-","不適用","不適用","-","798","1.60","N","N","N","","",
"生技醫療業","4198","欣大健康","36543","37","988","1023","-3.42%","866","818","5.87%","-1.96","不適用","不適用","-","不適用","不適用","-","不適用","不適用","-","不適用","不適用","-","798","1.60","N","N","N","","",
"食品工業","4205","中華食","204514","283","723","684","5.70%","715","676","5.77%","4.14","不適用","不適用","-","不適用","不適用","-","不適用","不適用","-","不適用","不適用","-","767","3.60","N","Y","N","一、地域性差異：北部消費水準、薪酬皆較高，參酌南部產業薪資水準制定薪資辦法。
二、產業特性：作業員工作性質簡單、輕體力無技術層次，薪資較低而降低整體平均數。
與高屏地區傳統產業相較，薪資水準尚屬合理。","一、本公司歷年來皆調薪約3%-6%。
二、未來將持續依南部高屏地區平均薪資水準制定。",
"食品工業","4207","環泰","149939","181","828","697","18.79%","778","690","12.75%","1.76","不適用","不適用","-","不適用","不適用","-","不適用","不適用","-","不適用","不適用","-","767","3.60","N","N","N","","",
"塑膠工業","4303","信立","24983","47","532","548","-2.92%","488","529","-7.75%","11.15","不適用","不適用","-","不適用","不適用","-","不適用","不適用","-","不適用","不適用","-","534","3.32","N","Y","Y","本公司薪資結構以學歷、機台為主、並依績效獎金辦法計算有效率及貢獻所應核發之獎金。公司經營績效透過績效獎金辦法與員工薪酬相聯結，係屬合理，理財商品之利潤透過員工薪酬制度與員工分享。","透過年度調薪與經營績效提升，將公司的整體績效與員工個人的薪資調整結合，讓員工分享公司成長的果實。",
"塑膠工業","4304","勝昱","27445","53","518","428","21.03%","484","428","13.08%","-1.16","不適用","不適用","-","不適用","不適用","-","不適用","不適用","-","不適用","不適用","-","534","3.32","N","N","N","","",
"塑膠工業","4305","世坤","74413","93","800","736","8.70%","621","603","2.99%","3.83","不適用","不適用","-","不適用","不適用","-","不適用","不適用","-","不適用","不適用","-","534","3.32","N","N","N","","",
"紡織纖維","4401","東隆興","327881","442","742","697","6.46%","638","594","7.41%","0.73","不適用","不適用","-","不適用","不適用","-","不適用","不適用","-","不適用","不適用","-","698","1.65","N","N","N","","",
"紡織纖維","4402","郡都開發","5938","9","660","646","2.17%","501","544","-7.90%","-0.13","不適用","不適用","-","不適用","不適用","-","不適用","不適用","-","不適用","不適用","-","698","1.65","N","N","N","","",
"紡織纖維","4406","新昕纖","59688","109","548","498","10.04%","446","464","-3.88%","-1.07","不適用","不適用","-","不適用","不適用","-","不適用","不適用","-","不適用","不適用","-","698","1.65","N","N","N","","",
"紡織纖維","4413","飛寶企業","35372","62","571","547","4.39%","526","509","3.34%","0.53","不適用","不適用","-","不適用","不適用","-","不適用","不適用","-","不適用","不適用","-","698","1.65","N","N","N","","",
"建材營造","4416","三圓","8228","10","823","1209","-31.93%","763","1007","-24.23%","-0.64","不適用","不適用","-","不適用","不適用","-","不適用","不適用","-","不適用","不適用","-","1054","2.09","N","N","N","","",
"紡織纖維","4417","金洲","141675","180","787","707","11.32%","671","589","13.92%","6.13","不適用","不適用","-","不適用","不適用","-","不適用","不適用","-","不適用","不適用","-","698","1.65","N","N","N","","",
"觀光餐旅","4419","皇家美食","6229","10","623","621","0.32%","529","462","14.50%","-1.45","不適用","不適用","-","不適用","不適用","-","不適用","不適用","-","不適用","不適用","-","640","0.88","N","N","N","","",
"紡織纖維","4420","光明","59295","101","587","516","13.76%","546","472","15.68%","5.53","不適用","不適用","-","不適用","不適用","-","不適用","不適用","-","不適用","不適用","-","698","1.65","N","Y","N","本公司114年度排除投資性不動產出售利益後之稅前淨利僅為12仟元，紡織本業經營績效並不理想，致員工薪資平均數低於同業水準。","本公司114年度全體員工調薪幅度達2~3%，故員工薪資平均數已較113年度成長13.7%，但仍低於同業平均數，未來仍會視營運狀況逐步調整公司薪資水準，以趨近同業行情為目標。",
"其他","4430","耀億","142714","276","517","511","1.17%","450","437","2.97%","-0.19","不適用","不適用","-","不適用","不適用","-","不適用","不適用","-","不適用","不適用","-","712","1.85","N","N","N","","",
"紡織纖維","4432","銘旺實","61294","65","943","911","3.51%","806","779","3.47%","0.88","不適用","不適用","-","不適用","不適用","-","不適用","不適用","-","不適用","不適用","-","698","1.65","N","N","N","","",
"紡織纖維","4433","興采","197225","294","671","669","0.30%","596","610","-2.30%","1.06","不適用","不適用","-","不適用","不適用","-","不適用","不適用","-","不適用","不適用","-","698","1.65","N","N","N","","",
"電機機械","4502","健信","74424","153","486","567","-14.29%","437","536","-18.47%","-1.51","不適用","不適用","-","不適用","不適用","-","不適用","不適用","-","不適用","不適用","-","747","1.65","Y","N","N","114年度受到整體車勢及關稅之影響致產生虧損，故員工加班費減少。","115年度新訂單量產，員工之加班費及獎金亦隨之增加。",
"電機機械","4503","金雨","127293","225","566","560","1.07%","510","504","1.19%","1.37","不適用","不適用","-","不適用","不適用","-","不適用","不適用","-","不適用","不適用","-","747","1.65","N","N","N","","",
"電機機械","4506","崇友","1228841","1293","950","956","-0.63%","961","949","1.26%","6.52","不適用","不適用","-","不適用","不適用","-","不適用","不適用","-","不適用","不適用","-","747","1.65","N","N","Y","公司人數:114年度員工總數較113年度增加63人,成長率5.1%。其中外籍員工增加人數為30人。
薪資平均數：113年度為956,000元，114年度為950,000元，呈現0.6%小幅衰退，主要因外籍員工增加且以基本工資進用所致。","持續強化薪資結構分析，調整外籍員工薪資策略，推動績效與薪資連動制度，以平衡平均薪資與中位數薪資成長趨勢，提升整體薪酬競爭力。",
"電機機械","4510","高鋒","148896","238","626","605","3.47%","592","557","6.28%","-1.02","不適用","不適用","-","不適用","不適用","-","不適用","不適用","-","不適用","不適用","-","747","1.65","N","N","N","","",
"電機機械","4513","福裕","84468","153","552","595","-7.23%","538","564","-4.61%","-1.79","不適用","不適用","-","不適用","不適用","-","不適用","不適用","-","不適用","不適用","-","747","1.65","N","N","N","","",
"電機機械","4523","永彰","105403","119","886","748","18.45%","803","677","18.61%","22.26","不適用","不適用","-","不適用","不適用","-","不適用","不適用","-","不適用","不適用","-","747","1.65","N","N","N","","",
"電機機械","4527","方方土霖","156120","182","858","918","-6.54%","806","883","-8.72%","3.40","不適用","不適用","-","不適用","不適用","-","不適用","不適用","-","不適用","不適用","-","747","1.65","N","N","N","","",
"電機機械","4528","江興鍛","111289","190","586","552","6.16%","555","532","4.32%","-0.31","不適用","不適用","-","不適用","不適用","-","不適用","不適用","-","不適用","不適用","-","747","1.65","N","N","N","","",
"其他","4529","淳紳","8743","14","625","789","-20.79%","685","684","0.15%","-0.74","不適用","不適用","-","不適用","不適用","-","不適用","不適用","-","不適用","不適用","-","712","1.85","N","N","Y","本公司114年EPS (0.74)雖較前一年度 (1.30) 成長
但非經理人薪資減少係因:
(1)非經理人的定義更新爰修訂基層員工的定義時一併更新
(2)人員離職/異動","非經理人定義更新後，在一致的比較基礎下，未來將不會有平均薪資減少的情形&#65377;",
"觀光餐旅","4530","宏易","19004","32","594","466","27.47%","506","437","15.79%","0.34","不適用","不適用","-","不適用","不適用","-","不適用","不適用","-","不適用","不適用","-","640","0.88","N","N","N","","",
"電機機械","4533","協易機","215225","296","727","794","-8.44%","683","743","-8.08%","0.20","不適用","不適用","-","不適用","不適用","-","不適用","不適用","-","不適用","不適用","-","747","1.65","N","N","N","","",
"電機機械","4534","慶騰","73719","137","538","551","-2.36%","499","511","-2.35%","0.01","不適用","不適用","-","不適用","不適用","-","不適用","不適用","-","不適用","不適用","-","747","1.65","N","N","N","","",
"電機機械","4535","至興","155398","331","469","520","-9.81%","419","471","-11.04%","1.30","            484","不適用","-","            439","不適用","-","            426","不適用","-","            405","不適用","-","747","1.65","Y","N","N","主要因114年稅後淨利較113年減少47%，故年終獎金及員工酬勞提撥金額較113年
減少，致非擔任主管職務之全時員工薪資-平均數114年較113年減少9.81%。","本公司章程規定於年底總決算後，若有獲利，應先提撥至少百分之二以上為員工酬
勞，前項提撥之員工酬勞數額中，至少百分之六十以上為基層員工分派酬勞。",
"電機機械","4538","大詠城","61780","94","657","531","23.73%","501","466","7.51%","0.29","不適用","不適用","-","不適用","不適用","-","不適用","不適用","-","不適用","不適用","-","747","1.65","N","N","N","","",
"其他","4541","晟田","446126","641","696","662","5.14%","658","620","6.13%","2.03","不適用","不適用","-","不適用","不適用","-","不適用","不適用","-","不適用","不適用","-","712","1.85","N","Y","N","本公司年終獎金之提列，係以當年度稅前淨利
提撥不低於一定比率計算。另亦以稅前淨利為
計算基礎，提撥不低於1%為員工酬勞。是以除
基本月薪與加班費等項目外，與公司經營績效
高度相關。","1.本年度預計執行員工持股信託，除增加員工
向心力外，亦可提升員工薪資水準並保障其退
休或離職後之生活安定。
2.本年度預計調薪3%~5%。
3.依據獲利狀況，適時調整年終獎金之提列比
率。",
"電子零組件業","4542","科嶠","68319","88","776","733","5.87%","712","683","4.25%","1.28","不適用","不適用","-","不適用","不適用","-","不適用","不適用","-","不適用","不適用","-","797","2.47","N","N","N","","",
"電機機械","4543","萬在","135445","268","505","503","0.40%","448","450","-0.44%","0.53","不適用","不適用","-","不適用","不適用","-","不適用","不適用","-","不適用","不適用","-","747","1.65","N","N","N","","",
"電機機械","4549","桓達","149331","236","633","624","1.44%","560","553","1.27%","3.32","不適用","不適用","-","不適用","不適用","-","不適用","不適用","-","不適用","不適用","-","747","1.65","N","Y","N","本公司產品為客製化，少量多樣，故面對不同產業須投入更多人力提供售前服務，114年度EPS高於同業主要為產業特性所致。
114年度員工薪資-平均數為633仟元，較112年度624仟元提高1.4%，較去年同期增加。","若達成公司業績目標，相對也會提高年度調薪幅度及增加獎金，並增加員工福利。",
"電機機械","4550","長佳","49141","60","819","805","1.74%","678","672","0.89%","1.34","不適用","不適用","-","不適用","不適用","-","不適用","不適用","-","不適用","不適用","-","747","1.65","N","N","N","","",
"其他電子業","4554","橙的","86784","107","811","720","12.64%","680","613","10.93%","2.12","不適用","不適用","-","不適用","不適用","-","不適用","不適用","-","不適用","不適用","-","975","4.62","N","N","N","","",
"其他","4556","旭然","71367","111","643","634","1.42%","541","511","5.87%","0.92","不適用","不適用","-","不適用","不適用","-","不適用","不適用","-","不適用","不適用","-","712","1.85","N","N","N","","",
"電機機械","4558","寶緯","198553","323","615","603","1.99%","539","499","8.02%","-0.39","不適用","不適用","-","不適用","不適用","-","不適用","不適用","-","不適用","不適用","-","747","1.65","N","N","N","","",
"電機機械","4561","健椿","161885","249","650","652","-0.31%","588","577","1.91%","0.66","不適用","不適用","-","不適用","不適用","-","不適用","不適用","-","不適用","不適用","-","747","1.65","N","N","N","","",
"電機機械","4563","百德","153134","163","939","962","-2.39%","897","916","-2.07%","-2.67","不適用","不適用","-","不適用","不適用","-","不適用","不適用","-","不適用","不適用","-","747","1.65","N","N","N","","",
"電機機械","4568","科際精密","19690","22","895","729","22.77%","780","770","1.30%","2.01","不適用","不適用","-","不適用","不適用","-","不適用","不適用","-","不適用","不適用","-","747","1.65","N","N","N","","",
"其他電子業","4577","達航科技","88048","107","823","723","13.83%","803","707","13.58%","-0.73","不適用","不適用","-","不適用","不適用","-","不適用","不適用","-","不適用","不適用","-","975","4.62","N","N","N","","",
"電機機械","4580","捷流閥業","292314","274","1067","1025","4.10%","932","887","5.07%","5.03","不適用","不適用","-","不適用","不適用","-","不適用","不適用","-","不適用","不適用","-","747","1.65","N","N","N","","",
"電機機械","4584","君帆","87771","133","660","657","0.46%","598","590","1.36%","3.43","不適用","不適用","-","不適用","不適用","-","不適用","不適用","-","不適用","不適用","-","747","1.65","N","Y","N","1.本公司外籍勞工人數佔非擔任主管之員工人數約16%，致影響整體員工平均薪資水準較低。
2.本公司114年度員工薪資平均數為660仟元，較113年度增加3仟元。","1.員工薪酬包含本薪、獎金及依公司章程提撥員工酬勞，其中本薪每年依公司營運績效及考量物價波動進行調薪。
2.本公司章程明訂提撥員工酬勞數額中，應提撥不低於50%為基層員工分派酬勞。",
"居家生活","4609","唐鋒","8016","10","802","742","8.09%","812","812","0.00%","-0.10","不適用","不適用","-","不適用","不適用","-","不適用","不適用","-","不適用","不適用","-","708","5.75","N","N","N","","",
"居家生活","4702","中美實","9695","14","693","721","-3.88%","708","710","-0.28%","0.88","不適用","不適用","-","不適用","不適用","-","不適用","不適用","-","不適用","不適用","-","708","5.75","N","N","Y","員工整體薪酬包含固定薪資（本薪、津貼）與變動薪酬（年終獎金、員工紅利、績效獎金）。公司訂有業務績效獎金，若達標提撥一定比率發放予員工，另年度定期進行績效評估，做為員工紅利分配之依據。","公司已試圖擴大經營或轉型，並考量在年底前對全時員工進行2%以內之薪資調整，並送呈薪酬委員會做最終決議。",
"化學工業","4706","大恭","125963","184","685","764","-10.34%","655","734","-10.76%","0.35","不適用","不適用","-","不適用","不適用","-","不適用","不適用","-","不適用","不適用","-","763","1.20","N","N","N","","",
"化學工業","4707","磐亞","70018","99","707","697","1.43%","660","636","3.77%","0.89","不適用","不適用","-","不適用","不適用","-","不適用","不適用","-","不適用","不適用","-","763","1.20","N","N","N","","",
"化學工業","4711","永純","55387","75","738","716","3.07%","677","681","-0.59%","0.15","不適用","不適用","-","不適用","不適用","-","不適用","不適用","-","不適用","不適用","-","763","1.20","N","N","N","","",
"化學工業","4714","永捷","31786","53","600","592","1.35%","530","533","-0.56%","-0.54","            658","不適用","-","            495","不適用","-","            652","不適用","-","            454","不適用","-","763","1.20","N","N","N","","",
"化學工業","4716","大立","42064","78","539","625","-13.76%","506","583","-13.21%","-0.87","不適用","不適用","-","不適用","不適用","-","不適用","不適用","-","不適用","不適用","-","763","1.20","N","N","N","","",
"化學工業","4721","美琪瑪","48381","59","820","735","11.56%","699","631","10.78%","3.01","不適用","不適用","-","不適用","不適用","-","不適用","不適用","-","不適用","不適用","-","763","1.20","N","N","N","","",
"生技醫療業","4726","永昕","286030","293","976","983","-0.71%","905","876","3.31%","-2.17","不適用","不適用","-","不適用","不適用","-","不適用","不適用","-","不適用","不適用","-","798","1.60","N","N","Y","本公司員工薪酬與經營績效及人力結構變化具合理關聯性。因應營運發展需求，114年度新進人員增加，致整體薪酬結構有所變動。","公司持續依營運狀況、職務職責及市場薪酬水準進行薪酬管理，以維持人才吸引與留任之競爭力。",
"生技醫療業","4728","雙美","121646","132","922","826","11.62%","745","707","5.37%","13.33","不適用","不適用","-","不適用","不適用","-","不適用","不適用","-","不適用","不適用","-","798","1.60","N","N","N","","",
"光電業","4729","熒茂","172739","278","621","555","11.89%","554","464","19.40%","0.16","不適用","不適用","-","不適用","不適用","-","不適用","不適用","-","不適用","不適用","-","882","2.40","N","N","N","","",
"生技醫療業","4735","豪展","59341","74","802","758","5.80%","673","599","12.35%","2.46","不適用","不適用","-","不適用","不適用","-","不適用","不適用","-","不適用","不適用","-","798","1.60","N","N","N","","",
"化學工業","4741","泓瀚","91721","160","573","614","-6.68%","477","522","-8.62%","0.29","不適用","不適用","-","不適用","不適用","-","不適用","不適用","-","不適用","不適用","-","763","1.20","N","N","N","","",
"生技醫療業","4743","合一","142108","139","1022","1026","-0.39%","775","747","3.75%","-2.18","不適用","不適用","-","不適用","不適用","-","不適用","不適用","-","不適用","不適用","-","798","1.60","N","N","Y","本公司已建置績效評估系統，每半年進行一次評估，依員工績效考評及職等做為薪資調整之依據。","持續每半年進行一次員工績效評估，且人資單位主動定期與同仁進行對談，並設有內部溝通與申訴管道，確保員工於權益受損時可即時反應。",
"生技醫療業","4744","皇將","83929","164","512","508","0.79%","483","473","2.11%","2.51","不適用","不適用","-","不適用","不適用","-","不適用","不適用","-","不適用","不適用","-","798","1.60","N","Y","N","雖本公司的薪資略低於生技醫療產業平均水平，主要是所需員工學經歷亦有所差異，也因基於公司成本控制和市場狀況的考量。","1.對表現優異的員工提供專項的薪酬調整和福利激勵。
2.將經營績效與員工薪酬進行更為緊密的掛鉤，讓薪酬體系具有的合理性與市場競爭力。
3.定期了解員工需求，根據反饋調整薪酬政策，保持公平和透明。",
"生技醫療業","4747","強生製藥","113590","157","724","751","-3.60%","674","685","-1.61%","1.19","不適用","不適用","-","不適用","不適用","-","不適用","不適用","-","不適用","不適用","-","798","1.60","N","N","N","","",
"半導體業","4749","新應材","571836","414","1381","1231","12.19%","1110","1027","8.08%","11.33","不適用","不適用","-","不適用","不適用","-","不適用","不適用","-","不適用","不適用","-","1400","5.37","N","Y","N","本年度非擔任主管職務之全時員工薪資平均數較113年成長，員工變動薪資與EPS連結，114年變動薪資增幅超過營運績效增幅；惟考量公司成長及擴廠需求，員工薪酬制度，需兼顧長期發展及穩健性考量，與經營績效合理關聯。","持續參考產業標竿企業之非主管薪資年薪平均數及中位數，已於115年4月進行調升固定薪資結構及強化變動獎金與營運績效連結。將營運成果回饋給共同努力打拼的員工，為公司未來發展開創更高的價值。",
"化學工業","4754","國碳科","71042","89","798","731","9.17%","710","659","7.74%","2.87","不適用","不適用","-","不適用","不適用","-","不適用","不適用","-","不適用","不適用","-","763","1.20","N","N","N","","",
"其他電子業","4760","勤凱科技","57588","100","576","554","3.97%","482","469","2.77%","7.05","不適用","不適用","-","不適用","不適用","-","不適用","不適用","-","不適用","不適用","-","975","4.62","N","Y","N","公司每年依績效調整薪資，其中表現優異者，調薪幅度甚至可高達9.93%，較113年調整薪資幅度最高8%佳，年終獎金及員工酬勞發放金額亦隨獲利增加而調升，114年全公司發放為1.2~11.5個月，優於113年度發放為1~8.2個月。","本公司於114年發行「限制員工權利新股計畫」，計畫旨在結合員工個人績效、公司長期營運成果及永續發展目標，透過股權激勵機制，使員工與公司共同參與長期價值創造，提升組織向心力與人才留任成效。",
"化學工業","4767","誠泰科技","37915","46","824","855","-3.63%","763","798","-4.39%","1.24","不適用","不適用","-","不適用","不適用","-","不適用","不適用","-","不適用","不適用","-","763","1.20","N","N","N","","",
"化學工業","4768","晶呈科技","65423","83","788","794","-0.76%","670","684","-2.05%","0.39","不適用","不適用","-","不適用","不適用","-","不適用","不適用","-","不適用","不適用","-","763","1.20","N","N","N","","",
"化學工業","4772","台特化","79350","94","844","754","11.94%","841","724","16.16%","4.20","不適用","不適用","-","不適用","不適用","-","不適用","不適用","-","不適用","不適用","-","763","1.20","N","N","N","","",
"文化創意業","4806","桂田文創","32813","54","608","557","9.16%","529","551","-3.99%","-0.34","不適用","不適用","-","不適用","不適用","-","不適用","不適用","-","不適用","不適用","-","1438","7.43","N","N","N","","",
"通信網路業","4903","聯光通","49404","73","677","711","-4.78%","688","703","-2.13%","1.02","不適用","不適用","-","不適用","不適用","-","不適用","不適用","-","不適用","不適用","-","882","2.29","N","N","Y","本公司薪酬制度係依公司獲利狀況、員工績效及市場薪資水準等因素訂定。114年度營運績效明顯成長，EPS由113年0.07元提升至1.02元，成長約1,357%，公司將依獲利情形發放員工酬勞並調整薪資，使員工共享經營成果。","因公司轉型及人員異動較大，部分基層員工晉升為主管，致薪資結構變動；另本公司114年EPS為1.02元，113年為0.07元，成長約1,357%，該獲利將於115年股東常會後並發放員工紅利，進而提高非經理人之全時員工薪資平均數。",
"生技醫療業","4905","台聯電","19455","29","671","680","-1.32%","604","614","-1.63%","2.76","不適用","不適用","-","不適用","不適用","-","不適用","不適用","-","不適用","不適用","-","798","1.60","N","Y","N","本公司114年度本業營業損失，獲利主要來自投資收益。由於投資損益受市場波動影響，本公司會視情況調整固定薪資，以確保公司維持穩健的財務狀況。員工酬勞已依章程規定提撥2.34%，尚屬合理。","未來將檢討薪酬結構，參考同業標準，逐步提高基層員工薪資，促進經營成果共享。",
"建材營造","4907","富宇","18132","17","1067","1040","2.60%","984","894","10.07%","1.23","不適用","不適用","-","不適用","不適用","-","不適用","不適用","-","不適用","不適用","-","1054","2.09","N","N","N","","",
"通信網路業","4908","前鼎","213158","259","823","821","0.24%","586","571","2.63%","1.98","不適用","不適用","-","不適用","不適用","-","不適用","不適用","-","不適用","不適用","-","882","2.29","N","N","N","","",
"通信網路業","4909","新復興","91386","180","508","585","-13.16%","489","580","-15.69%","-1.25","不適用","不適用","-","不適用","不適用","-","不適用","不適用","-","不適用","不適用","-","882","2.29","N","N","N","","",
"生技醫療業","4911","德英","15980","28","571","541","5.55%","581","551","5.44%","2.18","不適用","不適用","-","不適用","不適用","-","不適用","不適用","-","不適用","不適用","-","798","1.60","N","Y","N","本公司位於南部地區的生技業，且生技醫療產業之業態多樣，本公司依照南部之薪資水準、員工資歷及個人表現等因素給薪，實屬合理。","依公司獲利程度，年度如有獲利，將提撥及分配員工酬勞，酬勞數額以40~60%分配予基層員工.提高員工薪資水準。",
"半導體業","4923","力士","40080","47","853","766","11.36%","758","659","15.02%","-5.26","不適用","不適用","-","不適用","不適用","-","不適用","不適用","-","不適用","不適用","-","1400","5.37","N","N","N","","",
"電腦及週邊設備業","4931","新盛力","223216","339","658","613","7.34%","538","502","7.17%","3.13","不適用","不適用","-","不適用","不適用","-","不適用","不適用","-","不適用","不適用","-","924","3.90","N","N","N","","",
"光電業","4933","友輝","406763","545","746","765","-2.48%","660","646","2.17%","5.77","不適用","不適用","-","不適用","不適用","-","不適用","不適用","-","不適用","不適用","-","882","2.40","N","Y","N","1.員工薪酬以法規遵循為依據，訂定新進同仁敘薪標準
2.在健全財務及維護股東權益下，每年皆定期提出檢討與調整","1.每年依據物價指數、最低工資調整規模、法規及公司章程提出檢討及調整薪資。
2.依據法規於公司章程中明訂酬勞分配數額。",
"電子零組件業","4939","亞電","13978","14","998","1169","-14.63%","1098","1249","-12.09%","-0.43","不適用","不適用","-","不適用","不適用","-","不適用","不適用","-","不適用","不適用","-","797","2.47","N","N","N","","",
"文化創意業","4946","辣椒","26413","40","660","668","-1.20%","597","604","-1.16%","3.14","不適用","不適用","-","不適用","不適用","-","不適用","不適用","-","不適用","不適用","-","1438","7.43","N","N","Y","本公司因拓展餐飲事業，陸續增設凱岩咖啡門市並增聘營運人員，致員工結構改變。由於餐飲服務職系與辦公室專業職系薪資水準有所差異，雖114年度EPS成長，非經理人全時員工薪資平均數仍較前一年度下降。","兼顧員工薪酬成長及人才留任，本公司已依營運成果發放年終獎金，並持續依員工績效及職務表現辦理薪資調整，以落實員工照顧及共享經營成果之目標。",
"鋼鐵工業","4950","金耘國際","1163","3","388","414","-6.28%","258","685","-62.34%","-0.36","不適用","不適用","-","不適用","不適用","-","不適用","不適用","-","不適用","不適用","-","756","0.99","Y","N","Y","114年非擔任主管職務之全時員工主要為兼職人
員，導致薪資平均數未達50萬元。","參考市場行情，定期檢視合理調升薪資。",
"半導體業","4951","精拓科","94268","56","1683","1582","6.38%","1644","1535","7.10%","5.98","不適用","不適用","-","不適用","不適用","-","不適用","不適用","-","不適用","不適用","-","1400","5.37","N","N","N","","",
"資訊服務業","4953","緯致","1277053","1390","919","902","1.88%","869","848","2.48%","8.45","不適用","不適用","-","不適用","不適用","-","不適用","不適用","-","不適用","不適用","-","1016","3.17","N","Y","N","本公司人力結構與同業不同，存在一定程度的差異。公司依績效獎酬原則，以年度營運績效及員工個人績效給予獎酬及薪資調整；持續提升員工獎酬及福利措施穩定人才，非主管職全時員工薪資平均數及中位數均較上年度成長。","本公司除績效獎酬制度外，定期參與市場薪資調查，提供具競爭力的薪資；並導入優於法令的福利假、彈性出勤、員工持股信託、職涯發展計劃、認股制度等，以提升員工滿意度，實現績效與人才發展的雙贏。",
"光電業","4972","湯石照明","21251","30","708","693","2.16%","669","677","-1.18%","-1.84","不適用","不適用","-","不適用","不適用","-","不適用","不適用","-","不適用","不適用","-","882","2.40","N","N","N","","",
"半導體業","4973","廣穎電通","249337","339","736","712","3.37%","576","530","8.68%","2.11","不適用","不適用","-","不適用","不適用","-","不適用","不適用","-","不適用","不適用","-","1400","5.37","N","N","N","","",
"電子零組件業","4974","亞泰","67615","41","1649","1762","-6.41%","1576","1684","-6.41%","5.16","不適用","不適用","-","不適用","不適用","-","不適用","不適用","-","不適用","不適用","-","797","2.47","N","N","N","","",
"通信網路業","4979","華星光","301632","478","631","590","6.95%","512","491","4.28%","5.43","不適用","不適用","-","不適用","不適用","-","不適用","不適用","-","不適用","不適用","-","882","2.29","N","Y","N","本公司獲利優於同業，惟受代工產業型態之員工結構影響致均值偏低。薪酬採績效導向，具經營合理性。","公司依制度每年進行調薪規劃評估，全面落實營運獲利與個人考績連結，藉此薪酬調整逐步拉近同業。",
"光電業","4995","晶達","132110","167","791","834","-5.16%","714","757","-5.68%","2.25","不適用","不適用","-","不適用","不適用","-","不適用","不適用","-","不適用","不適用","-","882","2.40","N","N","N","","",
"鋼鐵工業","5009","榮剛","815797","940","868","968","-10.33%","846","953","-11.23%","2.20","不適用","不適用","-","不適用","不適用","-","不適用","不適用","-","不適用","不適用","-","756","0.99","N","N","N","","",
"鋼鐵工業","5011","久陽","23149","39","594","608","-2.30%","509","564","-9.75%","-1.61","不適用","不適用","-","不適用","不適用","-","不適用","不適用","-","不適用","不適用","-","756","0.99","N","N","N","","",
"鋼鐵工業","5013","強新","330274","470","703","697","0.86%","667","672","-0.74%","1.45","不適用","不適用","-","不適用","不適用","-","不適用","不適用","-","不適用","不適用","-","756","0.99","N","Y","N","本公司非擔任主管職之全時員工科技業用人需求排擠效應，傳產招工困難。因外籍人員占比增加，而拉低員工薪資平均數與中位數。","本公司將持續關注產業薪資水準及人才市場變化，適時檢視薪酬與福利制度，並透過人才培育及績效管理機制，提升員工整體薪酬競爭力。",
"鋼鐵工業","5014","建錩","31921","52","614","694","-11.53%","530","589","-10.02%","-2.37","不適用","不適用","-","不適用","不適用","-","不適用","不適用","-","不適用","不適用","-","756","0.99","N","N","N","","",
"鋼鐵工業","5015","華祺","104531","160","653","644","1.40%","520","527","-1.33%","0.06","不適用","不適用","-","不適用","不適用","-","不適用","不適用","-","不適用","不適用","-","756","0.99","N","N","N","","",
"鋼鐵工業","5016","松和","220457","289","763","718","6.27%","730","677","7.83%","1.50","不適用","不適用","-","不適用","不適用","-","不適用","不適用","-","不適用","不適用","-","756","0.99","N","N","N","","",
"資訊服務業","5201","凱衛","97116","118","823","822","0.12%","741","770","-3.77%","-0.06","            868","不適用","-","            757","不適用","-","            759","不適用","-","            677","不適用","-","1016","3.17","N","N","N","","",
"資訊服務業","5202","力新","40970","53","773","824","-6.19%","719","718","0.14%","-0.61","不適用","不適用","-","不適用","不適用","-","不適用","不適用","-","不適用","不適用","-","1016","3.17","N","N","N","","",
"綠能環保","5205","中茂","3251","7","464","518","-10.42%","462","520","-11.15%","-1.43","不適用","不適用","-","不適用","不適用","-","不適用","不適用","-","不適用","不適用","-","776","3.07","Y","N","Y","本公司近年因業務調整，公司處於虧損狀態。為求公司永續經營，近幾年各項費用嚴格管控。後續將視經營績效，在公司永續經營的前提下，合理將經營成果分享予全體股東及員工。","本公司依營運績效、貢獻度及業界標準檢討酬金政策，強化管理效能並留任人才。
員工酬勞依章程按獲利提撥，薪資報酬委員會每年檢視合理性並報董事會。",
"建材營造","5206","坤悅","36645","30","1222","1027","18.99%","1005","886","13.43%","3.44","不適用","不適用","-","不適用","不適用","-","不適用","不適用","-","不適用","不適用","-","1054","2.09","N","N","N","","",
"其他","5209","新鼎","254265","187","1360","1195","13.81%","1224","1121","9.19%","16.16","不適用","不適用","-","不適用","不適用","-","不適用","不適用","-","不適用","不適用","-","712","1.85","N","N","N","","",
"資訊服務業","5210","寶碩","91311","122","748","732","2.19%","682","666","2.40%","0.73","不適用","不適用","-","不適用","不適用","-","不適用","不適用","-","不適用","不適用","-","1016","3.17","N","N","N","","",
"資訊服務業","5211","蒙恬","35890","38","944","901","4.77%","875","833","5.04%","-0.77","不適用","不適用","-","不適用","不適用","-","不適用","不適用","-","不適用","不適用","-","1016","3.17","N","N","N","","",
"資訊服務業","5212","凌網","424229","395","1074","1025","4.78%","958","901","6.33%","4.74","不適用","不適用","-","不適用","不適用","-","不適用","不適用","-","不適用","不適用","-","1016","3.17","N","N","N","","",
"建材營造","5213","亞昕","127754","92","1389","1037","33.94%","1249","1023","22.09%","3.06","不適用","不適用","-","不適用","不適用","-","不適用","不適用","-","不適用","不適用","-","1054","2.09","N","N","N","","",
"光電業","5220","萬達光電","144704","266","544","505","7.72%","474","447","6.04%","-0.65","不適用","不適用","-","不適用","不適用","-","不適用","不適用","-","不適用","不適用","-","882","2.40","N","N","N","","",
"電子零組件業","5228","鈺鎧","143158","237","604","524","15.27%","485","458","5.90%","-0.20","不適用","不適用","-","不適用","不適用","-","不適用","不適用","-","不適用","不適用","-","797","2.47","N","N","N","","",
"光電業","5230","雷笛克光學","58403","68","859","862","-0.35%","764","697","9.61%","-1.35","不適用","不適用","-","不適用","不適用","-","不適用","不適用","-","不適用","不適用","-","882","2.40","N","N","N","","",
"半導體業","5236","凌陽創新","312681","133","2351","2361","-0.42%","2029","1991","1.91%","8.59","不適用","不適用","-","不適用","不適用","-","不適用","不適用","-","不適用","不適用","-","1400","5.37","N","N","Y","114年因基層員工增加及高階獎金調整，統計上平均薪資微減0.4%，然整體薪資獎金總額已實質提高。","未來將透過結構性調薪與優化機制，落實經營績效與照顧員工。",
"光電業","5245","智晶","154740","230","673","649","3.70%","605","582","3.95%","-4.90","不適用","不適用","-","不適用","不適用","-","不適用","不適用","-","不適用","不適用","-","882","2.40","N","N","N","","",
"光電業","5251","天鉞電","10932","15","729","735","-0.82%","628","699","-10.16%","0.03","不適用","不適用","-","不適用","不適用","-","不適用","不適用","-","不適用","不適用","-","882","2.40","N","N","N","","",
"文化創意業","5263","智崴","236531","257","920","911","0.99%","837","822","1.82%","-2.87","不適用","不適用","-","不適用","不適用","-","不適用","不適用","-","不適用","不適用","-","1438","7.43","N","N","N","","",
"半導體業","5272","笙科","106346","80","1329","1283","3.59%","1194","1150","3.83%","-1.33","不適用","不適用","-","不適用","不適用","-","不適用","不適用","-","不適用","不適用","-","1400","5.37","N","N","N","","",
"半導體業","5274","信驊","724559","129","5617","4715","19.13%","4537","4004","13.31%","103.92","不適用","不適用","-","不適用","不適用","-","不適用","不適用","-","不適用","不適用","-","1400","5.37","N","N","N","","",
"數位雲端","5278","尚凡*","36555","30","1219","1187","2.70%","1128","1028","9.73%","1.05","不適用","不適用","-","不適用","不適用","-","不適用","不適用","-","不適用","不適用","-","872","3.20","N","N","N","","",
"數位雲端","5287","數字","141387","150","943","871","8.27%","898","794","13.10%","13.93","不適用","不適用","-","不適用","不適用","-","不適用","不適用","-","不適用","不適用","-","872","3.20","N","N","N","","",
"電腦及週邊設備業","5289","宜鼎","898823","810","1110","1018","9.04%","884","793","11.48%","21.72","不適用","不適用","-","不適用","不適用","-","不適用","不適用","-","不適用","不適用","-","924","3.90","N","N","N","","",
"電子零組件業","5291","邑昇","165144","273","605","561","7.84%","552","504","9.52%","0.31","不適用","不適用","-","不適用","不適用","-","不適用","不適用","-","不適用","不適用","-","797","2.47","N","N","N","","",
"半導體業","5299","杰力","126403","78","1621","1546","4.85%","1483","1368","8.41%","4.58","不適用","不適用","-","不適用","不適用","-","不適用","不適用","-","不適用","不適用","-","1400","5.37","N","N","N","","",
"觀光餐旅","5301","寶得利","6539","10","654","598","9.36%","575","538","6.88%","-1.81","不適用","不適用","-","不適用","不適用","-","不適用","不適用","-","不適用","不適用","-","640","0.88","N","N","N","","",
"半導體業","5302","太欣","18502","20","925","924","0.11%","926","931","-0.54%","-0.12","不適用","不適用","-","不適用","不適用","-","不適用","不適用","-","不適用","不適用","-","1400","5.37","N","N","N","","",
"電子零組件業","5309","系統電","332374","344","966","930","3.87%","755","731","3.28%","0.27","不適用","不適用","-","不適用","不適用","-","不適用","不適用","-","不適用","不適用","-","797","2.47","N","N","N","","",
"資訊服務業","5310","天剛","6228","10","623","666","-6.46%","612","620","-1.29%","0.52","不適用","不適用","-","不適用","不適用","-","不適用","不適用","-","不適用","不適用","-","1016","3.17","N","N","N","","",
"生技醫療業","5312","寶島科","836176","933","896","875","2.40%","742","721","2.91%","6.41","不適用","不適用","-","不適用","不適用","-","不適用","不適用","-","不適用","不適用","-","798","1.60","N","N","N","","",
"其他","5314","世紀*","25465","44","579","440","31.59%","372","344","8.14%","5.56","不適用","不適用","-","不適用","不適用","-","不適用","不適用","-","不適用","不適用","-","712","1.85","N","Y","N","114年公司擴大經營，召募員工大部分為新進員工，故影響員工薪酬之平均數。","115年將視新進員工表現狀況予以調薪。",
"光電業","5315","光聯","229511","424","541","525","3.05%","458","441","3.85%","1.90","不適用","不適用","-","不適用","不適用","-","不適用","不適用","-","不適用","不適用","-","882","2.40","N","N","N","","",
"數位雲端","5321","美而快","27081","44","615","618","-0.49%","544","553","-1.63%","-0.27","不適用","不適用","-","不適用","不適用","-","不適用","不適用","-","不適用","不適用","-","872","3.20","N","N","N","","",
"建材營造","5324","士開","56059","40","1401","1318","6.30%","1215","1282","-5.23%","-0.05","不適用","不適用","-","不適用","不適用","-","不適用","不適用","-","不適用","不適用","-","1054","2.09","N","N","N","","",
"電子零組件業","5328","華容","25181","30","839","873","-3.89%","772","853","-9.50%","0.39","            885","不適用","-","            783","不適用","-","            786","不適用","-","            758","不適用","-","797","2.47","N","N","N","","",
"電子零組件業","5340","建榮","225106","296","760","702","8.26%","718","628","14.33%","1.19","不適用","不適用","-","不適用","不適用","-","不適用","不適用","-","不適用","不適用","-","797","2.47","N","N","N","","",
"半導體業","5344","立衛","138212","211","655","625","4.80%","561","532","5.45%","-0.39","不適用","不適用","-","不適用","不適用","-","不適用","不適用","-","不適用","不適用","-","1400","5.37","N","N","N","","",
"其他","5345","馥鴻","3262","5","652","956","-31.80%","634","826","-23.24%","-0.32","            634","不適用","-","            657","不適用","-","            634","不適用","-","            663","不適用","-","712","1.85","N","N","Y","主要係資遣電子產業員工導致員工費用下降所致
113年12月15資遣研發部及產品部員工共10人，
114年02月20日資遣產品及業務部員工共5人。","截至114年底員工人數總計7人，
其中非擔任主管職務之員工已於115年1月全面按物價指數調整薪資共計3%。",
"半導體業","5347","世界","8887201","5402","1645","1572","4.64%","1263","1195","5.69%","4.30","          2,169","不適用","-","          1,193","不適用","-","          1,906","不適用","-","          1,016","不適用","-","1400","5.37","N","N","N","","",
"運動休閒","5348","正能量智能","21381","29","737","716","2.93%","687","642","7.01%","-1.49","不適用","不適用","-","不適用","不適用","-","不適用","不適用","-","不適用","不適用","-","632","1.71","N","N","N","","",
"半導體業","5351","鈺創","402428","289","1392","1298","7.24%","936","897","4.35%","-1.53","不適用","不適用","-","不適用","不適用","-","不適用","不適用","-","不適用","不適用","-","1400","5.37","N","N","N","","",
"通信網路業","5353","台林","314376","387","812","778","4.37%","683","657","3.96%","1.38","不適用","不適用","-","不適用","不適用","-","不適用","不適用","-","不適用","不適用","-","882","2.29","N","N","N","","",
"電子零組件業","5355","佳總","134211","275","488","481","1.46%","449","455","-1.32%","-1.12","            516","不適用","-","            459","不適用","-","            475","不適用","-","            431","不適用","-","797","2.47","Y","N","N","1.因產業特性，作業人員及外籍員工占全公司員工的比率為72.59%，故拉低整體水準。
2.因近年來公司虧損，且無額外季獎金、績效獎金及員工酬勞。","114年相較113年平均薪資增加1.5% ， 且115年3月已調薪平均2.75% 。",
"電腦及週邊設備業","5356","協益","224631","340","661","578","14.36%","573","489","17.18%","0.44","不適用","不適用","-","不適用","不適用","-","不適用","不適用","-","不適用","不適用","-","924","3.90","N","N","N","","",
"觀光餐旅","5364","力麗店","41138","61","674","561","20.14%","595","499","19.24%","-0.77","不適用","不適用","-","不適用","不適用","-","不適用","不適用","-","不適用","不適用","-","640","0.88","N","N","N","","",
"光電業","5371","中光電","1804071","1481","1218","1207","0.91%","1193","1146","4.10%","0.95","不適用","不適用","-","不適用","不適用","-","不適用","不適用","-","不適用","不適用","-","882","2.40","N","N","N","","",
"電機機械","5381","光譜","18297","22","832","818","1.71%","762","715","6.57%","0.72","不適用","不適用","-","不適用","不適用","-","不適用","不適用","-","不適用","不適用","-","747","1.65","N","N","N","","",
"電腦及週邊設備業","5386","青雲","27439","28","980","954","2.73%","959","808","18.69%","8.61","不適用","不適用","-","不適用","不適用","-","不適用","不適用","-","不適用","不適用","-","924","3.90","N","N","N","","",
"光電業","5392","能率","9222","11","838","837","0.12%","789","874","-9.73%","-0.26","不適用","不適用","-","不適用","不適用","-","不適用","不適用","-","不適用","不適用","-","882","2.40","N","N","N","","",
"其他","5398","慕康生醫","5611","8","701","667","5.10%","638","658","-3.04%","0.35","不適用","不適用","-","不適用","不適用","-","不適用","不適用","-","不適用","不適用","-","712","1.85","N","N","N","","",
"資訊服務業","5403","中菲","641081","412","1556","1468","5.99%","1215","1187","2.36%","8.57","不適用","不適用","-","不適用","不適用","-","不適用","不適用","-","不適用","不適用","-","1016","3.17","N","N","N","","",
"資訊服務業","5410","國眾","281837","340","829","743","11.57%","745","690","7.97%","2.35","            831","不適用","-","            812","不適用","-","            761","不適用","-","            695","不適用","-","1016","3.17","N","N","N","","",
"半導體業","5425","台半","468540","618","758","794","-4.53%","629","628","0.16%","2.07","不適用","不適用","-","不適用","不適用","-","不適用","不適用","-","不適用","不適用","-","1400","5.37","N","N","Y","本公司員工薪酬係依據公司章程及敘薪相關辦法施行。114年度個體獲利較113年度減少，相對員工酬勞減少，但影響數據並不大。","提升公司營收及獲利為主要目標，有獲利員工才能獲得更高報酬。",
"電腦及週邊設備業","5426","振發","204991","319","643","591","8.80%","605","546","10.81%","0.52","不適用","不適用","-","不適用","不適用","-","不適用","不適用","-","不適用","不適用","-","924","3.90","N","N","N","","",
"綠能環保","5432","新門","7520","12","627","582","7.73%","552","540","2.22%","2.30","不適用","不適用","-","不適用","不適用","-","不適用","不適用","-","不適用","不適用","-","776","3.07","N","N","N","","",
"電腦及週邊設備業","5438","東友","89887","86","1045","1054","-0.85%","936","1035","-9.57%","0.51","不適用","不適用","-","不適用","不適用","-","不適用","不適用","-","不適用","不適用","-","924","3.90","N","N","N","","",
"電子零組件業","5439","高技","825714","765","1079","705","53.05%","808","642","25.86%","13.74","不適用","不適用","-","不適用","不適用","-","不適用","不適用","-","不適用","不適用","-","797","2.47","N","N","N","","",
"半導體業","5443","均豪","405432","328","1236","974","26.90%","1168","917","27.37%","2.59","不適用","不適用","-","不適用","不適用","-","不適用","不適用","-","不適用","不適用","-","1400","5.37","N","N","N","","",
"其他","5450","南良","303075","480","631","686","-8.02%","572","599","-4.51%","0.22","不適用","不適用","-","不適用","不適用","-","不適用","不適用","-","不適用","不適用","-","712","1.85","N","N","N","","",
"其他電子業","5452","佶優","35620","33","1079","1168","-7.62%","948","939","0.96%","0.33","不適用","不適用","-","不適用","不適用","-","不適用","不適用","-","不適用","不適用","-","975","4.62","N","N","N","","",
"建材營造","5455","昇益","15841","13","1219","1213","0.49%","922","887","3.95%","3.46","不適用","不適用","-","不適用","不適用","-","不適用","不適用","-","不適用","不適用","-","1054","2.09","N","N","N","","",
"電子零組件業","5457","宣德","406078","439","925","774","19.51%","730","588","24.15%","2.77","不適用","不適用","-","不適用","不適用","-","不適用","不適用","-","不適用","不適用","-","797","2.47","N","N","N","","",
"電子零組件業","5460","同協","45557","67","680","699","-2.72%","588","591","-0.51%","-0.17","不適用","不適用","-","不適用","不適用","-","不適用","不適用","-","不適用","不適用","-","797","2.47","N","N","N","","",
"電子零組件業","5464","霖宏","144759","311","465","445","4.49%","438","422","3.79%","-2.59","不適用","不適用","-","不適用","不適用","-","不適用","不適用","-","不適用","不適用","-","797","2.47","Y","N","N","由於營收及獲利表現未如預期，影響整體薪酬資源配置，致員工平均薪資水準低於同業平均。","本公司將持續提升獲利能力，並透過合理薪酬及獎勵機制與員工共享經營成果，以激勵士氣及提升整體競爭力。",
"電腦及週邊設備業","5465","富驊","24075","25","963","1022","-5.77%","931","953","-2.31%","1.29","不適用","不適用","-","不適用","不適用","-","不適用","不適用","-","不適用","不適用","-","924","3.90","N","N","N","","",
"半導體業","5468","凱鈺","15770","17","928","954","-2.73%","816","811","0.62%","-0.65","不適用","不適用","-","不適用","不適用","-","不適用","不適用","-","不適用","不適用","-","1400","5.37","N","N","N","","",
"電腦及週邊設備業","5474","聰泰","198622","138","1439","1400","2.79%","1176","1183","-0.59%","5.49","不適用","不適用","-","不適用","不適用","-","不適用","不適用","-","不適用","不適用","-","924","3.90","N","N","N","","",
"電子零組件業","5475","德宏","11859","18","659","576","14.41%","493","494","-0.20%","-0.16","不適用","不適用","-","不適用","不適用","-","不適用","不適用","-","不適用","不適用","-","797","2.47","N","N","N","","",
"文化創意業","5478","智冠","410849","392","1048","1009","3.87%","900","870","3.45%","7.93","不適用","不適用","-","不適用","不適用","-","不適用","不適用","-","不適用","不適用","-","1438","7.43","N","Y","N","114年每股盈餘較113年增加，於114年初全面調薪，並增加獎金發放。
114年員工薪資平均數為近五年最高，並持續優化薪酬福利。
公司主要據點分北、高兩區，兩區合併與同區同產業文化創意業公司相比，不一定具關聯性。","本公司在114年初全面調薪，並增加獎金項目發放。
114年度員工酬勞，較113年度總額增加，全員工共享獲利成長成果。",
"其他","5481","新華","5674","9","630","681","-7.49%","480","617","-22.20%","-0.65","不適用","不適用","-","不適用","不適用","-","不適用","不適用","-","不適用","不適用","-","712","1.85","N","N","N","","",
"半導體業","5483","中美晶","423659","321","1320","1080","22.22%","1022","996","2.61%","6.71","不適用","不適用","-","不適用","不適用","-","不適用","不適用","-","不適用","不適用","-","1400","5.37","N","Y","N","本公司114年EPS及員工薪資變動受營運、產業特性及人力結構等因素影響；考量同業間規模與薪酬政策差異，指標間未宜直接比較。整體觀察尚無顯著不合理情形，並持續滾動檢討。","本公司持續檢視薪酬與福利制度，並參酌營運績效、產業趨勢及市場薪資水準適時調整，期使員工共享經營成果，兼顧人才留任與公司長期穩定發展。",
"半導體業","5487","通泰","40279","40","1007","985","2.23%","995","944","5.40%","-0.53","不適用","不適用","-","不適用","不適用","-","不適用","不適用","-","不適用","不適用","-","1400","5.37","N","N","N","","",
"電子零組件業","5488","松普","34105","62","550","556","-1.08%","529","548","-3.47%","0.11","不適用","不適用","-","不適用","不適用","-","不適用","不適用","-","不適用","不適用","-","797","2.47","N","N","Y","原因：員工結構的改變，114年初3位資深員工離職，增僱薪資較資深員工低之新進員工，導致114年度平均薪資及中位數較113年度略微下降。","未來視員工績效KPI表現, 予以適當薪資調整, 給予獎勵。",
"其他電子業","5489","彩富","283595","322","881","952","-7.46%","675","691","-2.32%","2.01","不適用","不適用","-","不適用","不適用","-","不適用","不適用","-","不適用","不適用","-","975","4.62","N","N","N","","",
"電腦及週邊設備業","5490","同亨","165246","159","1039","1023","1.56%","991","967","2.48%","1.69","不適用","不適用","-","不適用","不適用","-","不適用","不適用","-","不適用","不適用","-","924","3.90","N","N","N","","",
"其他電子業","5493","三聯","84196","78","1079","1183","-8.79%","1002","1136","-11.80%","4.18","不適用","不適用","-","不適用","不適用","-","不適用","不適用","-","不適用","不適用","-","975","4.62","N","N","N","","",
"電子零組件業","5498","凱崴","72615","117","621","586","5.97%","594","554","7.22%","0.00","不適用","不適用","-","不適用","不適用","-","不適用","不適用","-","不適用","不適用","-","797","2.47","N","N","N","","",
"建材營造","5508","永信建","40514","36","1125","1383","-18.66%","1096","1308","-16.21%","3.07","不適用","不適用","-","不適用","不適用","-","不適用","不適用","-","不適用","不適用","-","1054","2.09","N","N","N","","",
"建材營造","5511","德昌","363309","318","1142","1049","8.87%","1054","969","8.77%","10.64","不適用","不適用","-","不適用","不適用","-","不適用","不適用","-","不適用","不適用","-","1054","2.09","N","N","N","","",
"建材營造","5512","力麒","27707","30","924","946","-2.33%","849","903","-5.98%","0.16","不適用","不適用","-","不適用","不適用","-","不適用","不適用","-","不適用","不適用","-","1054","2.09","N","N","N","","",
"建材營造","5514","三豐","10845","11","986","1042","-5.37%","954","994","-4.02%","-0.13","不適用","不適用","-","不適用","不適用","-","不適用","不適用","-","不適用","不適用","-","1054","2.09","N","N","N","","",
"建材營造","5516","雙喜","184839","300","616","661","-6.81%","502","505","-0.59%","0.16","不適用","不適用","-","不適用","不適用","-","不適用","不適用","-","不適用","不適用","-","1054","2.09","N","N","Y","因114年度增聘外籍移工約45%，以致薪資平均數較前一年減少。","移工職務為基層技術工及勞力工，非經理人之
全時員工薪資依個人表現適當調整。薪資皆為勞資雙方合意。",
"建材營造","5520","力泰","336209","180","1868","1651","13.14%","1776","1536","15.63%","9.97","不適用","不適用","-","不適用","不適用","-","不適用","不適用","-","不適用","不適用","-","1054","2.09","N","N","N","","",
"建材營造","5523","豐謙","8243","13","634","690","-8.12%","564","597","-5.53%","-0.09","不適用","不適用","-","不適用","不適用","-","不適用","不適用","-","不適用","不適用","-","1054","2.09","N","N","N","","",
"建材營造","5529","鉅陞","18145","23","789","798","-1.13%","689","623","10.59%","2.01","不適用","不適用","-","不適用","不適用","-","不適用","不適用","-","不適用","不適用","-","1054","2.09","N","N","Y","因應公司營運規劃，辦公地點遷至台中。雖提供補助，部分員工仍無法配合異地辦公而離職，公司因此增聘新進人員。受人力結構調整及新進員工薪資水準影響，雖EPS成長，惟非經理人全時員工平均薪資較前一年度下降。","1.提高員工留任率
2.創造開放的溝通渠道，鼓勵員工表達想法
3.給予基層員工學習成長的機會
4.促進工作與生活平衡
5.獎勵和認可員工
6.招募合適的人才",
"其他","5530","龍巖","516095","567","910","905","0.55%","763","738","3.39%","2.75","不適用","不適用","-","不適用","不適用","-","不適用","不適用","-","不適用","不適用","-","712","1.85","N","N","N","","",
"其他電子業","5536","聖暉*","648939","414","1567","1403","11.69%","1299","1149","13.05%","28.42","不適用","不適用","-","不適用","不適用","-","不適用","不適用","-","不適用","不適用","-","975","4.62","N","N","N","","",
"建材營造","5547","久舜","182742","195","937","0","0.00%","867","0","0.00%","3.06","不適用","不適用","-","不適用","不適用","-","不適用","不適用","-","不適用","不適用","-","1054","2.09","N","Y","N","因公司外籍移工薪資結構低於本籍員工，故公司年度平均薪資無法與公司經營績效成長成正比。","本公司115年年度調薪平均數為7%，亦持維每年薪資調整數與同業市場薪資水平相近。",
"建材營造","5548","安倉","261903","310","845","807","4.71%","722","683","5.71%","2.03","不適用","不適用","-","不適用","不適用","-","不適用","不適用","-","不適用","不適用","-","1054","2.09","N","N","N","","",
"航運業","5601","台聯櫃","6330","7","904","895","1.01%","856","854","0.23%","0.42","不適用","不適用","-","不適用","不適用","-","不適用","不適用","-","不適用","不適用","-","919","3.07","N","N","N","","",
"航運業","5603","陸海","196773","261","754","812","-7.14%","697","755","-7.68%","0.40","不適用","不適用","-","不適用","不適用","-","不適用","不適用","-","不適用","不適用","-","919","3.07","N","N","N","","",
"其他","5604","中連","2401","3","800","705","13.48%","910","716","27.10%","0.85","不適用","不適用","-","不適用","不適用","-","不適用","不適用","-","不適用","不適用","-","712","1.85","N","N","N","","",
"航運業","5609","中菲行","176539","133","1327","1371","-3.21%","886","963","-8.00%","8.00","不適用","不適用","-","不適用","不適用","-","不適用","不適用","-","不適用","不適用","-","919","3.07","N","N","Y","因獎金發放時間差的因素114年度獎金將於115年度發放與公司EPS並無不一致的情形。","係獎金發放時間差問題，為公司政策所致。",
"觀光餐旅","5701","劍湖山","121279","255","476","457","4.16%","425","401","5.99%","-0.26","不適用","不適用","-","不適用","不適用","-","不適用","不適用","-","不適用","不適用","-","640","0.88","Y","N","N","本公司主營主題樂園及渡假飯店,基層員工佔比高,114年度公司虧損下降,雖非經理人之全時員工薪資平均數未達50萬元,但已較113年度增加4.2%,應屬合理。","面臨產業缺工,本公司將優化薪酬福利,加強產學合作與人力彈性配置,以穩定人力、提升留任率。
本公司近年來積極調整經營策略,全力擴大營運動能拚成長,期能轉虧為盈與員工共榮共好。",
"觀光餐旅","5703","亞都麗緻","128301","239","537","538","-0.19%","533","528","0.95%","0.53","不適用","不適用","-","不適用","不適用","-","不適用","不適用","-","不適用","不適用","-","640","0.88","N","N","Y","114年度本公司營運績效顯著提升（稅後淨利較
前一年度大幅成長），為因應營運成長
需求而擴大招募人力，致使員工人數(含實習生及兼職員工)增加。","本公司未來仍將持續檢視市場趨勢及公司營運狀況，適時調整薪酬制度及績效評估機制，以確保薪酬發放之合理性並強化員工激勵效果。對於試用期員工轉正評估機制依績效表現適度調整薪酬，以提升留任與激勵效果。",
"觀光餐旅","5704","老爺知","74953","148","506","551","-8.17%","451","489","-7.77%","0.39","不適用","不適用","-","不適用","不適用","-","不適用","不適用","-","不適用","不適用","-","640","0.88","N","N","N","","",
"金融業","5864","致和證","99193","166","598","621","-3.70%","526","540","-2.59%","2.56","不適用","不適用","-","不適用","不適用","-","不適用","不適用","-","不適用","不適用","-","1200","2.65","N","N","Y","本公司EPS較前一年度成長，係因自營部的營業證券操作利益，與一般非經理人全時員工較無關聯性，業務績效較上期成長故非經理人全時員工薪酬也較上期增加。","已提列員工紅利於2026年底發放",
"金融業","5878","台名","30182","48","629","630","-0.16%","576","565","1.95%","2.86","不適用","不適用","-","不適用","不適用","-","不適用","不適用","-","不適用","不適用","-","1200","2.65","N","Y","Y","本公司114年持續調升員工薪資，薪酬增長，114年薪資中位數較前一年度增加。平均數與去年僅些微差距，主要因人員異動調整。本公司員工薪酬為內勤行政，不含業務承攬人員佣金，與銀行壽險金融業含業務人員數據不同。","1_隨營運績效持續調薪及提升獎金，114年修改章程，明訂從員工酬勞總額中，分派50%以上為基層員工酬勞。
2_本公司雖屬金融業，此類別產業含銀行壽險金控公司，不適合直接比較。",
"居家生活","5902","德記","83305","96","868","876","-0.91%","762","762","0.00%","2.24","不適用","不適用","-","不適用","不適用","-","不適用","不適用","-","不適用","不適用","-","708","5.75","N","N","Y","115年非經理人全時員工薪資平均數衰退係因同一年遇多位資深員工退休或離職，接替人員資歷較淺，致薪資平均數微幅衰退。","公司每年持續視營運績效與市場水準進行調薪。",
"居家生活","5903","全家","2898450","3502","828","811","2.10%","736","730","0.82%","7.60","不適用","不適用","-","不適用","不適用","-","不適用","不適用","-","不適用","不適用","-","708","5.75","N","N","N","","",
"居家生活","5904","寶雅","2072075","3186","650","634","2.52%","596","574","3.83%","29.54","不適用","不適用","-","不適用","不適用","-","不適用","不適用","-","不適用","不適用","-","708","5.75","N","Y","N","公司屬零售業直營型態（非加盟）的自助型賣場，有近90%人力屬第ㄧ線服務人員。且因大規模展店，晉用高比例新人及職場新鮮人予以培訓，影響平均薪資。","公司每年依員工績效考核結果予以晉升、調薪。",
"觀光餐旅","5905","南仁湖","88749","208","427","418","2.15%","412","400","3.00%","-0.63","不適用","不適用","-","不適用","不適用","-","不適用","不適用","-","不適用","不適用","-","640","0.88","Y","N","N","114年度扣除轉投資收益後，本公司稅前淨損為141,072千元。勞動部薪資查詢系統，同業非擔任主管職員工總薪資為32,438元~44,188元 (月)。本公司年度薪資平均數為427千元(每月為35,583元)，與同業並無重大差異。","持續提升營收、培養員工晉升",
"金融業","6015","宏遠證","472283","433","1091","1094","-0.27%","901","911","-1.10%","0.76","不適用","不適用","-","不適用","不適用","-","不適用","不適用","-","不適用","不適用","-","1200","2.65","N","N","N","","",
"金融業","6016","康和證","711467","552","1289","1298","-0.69%","1018","975","4.41%","1.98","不適用","不適用","-","不適用","不適用","-","不適用","不適用","-","不適用","不適用","-","1200","2.65","N","N","Y","因營業人員業績獎金屬變動薪資，且證券營業人員之獎金受績效影響甚鉅，本年度因經紀市占率下降致營業同仁平均獎金減少。","營業人員薪酬大多來自個人績效表現，與公司整體獲利影響關聯較小，故將檢討新進營業同仁固定薪酬與變動薪酬結構。",
"金融業","6020","大展證","45970","61","754","749","0.67%","736","691","6.51%","0.39","不適用","不適用","-","不適用","不適用","-","不適用","不適用","-","不適用","不適用","-","1200","2.65","N","N","N","","",
"金融業","6021","美好證","333296","299","1115","1079","3.34%","964","918","5.01%","3.76","不適用","不適用","-","不適用","不適用","-","不適用","不適用","-","不適用","不適用","-","1200","2.65","N","Y","N","招募大量社會新鮮人，不同年齡層比例變化，員工結構年輕化，產生薪資統計上的稀釋","目前公司正積極進行變動獎金制度的改革，並定期進行薪酬市場動態調查",
"金融業","6023","元大期貨","575379","358","1607","1591","1.01%","1434","1379","3.99%","8.45","          1,714","不適用","-","          1,504","不適用","-","          1,578","不適用","-","          1,366","不適用","-","1200","2.65","N","N","N","","",
"金融業","6026","福邦證","269398","197","1368","1230","11.22%","1021","1006","1.49%","1.72","不適用","不適用","-","不適用","不適用","-","不適用","不適用","-","不適用","不適用","-","1200","2.65","N","N","N","","",
"文化創意業","6101","寬魚國際","16456","20","823","799","3.00%","684","657","4.11%","-0.19","不適用","不適用","-","不適用","不適用","-","不適用","不適用","-","不適用","不適用","-","1438","7.43","N","N","N","","",
"半導體業","6103","合邦","2554","4","639","567","12.70%","668","589","13.41%","-0.56","不適用","不適用","-","不適用","不適用","-","不適用","不適用","-","不適用","不適用","-","1400","5.37","N","N","N","","",
"半導體業","6104","創惟","620815","258","2406","2105","14.30%","2125","1829","16.18%","5.62","不適用","不適用","-","不適用","不適用","-","不適用","不適用","-","不適用","不適用","-","1400","5.37","N","N","N","","",
"通信網路業","6109","亞元","41989","54","778","788","-1.27%","731","680","7.50%","-0.94","不適用","不適用","-","不適用","不適用","-","不適用","不適用","-","不適用","不適用","-","882","2.29","N","N","Y","114年度公司因應集團發展策略及組織整合需求，使得人員異動及薪資結構差異影響。","本公司依營運情形發放獎金及員工酬勞，使員工薪酬與公司經營績效具合理關聯性。未來將持續優化營運績效、完善績效考核制度及薪酬福利措施，以提升員工向心力及公司競爭力。",
"文化創意業","6111","光聚晶電","113389","131","866","776","11.60%","777","680","14.26%","-4.63","不適用","不適用","-","不適用","不適用","-","不適用","不適用","-","不適用","不適用","-","1438","7.43","N","N","N","","",
"電子通路業","6113","亞矽","38812","42","924","926","-0.22%","937","906","3.42%","-0.25","            973","不適用","-","            845","不適用","-","            959","不適用","-","            740","不適用","-","842","0.99","N","N","N","","",
"電子零組件業","6114","久威","19906","26","766","747","2.54%","617","684","-9.80%","2.66","不適用","不適用","-","不適用","不適用","-","不適用","不適用","-","不適用","不適用","-","797","2.47","N","Y","N","本公司處分子公司蘇州久鋐電子，產生處分利益188,270仟元挹注EPS。且因新進員工佔比高，進而影響員工薪資平均數。","本公司持續落實員工共享經營成果理念，除114年度依法提列員工酬勞新台幣5,851,810元外，並於公司章程明定基層員工分配比例(員工酬勞實際提撥金額中應以不低於40%為基層員工分配酬勞)，以提升員工薪酬及留才成效。",
"電子通路業","6118","建達","139511","240","581","637","-8.79%","521","580","-10.17%","0.40","不適用","不適用","-","不適用","不適用","-","不適用","不適用","-","不適用","不適用","-","842","0.99","N","N","Y","本公司 114 年度非主管職全時員工平均薪資較前一年度下降，主要係因新進員工招募增加、任職未滿全年之員工比重提高，以及資深同仁離職及退休所致，致整體薪資結構產生變動。","未來將持續強化新進員工培育與留任機制、評估久任及留才措施，並依年度獲利情形適度回饋員工，以穩定人才結構並提升員工留任率。",
"電腦及週邊設備業","6121","新普","495879","365","1359","1345","1.04%","1134","1183","-4.14%","30.60","不適用","不適用","-","不適用","不適用","-","不適用","不適用","-","不適用","不適用","-","924","3.90","N","N","N","","",
"電機機械","6122","擎邦","299922","256","1172","1125","4.18%","1043","1006","3.68%","4.78","不適用","不適用","-","不適用","不適用","-","不適用","不適用","-","不適用","不適用","-","747","1.65","N","N","N","","",
"資訊服務業","6123","上奇","20705","26","796","741","7.42%","693","695","-0.29%","2.73","不適用","不適用","-","不適用","不適用","-","不適用","不適用","-","不適用","不適用","-","1016","3.17","N","N","N","","",
"電子零組件業","6124","業強","12348","19","650","695","-6.47%","604","592","2.03%","-0.99","不適用","不適用","-","不適用","不適用","-","不適用","不適用","-","不適用","不適用","-","797","2.47","N","N","Y","本公司114年度EPS較前一年度成長，主要係因營運改善及虧損幅度較前一年度縮減所致，並非因獲利大幅增加所造成。","考量公司整體財務狀況及永續經營需求，薪酬政策仍以穩健原則規劃。",
"電機機械","6125","廣運","441580","454","973","925","5.19%","816","786","3.82%","0.10","不適用","不適用","-","不適用","不適用","-","不適用","不適用","-","不適用","不適用","-","747","1.65","N","N","N","","",
"電子零組件業","6126","信音","11501","14","822","808","1.73%","729","738","-1.22%","0.71","不適用","不適用","-","不適用","不適用","-","不適用","不適用","-","不適用","不適用","-","797","2.47","N","N","N","","",
"電子零組件業","6127","九豪","111605","171","653","585","11.62%","594","570","4.21%","0.47","不適用","不適用","-","不適用","不適用","-","不適用","不適用","-","不適用","不適用","-","797","2.47","N","N","N","","",
"半導體業","6129","普誠","193075","191","1011","992","1.92%","908","895","1.45%","-1.09","不適用","不適用","-","不適用","不適用","-","不適用","不適用","-","不適用","不適用","-","1400","5.37","N","N","N","","",
"生技醫療業","6130","上亞科技","13406","21","638","737","-13.43%","610","569","7.21%","-1.72","不適用","不適用","-","不適用","不適用","-","不適用","不適用","-","不適用","不適用","-","798","1.60","N","N","N","","",
"電子零組件業","6134","萬旭","72864","101","721","706","2.12%","658","661","-0.45%","0.12","不適用","不適用","-","不適用","不適用","-","不適用","不適用","-","不適用","不適用","-","797","2.47","N","N","N","","",
"半導體業","6138","茂達","533791","284","1880","1623","15.83%","1649","1443","14.28%","13.04","不適用","不適用","-","不適用","不適用","-","不適用","不適用","-","不適用","不適用","-","1400","5.37","N","N","N","","",
"資訊服務業","6140","訊達電腦","71005","103","689","668","3.14%","550","547","0.55%","-1.93","不適用","不適用","-","不適用","不適用","-","不適用","不適用","-","不適用","不適用","-","1016","3.17","N","N","N","","",
"通信網路業","6143","振曜","292282","352","830","717","15.76%","677","614","10.26%","6.46","          1,094","不適用","-","            692","不適用","-","            991","不適用","-","            658","不適用","-","882","2.29","N","Y","N","秉持深耕台灣、維護本地就業之承諾，持續保留製造單位於台灣營運，公司基層生產線佔總人數49%，外籍移工佔全體人數29%，然受限於外籍移工制度設計，薪資依政府規定支付基本工資，致整體薪資平均數低於同業水準。","1.強化外籍移工之職務訓練及升遷管道，並將表現優異移工轉中階技術人員，增加其在台灣工作機會及待遇。
2.逐步導向AI自動化生產，增加高附加價值職種及技術性人力之比重。",
"文化創意業","6144","得利影","32391","58","558","550","1.45%","541","525","3.05%","-0.36","不適用","不適用","-","不適用","不適用","-","不適用","不適用","-","不適用","不適用","-","1438","7.43","N","N","N","","",
"其他電子業","6146","耕興","724329","729","994","1023","-2.83%","786","816","-3.68%","10.77","不適用","不適用","-","不適用","不適用","-","不適用","不適用","-","不適用","不適用","-","975","4.62","N","Y","N","本公司EPS雖高於同一產業類別平均數，惟因114年之營收、獲利較113年減少，故各項績效獎金減少，但本公司114年之員工薪資平均數仍高於同一產業類別平均數。","本公司訂定各項獎勵辦法，依辦法提撥各項獎金，並參酌同業薪資水準隨時檢視非主管員工敘薪，同時於114年股東會通過修改公司章程第18條，增加員工酬勞數額中，應提撥不低於10%予基層員工之規定，以照顧基層員工。",
"半導體業","6147","頎邦","5130488","5005","1025","1001","2.40%","918","870","5.52%","3.74","不適用","不適用","-","不適用","不適用","-","不適用","不適用","-","不適用","不適用","-","1400","5.37","N","N","N","","",
"資訊服務業","6148","驊宏資","35718","47","760","777","-2.19%","631","692","-8.82%","1.36","不適用","不適用","-","不適用","不適用","-","不適用","不適用","-","不適用","不適用","-","1016","3.17","N","N","N","","",
"電腦及週邊設備業","6150","撼訊","111865","152","736","699","5.29%","625","602","3.82%","2.63","不適用","不適用","-","不適用","不適用","-","不適用","不適用","-","不適用","不適用","-","924","3.90","N","N","N","","",
"其他電子業","6151","晉倫","46201","66","700","704","-0.57%","580","641","-9.52%","1.16","不適用","不適用","-","不適用","不適用","-","不適用","不適用","-","不適用","不適用","-","975","4.62","N","N","N","","",
"電子通路業","6154","順發","261542","488","536","502","6.77%","489","458","6.77%","0.51","            554","不適用","-","            509","不適用","-","            505","不適用","-","            461","不適用","-","842","0.99","N","N","N","","",
"電子零組件業","6156","松上","20189","21","961","997","-3.61%","895","949","-5.69%","0.45","不適用","不適用","-","不適用","不適用","-","不適用","不適用","-","不適用","不適用","-","797","2.47","N","N","N","","",
"電子零組件業","6158","禾昌","110679","119","930","1020","-8.82%","820","881","-6.92%","0.11","不適用","不適用","-","不適用","不適用","-","不適用","不適用","-","不適用","不適用","-","797","2.47","N","N","N","","",
"電腦及週邊設備業","6160","欣技","169618","215","789","769","2.60%","681","658","3.50%","-1.19","不適用","不適用","-","不適用","不適用","-","不適用","不適用","-","不適用","不適用","-","924","3.90","N","N","N","","",
"電腦及週邊設備業","6161","捷波","60059","62","969","973","-0.41%","737","716","2.93%","2.72","不適用","不適用","-","不適用","不適用","-","不適用","不適用","-","不適用","不適用","-","924","3.90","N","N","N","","",
"資訊服務業","6163","華電網","858730","750","1145","1088","5.24%","956","923","3.58%","0.75","不適用","不適用","-","不適用","不適用","-","不適用","不適用","-","不適用","不適用","-","1016","3.17","N","N","N","","",
"光電業","6167","久正","116789","198","590","599","-1.50%","532","523","1.72%","-0.03","            710","不適用","-","            509","不適用","-","            668","不適用","-","            472","不適用","-","882","2.40","N","N","N","","",
"文化創意業","6169","昱泉","9156","14","654","619","5.65%","621","608","2.14%","-2.43","不適用","不適用","-","不適用","不適用","-","不適用","不適用","-","不適用","不適用","-","1438","7.43","N","N","N","","",
"通信網路業","6170","統振","81331","55","1479","1387","6.63%","1062","954","11.32%","4.49","不適用","不適用","-","不適用","不適用","-","不適用","不適用","-","不適用","不適用","-","882","2.29","N","N","N","","",
"建材營造","6171","大城地產","9258","13","712","761","-6.44%","657","703","-6.54%","3.82","不適用","不適用","-","不適用","不適用","-","不適用","不適用","-","不適用","不適用","-","1054","2.09","N","Y","N","本公司因所處產業特性，營業收入認列採用「全部完工法」，導致各年度獲利呈現較大波動。114年度已調升非擔任主管職務之員工薪資達4%以上，實質將經營成果回饋予基層員工，足見本公司經營績效充分反映於員工薪酬。","本公司將視前一年度營運成果與經營績效，適度調整員工薪酬，以達利潤共享之核心價值。",
"電子零組件業","6173","信昌電","508573","638","797","751","6.13%","705","667","5.70%","3.26","不適用","不適用","-","不適用","不適用","-","不適用","不適用","-","不適用","不適用","-","797","2.47","N","N","N","","",
"電子零組件業","6174","安碁","135226","215","629","553","13.74%","608","492","23.58%","0.66","不適用","不適用","-","不適用","不適用","-","不適用","不適用","-","不適用","不適用","-","797","2.47","N","N","N","","",
"電子零組件業","6175","立敦","45588","54","844","780","8.21%","797","699","14.02%","2.68","不適用","不適用","-","不適用","不適用","-","不適用","不適用","-","不適用","不適用","-","797","2.47","N","N","N","","",
"其他","6179","亞通","134710","148","910","982","-7.33%","861","946","-8.99%","0.05","不適用","不適用","-","不適用","不適用","-","不適用","不適用","-","不適用","不適用","-","712","1.85","N","N","N","","",
"文化創意業","6180","橘子","628284","510","1232","1122","9.80%","961","793","21.19%","-1.53","不適用","不適用","-","不適用","不適用","-","不適用","不適用","-","不適用","不適用","-","1438","7.43","N","N","N","","",
"半導體業","6182","合晶","737880","965","765","722","5.96%","690","660","4.55%","0.09","不適用","不適用","-","不適用","不適用","-","不適用","不適用","-","不適用","不適用","-","1400","5.37","N","N","N","","",
"電子零組件業","6185","幃翔","9674","15","645","665","-3.01%","599","618","-3.07%","0.22","不適用","不適用","-","不適用","不適用","-","不適用","不適用","-","不適用","不適用","-","797","2.47","N","N","Y","本公司114年度離職5名員工，以致非主管職員工薪資平均數較前一年度減少。","本公司已陸續補足相應職缺。",
"建材營造","6186","新潤","102601","34","3018","1944","55.25%","3100","1967","57.60%","7.81","不適用","不適用","-","不適用","不適用","-","不適用","不適用","-","不適用","不適用","-","1054","2.09","N","N","N","","",
"半導體業","6187","萬潤","508898","357","1425","1347","5.79%","1202","1138","5.62%","15.46","不適用","不適用","-","不適用","不適用","-","不適用","不適用","-","不適用","不適用","-","1400","5.37","N","N","N","","",
"電腦及週邊設備業","6188","廣明","285267","170","1678","1469","14.23%","1493","1312","13.80%","3.61","不適用","不適用","-","不適用","不適用","-","不適用","不適用","-","不適用","不適用","-","924","3.90","N","N","N","","",
"通信網路業","6190","萬泰科","219153","221","992","952","4.20%","845","768","10.03%","2.19","不適用","不適用","-","不適用","不適用","-","不適用","不適用","-","不適用","不適用","-","882","2.29","N","N","N","","",
"電子零組件業","6194","育富","2337","4","584","619","-5.65%","560","596","-6.04%","2.19","不適用","不適用","-","不適用","不適用","-","不適用","不適用","-","不適用","不適用","-","797","2.47","N","N","N","","",
"居家生活","6195","詩肯","202485","313","647","616","5.03%","546","556","-1.80%","0.99","不適用","不適用","-","不適用","不適用","-","不適用","不適用","-","不適用","不適用","-","708","5.75","N","N","N","","",
"建材營造","6198","瑞築","11486","11","1044","1145","-8.82%","1113","1062","4.80%","-0.23","不適用","不適用","-","不適用","不適用","-","不適用","不適用","-","不適用","不適用","-","1054","2.09","N","N","Y","因營運擴展而擴編基層員工，故導致平均薪資較去年同期微幅下滑。","未來隨著基層員工技能提升及工作效益產生，本公司將透過獎金制度及定期滾動式調薪逐步帶動整體平均薪資成長。",
"其他","6199","天品","5552","7","793","585","35.56%","545","515","5.83%","0.31","不適用","不適用","-","不適用","不適用","-","不適用","不適用","-","不適用","不適用","-","712","1.85","N","N","N","","",
"電子零組件業","6203","海韻電","97463","90","1083","957","13.17%","966","833","15.97%","5.51","不適用","不適用","-","不適用","不適用","-","不適用","不適用","-","不適用","不適用","-","797","2.47","N","N","N","","",
"電子零組件業","6204","艾華","24958","35","713","666","7.06%","645","588","9.69%","1.18","不適用","不適用","-","不適用","不適用","-","不適用","不適用","-","不適用","不適用","-","797","2.47","N","N","N","","",
"電子零組件業","6207","雷科","123162","178","692","722","-4.16%","633","650","-2.62%","0.90","不適用","不適用","-","不適用","不適用","-","不適用","不適用","-","不適用","不適用","-","797","2.47","N","N","N","","",
"半導體業","6208","日揚","391669","459","853","897","-4.91%","737","755","-2.38%","2.52","不適用","不適用","-","不適用","不適用","-","不適用","不適用","-","不適用","不適用","-","1400","5.37","N","N","N","","",
"電子零組件業","6210","慶生","132408","221","599","560","6.96%","572","534","7.12%","-3.10","不適用","不適用","-","不適用","不適用","-","不適用","不適用","-","不適用","不適用","-","797","2.47","N","N","N","","",
"建材營造","6212","理銘","23096","16","1444","1314","9.89%","1158","1125","2.93%","3.96","不適用","不適用","-","不適用","不適用","-","不適用","不適用","-","不適用","不適用","-","1054","2.09","N","N","N","","",
"電子零組件業","6217","中探針","132341","198","668","674","-0.89%","559","583","-4.12%","-1.65","不適用","不適用","-","不適用","不適用","-","不適用","不適用","-","不適用","不適用","-","797","2.47","N","N","Y","一、公司獲利表現改善（虧損減少）主要於業外收益挹注
二、人力結構調整，使非主管全時員工人數從216人降至198人。是因離職人員包含較高薪資者，致整體平均薪資拉低，因此營運表現及員工薪資無直接關聯，具合理性","本公司未來在經營績效提升後，會持續檢視薪酬制度與人力結構。後續將逐步優化薪資水準、強化內部公平性與市場競爭力，並滾動式調整人力配置，以提升整體薪酬的合理性。",
"通信網路業","6218","豪勉","149747","147","1019","946","7.72%","879","827","6.29%","-1.15","不適用","不適用","-","不適用","不適用","-","不適用","不適用","-","不適用","不適用","-","882","2.29","N","N","N","","",
"建材營造","6219","富旺","33319","44","757","1469","-48.47%","652","791","-17.57%","-0.76","不適用","不適用","-","不適用","不適用","-","不適用","不適用","-","不適用","不適用","-","1054","2.09","N","N","N","","",
"電子零組件業","6220","岳豐","84768","114","744","772","-3.63%","663","674","-1.63%","0.81","            709","不適用","-","            796","不適用","-","            630","不適用","-","            694","不適用","-","797","2.47","N","N","N","","",
"資訊服務業","6221","晉泰","272916","230","1187","1130","5.04%","978","935","4.60%","2.35","不適用","不適用","-","不適用","不適用","-","不適用","不適用","-","不適用","不適用","-","1016","3.17","N","N","N","","",
"光電業","6222","立軒","1656","3","552","511","8.02%","653","550","18.73%","-0.40","不適用","不適用","-","不適用","不適用","-","不適用","不適用","-","不適用","不適用","-","882","2.40","N","N","N","","",
"半導體業","6223","旺矽","3303749","1955","1690","1576","7.23%","1501","1332","12.69%","33.49","不適用","不適用","-","不適用","不適用","-","不適用","不適用","-","不適用","不適用","-","1400","5.37","N","N","N","","",
"電子通路業","6227","茂綸","316829","230","1378","1266","8.85%","1243","1238","0.40%","7.54","不適用","不適用","-","不適用","不適用","-","不適用","不適用","-","不適用","不適用","-","842","0.99","N","N","N","","",
"電腦及週邊設備業","6228","全譜","15008","23","653","615","6.18%","592","605","-2.15%","-0.47","不適用","不適用","-","不適用","不適用","-","不適用","不適用","-","不適用","不適用","-","924","3.90","N","N","N","","",
"半導體業","6229","研通","22255","25","890","946","-5.92%","807","836","-3.47%","0.05","            977","不適用","-","            761","不適用","-","            913","不適用","-","            724","不適用","-","1400","5.37","N","N","N","","",
"資訊服務業","6231","系微","658320","559","1178","1175","0.26%","920","919","0.11%","6.66","不適用","不適用","-","不適用","不適用","-","不適用","不適用","-","不適用","不適用","-","1016","3.17","N","N","N","","",
"半導體業","6233","旺玖","92564","73","1268","1180","7.46%","1148","1061","8.20%","-0.16","不適用","不適用","-","不適用","不適用","-","不適用","不適用","-","不適用","不適用","-","1400","5.37","N","N","N","","",
"光電業","6234","高僑","89350","141","634","599","5.84%","551","500","10.20%","0.05","不適用","不適用","-","不適用","不適用","-","不適用","不適用","-","不適用","不適用","-","882","2.40","N","N","N","","",
"數位雲端","6236","中湛","4965","8","621","703","-11.66%","584","679","-13.99%","0.08","不適用","不適用","-","不適用","不適用","-","不適用","不適用","-","不適用","不適用","-","872","3.20","N","N","Y","114年度EPS較前年度成長，惟受人員結構調整影響，致非主管全時員工平均薪資下降，整體薪酬仍依職務、績效及市場水準核定。","公司將持續檢視薪酬結構，參酌同業及市場薪資水準，優化調薪、績效獎酬及留才制度，並視營運成果逐步提升員工整體薪酬競爭力。",
"半導體業","6237","驊訊","153476","119","1290","1178","9.51%","1173","1132","3.62%","-1.52","不適用","不適用","-","不適用","不適用","-","不適用","不適用","-","不適用","不適用","-","1400","5.37","N","N","N","","",
"資訊服務業","6240","松崗","24134","29","832","839","-0.83%","824","813","1.35%","-1.15","不適用","不適用","-","不適用","不適用","-","不適用","不適用","-","不適用","不適用","-","1016","3.17","N","N","N","","",
"通信網路業","6241","鑫永洋","90106","114","790","853","-7.39%","676","728","-7.14%","-0.16","不適用","不適用","-","不適用","不適用","-","不適用","不適用","-","不適用","不適用","-","882","2.29","N","N","Y","114年EPS雖成長但實質仍虧損。基於永續經營，決定停發年終獎金，致非主管員工平均薪資衰退，惟基本固定薪資均正常發放，薪酬仍具合理性。","持續專注開源節流與核心業務，以期儘速轉虧為盈，從根本擴大獎金提撥基礎。同時將精進績效考核，研議導入個人專案貢獻等多元激勵機制，並定期檢視同業薪資水準，待公司營運好轉後實質提升員工薪酬。",
"生技醫療業","6242","立康","79413","132","602","580","3.79%","538","509","5.70%","2.64","不適用","不適用","-","不適用","不適用","-","不適用","不適用","-","不適用","不適用","-","798","1.60","N","Y","N","公司營運型態偏向零售服務業，相對聘用員工大多數為現場客服人員居多，對學歷與技術層面之標準屬中間層次，導致薪資水準相對較生技醫療業同業水準低。對此，公司將會以獎金制度、員工分紅及持股會等機制來激勵員工。","公司將會以獎金制度、員工分紅及持股會等機制來激勵員工。",
"光電業","6244","茂迪","319567","444","720","736","-2.17%","599","591","1.35%","0.14","            772","不適用","-","            654","不適用","-","            649","不適用","-","            571","不適用","-","882","2.40","N","N","N","","",
"通信網路業","6245","立端","665252","683","974","948","2.74%","796","782","1.79%","4.38","不適用","不適用","-","不適用","不適用","-","不適用","不適用","-","不適用","不適用","-","882","2.29","N","N","N","","",
"光電業","6246","臺龍","11903","15","794","720","10.28%","798","714","11.76%","1.14","不適用","不適用","-","不適用","不適用","-","不適用","不適用","-","不適用","不適用","-","882","2.40","N","N","N","","",
"鋼鐵工業","6248","沛波","131819","184","716","689","3.92%","655","609","7.55%","1.53","不適用","不適用","-","不適用","不適用","-","不適用","不適用","-","不適用","不適用","-","756","0.99","N","Y","N","本公司EPS較113年減少，但薪資中位數及平均數較113年成長。
另本公司員工之結構，外籍員工占總員工人數約28%，致平均薪資略低於同業。","公司會持續改善員工相關獎酬及福利措施，以利穩定人才。",
"電子零組件業","6259","百徽","18537","18","1030","984","4.67%","979","902","8.54%","0.70","不適用","不適用","-","不適用","不適用","-","不適用","不適用","-","不適用","不適用","-","797","2.47","N","N","N","","",
"半導體業","6261","久元","1003815","960","1046","1040","0.58%","889","885","0.45%","4.23","不適用","不適用","-","不適用","不適用","-","不適用","不適用","-","不適用","不適用","-","1400","5.37","N","N","N","","",
"通信網路業","6263","普萊德","153617","152","1011","969","4.33%","935","890","5.06%","8.32","不適用","不適用","-","不適用","不適用","-","不適用","不適用","-","不適用","不適用","-","882","2.29","N","N","N","","",
"建材營造","6264","富裔","27218","31","878","824","6.55%","686","657","4.41%","-0.50","不適用","不適用","-","不適用","不適用","-","不適用","不適用","-","不適用","不適用","-","1054","2.09","N","N","N","","",
"電子通路業","6265","方土昶","6402","9","711","756","-5.95%","700","723","-3.18%","0.68","不適用","不適用","-","不適用","不適用","-","不適用","不適用","-","不適用","不適用","-","842","0.99","N","N","Y","114年度EPS較前年度成長，惟因部分員工離職及新進人員任職未滿全年，影響平均薪資計算結果，致非經理人平均薪資下降，與公司經營績效變動並無直接關聯。","本公司將持續依營運成果、員工績效及市場薪資水準檢討薪酬制度，適時辦理調薪及發放獎金，並強化人才培育與留任措施，以提升員工薪酬及競爭力。",
"電子零組件業","6266","泰詠","317227","436","728","667","9.15%","694","584","18.84%","2.00","不適用","不適用","-","不適用","不適用","-","不適用","不適用","-","不適用","不適用","-","797","2.47","N","N","N","","",
"電子通路業","6270","倍微","62295","56","1112","1064","4.51%","1051","988","6.38%","1.08","不適用","不適用","-","不適用","不適用","-","不適用","不適用","-","不適用","不適用","-","842","0.99","N","N","N","","",
"電子零組件業","6274","台燿","1034828","1007","1028","952","7.98%","907","858","5.71%","12.13","不適用","不適用","-","不適用","不適用","-","不適用","不適用","-","不適用","不適用","-","797","2.47","N","N","N","","",
"電子零組件業","6275","元山","310472","484","641","579","10.71%","514","474","8.44%","2.81","不適用","不適用","-","不適用","不適用","-","不適用","不適用","-","不適用","不適用","-","797","2.47","N","Y","N","因本公司產業特性，第一線員工人數占比高，新進多且年資短，進而影響薪資平均數。","1.發展與建立外部公平、內部公平與個人公平薪酬福利。
2.根據勞動市場的供需情形規劃適切的薪酬福利方案。
3.以績效『用』才，發揮人才專業水準以達成工作目標，改善性別薪資差異。",
"電腦及週邊設備業","6276","安鈦克","18798","23","817","789","3.55%","743","749","-0.80%","0.92","不適用","不適用","-","不適用","不適用","-","不適用","不適用","-","不適用","不適用","-","924","3.90","N","N","N","","",
"電子零組件業","6279","胡連","518634","623","832","832","0.00%","694","684","1.46%","10.74","不適用","不適用","-","不適用","不適用","-","不適用","不適用","-","不適用","不適用","-","797","2.47","N","N","N","","",
"電子零組件業","6284","佳邦","646885","844","766","789","-2.92%","586","651","-9.98%","4.36","不適用","不適用","-","不適用","不適用","-","不適用","不適用","-","不適用","不適用","-","797","2.47","N","Y","N","1.本公司經營績效有部分是來自於金融資產投資及外匯操作產生之損益，與公司員工薪酬水準無絕對之關聯性。
2.本公司非擔任主管職務之員工以直接人工為主，因人力結構造成平均薪酬水準之落差。","公司除現金發放外，另設有非現金類激勵措施，公司未來持續視經營或獲利情形提高配發獎金的佔比並優化獎酬福利制度。",
"電子零組件業","6290","良維","57025","50","1141","1117","2.15%","898","850","5.65%","8.73","不適用","不適用","-","不適用","不適用","-","不適用","不適用","-","不適用","不適用","-","797","2.47","N","N","N","","",
"半導體業","6291","沛亨","16402","17","965","933","3.43%","1038","1037","0.10%","6.60","          1,401","不適用","-","            824","不適用","-","          1,201","不適用","-","            914","不適用","-","1400","5.37","N","Y","N","公司114年EPS較同業為佳主因合併之子公司獲利較佳所致，但本資訊是以個體財報呈現，故較無法有效比較。
另檢視半導體業部分IC設計之相關公司薪資水準確實較高，以致拉高整體薪資平均水準之關聯性也可能較大。","115年已重新檢視公司營運狀況及參酌同業薪資水準，並考量員工參與營運程度及貢獻價值，實施員工持股信託制度，以有效吸引人才及留才，結合公司永續發展並強化共享經營成果。",
"電子零組件業","6292","迅德","31753","35","907","911","-0.44%","838","860","-2.56%","2.00","不適用","不適用","-","不適用","不適用","-","不適用","不適用","-","不適用","不適用","-","797","2.47","N","N","N","","",
"文化創意業","6294","智基","182091","357","510","518","-1.54%","470","479","-1.88%","2.78","不適用","不適用","-","不適用","不適用","-","不適用","不適用","-","不適用","不適用","-","1438","7.43","N","N","Y","本公司主要從事補教業務，近期因大環境影響致業務縮減使114年度員工獎金發放數減少。
公司EPS較前一年度成長主因成本控管展現成效。","本公司每半年會依市場薪資水準及員工績效調整薪資；本年度7月起薪資將逐步調整增加。",
"半導體業","6411","晶焱","231645","117","1980","2013","-1.64%","1636","1687","-3.02%","3.18","不適用","不適用","-","不適用","不適用","-","不適用","不適用","-","不適用","不適用","-","1400","5.37","N","N","N","","",
"通信網路業","6417","韋僑","260132","400","650","592","9.80%","516","480","7.50%","4.83","不適用","不適用","-","不適用","不適用","-","不適用","不適用","-","不適用","不適用","-","882","2.29","N","Y","N","本公司於台灣設有完整生產線，產品高度客製化，生產流程難以全面自動化，故直接作業人員（含移工）占比近半，致使整體平均薪資低於同業水準。","持續推動直接員工在職訓練計畫，透過職能培育、多能工養成、績效管理及年度調薪機制，建立明確的職涯發展路徑，提升基層同仁專業能力與薪資成長機會。",
"電子零組件業","6418","詠昇","20424","32","638","604","5.63%","558","559","-0.18%","0.73","不適用","不適用","-","不適用","不適用","-","不適用","不適用","-","不適用","不適用","-","797","2.47","N","N","N","","",
"光電業","6419","京晨科","20076","22","913","881","3.63%","802","784","2.30%","9.58","不適用","不適用","-","不適用","不適用","-","不適用","不適用","-","不適用","不適用","-","882","2.40","N","N","N","","",
"半導體業","6423","億而得","76043","62","1227","1247","-1.60%","1158","1160","-0.17%","0.58","不適用","不適用","-","不適用","不適用","-","不適用","不適用","-","不適用","不適用","-","1400","5.37","N","N","N","","",
"電機機械","6425","易發","191466","218","878","831","5.66%","714","777","-8.11%","-1.61","不適用","不適用","-","不適用","不適用","-","不適用","不適用","-","不適用","不適用","-","747","1.65","N","N","N","","",
"電子零組件業","6432","今展科","53882","66","816","823","-0.85%","710","717","-0.98%","0.48","不適用","不適用","-","不適用","不適用","-","不適用","不適用","-","不適用","不適用","-","797","2.47","N","N","N","","",
"半導體業","6435","大中","173084","92","1881","1698","10.78%","1853","1623","14.17%","9.52","不適用","不適用","-","不適用","不適用","-","不適用","不適用","-","不適用","不適用","-","1400","5.37","N","N","N","","",
"電腦及週邊設備業","6441","廣錠","56099","95","591","536","10.26%","528","426","23.94%","-5.16","不適用","不適用","-","不適用","不適用","-","不適用","不適用","-","不適用","不適用","-","924","3.90","N","N","N","","",
"生技醫療業","6461","益得","79893","85","940","919","2.29%","702","812","-13.55%","-2.57","不適用","不適用","-","不適用","不適用","-","不適用","不適用","-","不適用","不適用","-","798","1.60","N","N","N","","",
"半導體業","6462","神盾","305274","174","1754","1657","5.85%","1335","1319","1.21%","-17.51","不適用","不適用","-","不適用","不適用","-","不適用","不適用","-","不適用","不適用","-","1400","5.37","N","N","N","","",
"通信網路業","6465","威潤","43062","42","1025","870","17.82%","957","820","16.71%","0.86","不適用","不適用","-","不適用","不適用","-","不適用","不適用","-","不適用","不適用","-","882","2.29","N","N","N","","",
"生技醫療業","6469","大樹","1141046","1902","600","557","7.72%","546","511","6.85%","4.01","不適用","不適用","-","不適用","不適用","-","不適用","不適用","-","不適用","不適用","-","798","1.60","N","Y","N","本公司屬零售通路業，員工人數以門市人員居多，惟因門市人員同質工作選擇性多致流動率高，故較難以平均薪資評論。","本公司對於員工有進階考核、升遷，近年調薪2%~7%，亦投入大量培訓成本及提升各項福利，致力提供具成長且福利健全之工作環境。",
"通信網路業","6470","宇智","164009","189","868","806","7.69%","699","644","8.54%","3.87","不適用","不適用","-","不適用","不適用","-","不適用","不適用","-","不適用","不適用","-","882","2.29","N","Y","N","本公司核心業務以台灣製造為主，人力結構中基層產線與外籍同仁佔比顯著，致使薪資平均數因組成結構差異影響所致。","公司獲利狀況發放績效獎金已高於去年，且將進行員工調薪計劃。114年股東會通過修訂公司章程規定，於員工酬勞分派中提撥不低於15%作為分派予基層員工之酬勞，以實質提升基層員工薪資水準。",
"電子通路業","6474","華豫寧","67881","74","917","0","0.00%","850","0","0.00%","3.49","不適用","不適用","-","不適用","不適用","-","不適用","不適用","-","不適用","不適用","-","842","0.99","N","N","N","","",
"文化創意業","6482","弘煜科","31743","53","599","551","8.71%","570","512","11.33%","2.32","不適用","不適用","-","不適用","不適用","-","不適用","不適用","-","不適用","不適用","-","1438","7.43","N","N","N","","",
"半導體業","6485","點序","321312","285","1127","1140","-1.14%","950","974","-2.46%","0.71","不適用","不適用","-","不適用","不適用","-","不適用","不適用","-","不適用","不適用","-","1400","5.37","N","N","Y","本公司薪酬政策係以公司經營績效及員工貢獻為基礎，並依既定獎酬機制辦理。因績效評核及獎金核算作業需於年度結束後完成，獎金發放時程與獲利認列年度存在差異，114年度經營績效所對應之獎酬將於後續年度逐步反映。","本公司將持續精進薪酬制度，定期檢視薪酬競爭力及獎酬機制，並結合公司經營績效與個人績效表現，以強化人才留任及薪酬績效連結。",
"通信網路業","6486","互動","395588","345","1147","1096","4.65%","978","922","6.07%","5.78","不適用","不適用","-","不適用","不適用","-","不適用","不適用","-","不適用","不適用","-","882","2.29","N","N","N","","",
"半導體業","6488","環球晶","1887669","1552","1216","1205","0.91%","1145","1101","4.00%","15.29","不適用","不適用","-","不適用","不適用","-","不適用","不適用","-","不適用","不適用","-","1400","5.37","N","Y","N","本公司114年EPS高於同業平均，惟員工薪資水準及變動仍受產業特性、組織結構及薪酬政策差異影響，難以單一指標完全比較。整體觀察尚無顯著不合理情形，並持續滾動檢討。","本公司持續檢視薪酬與福利制度，並參酌營運績效、產業趨勢及市場薪資水準適時調整，期使員工共享經營成果，兼顧人才留任與公司長期穩定發展。",
"生技醫療業","6492","生華科","26357","22","1198","1186","1.01%","1007","998","0.90%","-2.97","不適用","不適用","-","不適用","不適用","-","不適用","不適用","-","不適用","不適用","-","798","1.60","N","N","N","","",
"半導體業","6494","九齊","207567","118","1759","1609","9.32%","1660","1520","9.21%","-0.93","不適用","不適用","-","不適用","不適用","-","不適用","不適用","-","不適用","不適用","-","1400","5.37","N","N","N","","",
"生技醫療業","6496","科懋","141459","129","1097","1090","0.64%","965","938","2.88%","-3.97","不適用","不適用","-","不適用","不適用","-","不適用","不適用","-","不適用","不適用","-","798","1.60","N","N","N","","",
"光電業","6498","久禾光","43083","29","1486","0","0.00%","808","0","0.00%","6.51","不適用","不適用","-","不適用","不適用","-","不適用","不適用","-","不適用","不適用","-","882","2.40","N","N","N","","",
"生技醫療業","6499","益安","17572","14","1255","1114","12.66%","1210","1010","19.80%","-7.24","不適用","不適用","-","不適用","不適用","-","不適用","不適用","-","不適用","不適用","-","798","1.60","N","N","N","","",
"紡織纖維","6506","雙邦","236833","351","675","673","0.30%","620","594","4.38%","1.04","不適用","不適用","-","不適用","不適用","-","不適用","不適用","-","不適用","不適用","-","698","1.65","N","N","N","","",
"農業科技","6508","惠光","75062","124","605","590","2.54%","514","498","3.21%","0.27","不適用","不適用","-","不適用","不適用","-","不適用","不適用","-","不適用","不適用","-","634","0.22","N","Y","N","公司EPS獲利表現雖較同業為佳，惟非經理人全時員工平均薪資低於同業。因短期獲利受匯損衝擊，變動酬勞隨EPS同向調降所致；公司已確保基本薪資穩定成長，薪酬與獲利具連動合理性。","將積極透過外匯避險與全球信用管理回穩獲利，並優化薪酬結構、落實績效多元考核。於獲利回升時實質調升非經理人薪資水準，縮小同業差距並促進薪酬正循環。",
"化學工業","6509","聚和","419828","472","889","860","3.37%","807","780","3.46%","2.87","不適用","不適用","-","不適用","不適用","-","不適用","不適用","-","不適用","不適用","-","763","1.20","N","N","N","","",
"半導體業","6510","精測","1165560","1015","1148","931","23.31%","1047","843","24.20%","30.41","不適用","不適用","-","不適用","不適用","-","不適用","不適用","-","不適用","不適用","-","1400","5.37","N","Y","N","1.公司為「All In House X AI」的測試介面服務廠商，人才樣態分佈多樣化；故平均薪資差異較大。
2.公司2025年營運動能持續成長，開始大量招募新人；新進員工薪資較資深員工略低，故影響人均薪資的整體平均值。","1.2026年初已全面調薪，另將規劃2027年度全公司調薪作業，後續亦將持續優化薪酬福利制度。
2.每年提撥20~30％盈餘，發放員工酬勞與獎金。",
"其他電子業","6512","啟發電","42319","54","784","753","4.12%","628","600","4.67%","-0.78","不適用","不適用","-","不適用","不適用","-","不適用","不適用","-","不適用","不適用","-","975","4.62","N","N","N","","",
"資訊服務業","6516","勤崴國際","155093","157","988","946","4.44%","901","904","-0.33%","1.52","不適用","不適用","-","不適用","不適用","-","不適用","不適用","-","不適用","不適用","-","1016","3.17","N","N","N","","",
"光電業","6517","保勝光學","118829","205","580","563","3.02%","492","474","3.80%","1.63","不適用","不適用","-","不適用","不適用","-","不適用","不適用","-","不適用","不適用","-","882","2.40","N","N","N","","",
"生技醫療業","6523","達爾膚","63820","72","886","1069","-17.12%","886","774","14.47%","7.78","不適用","不適用","-","不適用","不適用","-","不適用","不適用","-","不適用","不適用","-","798","1.60","N","N","N","","",
"生技醫療業","6527","明達醫","88501","105","843","951","-11.36%","584","732","-20.22%","5.80","不適用","不適用","-","不適用","不適用","-","不適用","不適用","-","不適用","不適用","-","798","1.60","N","N","Y","EPS成長主要受產能擴充及產品銷售增加帶動；非經理人全時員工薪資平均數下降，係因增聘基層及部分新進人員到職未滿全年所致。既有員工薪資仍持續提升，整體薪酬政策與經營成果維持合理連結。","本公司已於本年度1月辦理第一階段薪酬調整，實際反映於基層薪資結構提升；並已規劃於年中第二季末起啟動第二階段薪酬優化作業，分階段就整體員工薪酬結構進行檢討與調整，持續提升非經理人員工薪酬水準。",
"通信網路業","6530","創威","47153","67","704","631","11.57%","549","491","11.81%","1.95","不適用","不適用","-","不適用","不適用","-","不適用","不適用","-","不適用","不適用","-","882","2.29","N","N","N","","",
"半導體業","6532","瑞耘","89596","122","734","652","12.58%","655","596","9.90%","7.31","不適用","不適用","-","不適用","不適用","-","不適用","不適用","-","不適用","不適用","-","1400","5.37","N","Y","N","半導體產業包含IC設計、晶圓製造與封裝測試，瑞耘屬機械零組件製造跨足機械加工及清洗製程，雖產業鏈終端應用為Fab廠或其他產業，但人力結構多數為直接人力(佔六成含外籍四成)，造成產業別平均薪資差異大。","1.公司人均營收為546萬、553萬、552萬；EPS為3.59元、4.03元、7.31元(業外EPS4.51元)。
2.雖人均營收較去年減0.18%，公司持續以同產業(翔名.千附..)P75薪資基準優化薪酬福利政策。",
"生技醫療業","6535","順藥","30209","24","1259","1210","4.05%","1238","1192","3.86%","-2.05","不適用","不適用","-","不適用","不適用","-","不適用","不適用","-","不適用","不適用","-","798","1.60","N","N","N","","",
"電子零組件業","6538","倉和","133747","184","727","698","4.15%","629","575","9.39%","1.15","不適用","不適用","-","不適用","不適用","-","不適用","不適用","-","不適用","不適用","-","797","2.47","N","N","N","","",
"文化創意業","6542","隆中","92522","109","849","884","-3.96%","736","675","9.04%","0.02","不適用","不適用","-","不適用","不適用","-","不適用","不適用","-","不適用","不適用","-","1438","7.43","N","N","N","","",
"通信網路業","6546","正基","85535","82","1043","1027","1.56%","952","951","0.11%","2.73","不適用","不適用","-","不適用","不適用","-","不適用","不適用","-","不適用","不適用","-","882","2.29","N","N","N","","",
"生技醫療業","6547","高端疫苗","104574","132","792","868","-8.76%","678","717","-5.44%","-0.86","不適用","不適用","-","不適用","不適用","-","不適用","不適用","-","不適用","不適用","-","798","1.60","N","N","N","","",
"半導體業","6548","長科*","700921","917","764","761","0.39%","671","669","0.30%","1.63","不適用","不適用","-","不適用","不適用","-","不適用","不適用","-","不適用","不適用","-","1400","5.37","N","N","N","","",
"光電業","6556","勝品","208129","285","730","686","6.41%","653","567","15.17%","6.79","不適用","不適用","-","不適用","不適用","-","不適用","不適用","-","不適用","不適用","-","882","2.40","N","Y","N","本公司屬製造業，直接生產人員占近50%，以基層及現場製造人力為主，故平均薪資結構與高階職占比較高產業有所差異。公司定期檢視市場薪資並逐年調整，以兼顧經營績效及薪酬競爭力。","本公司將人才發展及數位轉型列為重要推動方向，未來將依營運成果、市場薪資水準及人才發展成效，持續優化薪酬制度，強化績效與獎酬連結，以提升組織競爭力及員工整體薪酬。",
"光電業","6560","欣普羅","50478","47","1074","1035","3.77%","937","792","18.31%","-0.16","不適用","不適用","-","不適用","不適用","-","不適用","不適用","-","不適用","不適用","-","882","2.40","N","N","N","","",
"通信網路業","6561","是方","345728","151","2290","2150","6.51%","2144","2047","4.74%","15.75","不適用","不適用","-","不適用","不適用","-","不適用","不適用","-","不適用","不適用","-","882","2.29","N","N","N","","",
"半導體業","6568","宏觀","142843","81","1763","1695","4.01%","1642","1512","8.60%","4.00","不適用","不適用","-","不適用","不適用","-","不適用","不適用","-","不適用","不適用","-","1400","5.37","N","N","N","","",
"生技醫療業","6569","醫揚","117280","122","961","1075","-10.60%","927","1054","-12.05%","2.88","不適用","不適用","-","不適用","不適用","-","不適用","不適用","-","不適用","不適用","-","798","1.60","N","N","N","","",
"電腦及週邊設備業","6570","維田","91582","119","770","766","0.52%","677","678","-0.15%","1.29","不適用","不適用","-","不適用","不適用","-","不適用","不適用","-","不適用","不適用","-","924","3.90","N","N","N","","",
"生技醫療業","6574","霈方","86930","113","769","867","-11.30%","626","723","-13.42%","6.82","不適用","不適用","-","不適用","不適用","-","不適用","不適用","-","不適用","不適用","-","798","1.60","N","Y","Y","本公司員工薪酬係依公司經營績效、個人績效、職務貢獻及市場薪資水準綜合評估。近年公司營運績效持續成長，每股盈餘（EPS）成長幅度高於員工平均薪資調整幅度，導致非主管職員工平均薪資相較同業略低。","為提升員工薪酬競爭力及強化薪酬與經營績效之連結，本公司將適度調整績效獎金發放比例，提升非主管職之員工整體薪資水準，並參考同業薪資行情，逐步縮小與市場薪資水準之差距。",
"生技醫療業","6576","逸達","58602","36","1628","1541","5.65%","1435","1292","11.07%","-5.70","不適用","不適用","-","不適用","不適用","-","不適用","不適用","-","不適用","不適用","-","798","1.60","N","N","N","","",
"電腦及週邊設備業","6577","勁豐","171394","174","985","1006","-2.09%","859","853","0.70%","5.64","不適用","不適用","-","不適用","不適用","-","不適用","不適用","-","不適用","不適用","-","924","3.90","N","N","N","","",
"農業科技","6578","達邦蛋白","22480","40","562","630","-10.79%","499","514","-2.92%","-0.96","不適用","不適用","-","不適用","不適用","-","不適用","不適用","-","不適用","不適用","-","634","0.22","N","N","N","","",
"電子零組件業","6584","南俊國際","304683","549","555","539","2.97%","499","487","2.46%","5.59","不適用","不適用","-","不適用","不適用","-","不適用","不適用","-","不適用","不適用","-","797","2.47","N","Y","N","1.係因公司組織架構扁平，非經理人員工多為基層人員所致。
2.該薪資平均數未包含免費供餐等員工福利以及股票酬勞金額。","預計陸續調整薪資及各項福利",
"通信網路業","6588","東典光電","45644","77","593","566","4.77%","540","515","4.85%","-1.77","不適用","不適用","-","不適用","不適用","-","不適用","不適用","-","不適用","不適用","-","882","2.29","N","N","N","","",
"資訊服務業","6590","普鴻","191143","180","1062","1033","2.81%","976","952","2.52%","5.12","不適用","不適用","-","不適用","不適用","-","不適用","不適用","-","不適用","不適用","-","1016","3.17","N","N","N","","",
"資訊服務業","6593","台灣銘板","129111","202","639","676","-5.47%","538","586","-8.19%","-2.11","不適用","不適用","-","不適用","不適用","-","不適用","不適用","-","不適用","不適用","-","1016","3.17","N","N","N","","",
"文化創意業","6596","寬宏藝術","21687","29","748","746","0.27%","675","680","-0.74%","18.83","不適用","不適用","-","不適用","不適用","-","不適用","不適用","-","不適用","不適用","-","1438","7.43","N","Y","Y","文創業之營運型態有很大差異，本公司為主辦展演業務，每年主辦展演數量不固定，使營收與獲利較為波動，114年因承接大型專案致營收獲利較往年大幅成長，然非公司營運常態，故員工薪酬仍維持穩定，略低於同業水準","公司每年均按通膨有調整薪資，期望公司營運能更為穩定，將獲利反映於薪資將金與員工分紅",
"電子零組件業","6597","立誠","134591","193","697","0","0.00%","626","0","0.00%","2.51","不適用","不適用","-","不適用","不適用","-","不適用","不適用","-","不適用","不適用","-","797","2.47","N","Y","N","本公司除提供固定薪資外，另依公司章程及年度獲利情形提列員工酬勞，並訂有嚴謹的各項績效獎金辦法。公司經營績效提升獲利增加時，員工透過員工酬勞及績效獎金分享經營成果，故員工薪酬與經營績效具一定關聯合理性。","本公司114年度獲利下滑，稅後淨利由121,636仟元下滑至71,333仟元，致各項變動薪酬如績效獎金、年終獎金相對下滑。具體改善措施：1.持續提升公司經營績效2.定期檢視薪酬制度3.強化績效連結機制4.提升員工專業能力。",
"電機機械","6603","富強鑫","159204","240","663","674","-1.63%","583","596","-2.18%","0.61","不適用","不適用","-","不適用","不適用","-","不適用","不適用","-","不適用","不適用","-","747","1.65","N","N","Y","本公司正積極推動人才梯隊的世代交替與經驗傳承。2025 年因部分高年資資深同仁步入退休階段，以及新世代人才之策略性引入，致使整體員工人數與薪資指標（總額、中位數及平均數）受結構性影響而微幅變動。","針對新進同仁與關鍵技術人才，本公司持續優化薪資結構與報酬制度，以確保整體薪酬具備市場競爭力與公平性。未來將持續透過完善的職涯發展與留才機制，與同仁共享長期穩健的營運成果。",
"電機機械","6609","瀧澤科","207114","312","664","690","-3.77%","593","636","-6.76%","-1.53","不適用","不適用","-","不適用","不適用","-","不適用","不適用","-","不適用","不適用","-","747","1.65","N","N","N","","",
"生技醫療業","6612","奈米醫材","81920","115","712","693","2.74%","520","494","5.26%","1.09","不適用","不適用","-","不適用","不適用","-","不適用","不適用","-","不適用","不適用","-","798","1.60","N","N","N","","",
"其他電子業","6613","朋億*","188339","138","1365","1471","-7.21%","1159","1227","-5.54%","13.37","          1,404","不適用","-","          1,256","不適用","-","          1,176","不適用","-","          1,141","不適用","-","975","4.62","N","N","N","","",
"生技醫療業","6615","慧智","51961","72","722","710","1.69%","603","583","3.43%","-0.43","不適用","不適用","-","不適用","不適用","-","不適用","不適用","-","不適用","不適用","-","798","1.60","N","N","N","","",
"生技醫療業","6620","漢達","32102","24","1338","0","0.00%","1110","0","0.00%","4.85","不適用","不適用","-","不適用","不適用","-","不適用","不適用","-","不適用","不適用","-","798","1.60","N","N","N","","",
"綠能環保","6624","萬年清","45139","56","806","739","9.07%","707","681","3.82%","0.36","不適用","不適用","-","不適用","不適用","-","不適用","不適用","-","不適用","不適用","-","776","3.07","N","N","N","","",
"生技醫療業","6637","醫影","30042","34","884","871","1.49%","821","765","7.32%","7.17","不適用","不適用","-","不適用","不適用","-","不適用","不適用","-","不適用","不適用","-","798","1.60","N","N","N","","",
"半導體業","6640","均華","309414","239","1295","1237","4.69%","1219","1157","5.36%","12.75","不適用","不適用","-","不適用","不適用","-","不適用","不適用","-","不適用","不適用","-","1400","5.37","N","Y","N","公司持續快速成長並擴編人力，新進員工占比較高且年資較短，致平均薪資偏低；惟較前一年度仍成長約4%，顯示公司持續提升員工薪酬水準，並依市場水準、營運績效及個人表現調整薪酬，以合理反映經營成果與員工貢獻。","公司重視員工薪酬與福祉，定期檢視市場薪資與內部結構，依營運成果、績效及職務貢獻調整薪資與獎酬，確保具競爭力並合理反映付出，強化留才與薪酬成長機制，同時持續辦理教育訓練，提升員工專業能力與工作績效。",
"電子零組件業","6642","富致","75600","119","635","679","-6.48%","532","531","0.19%","2.60","不適用","不適用","-","不適用","不適用","-","不適用","不適用","-","不適用","不適用","-","797","2.47","N","Y","N","本公司產品皆在台灣生產，無海外生產基地，故生產線人員比重佔全公司人員比重超過六成。所以員工薪資呈現上，會較同業在台灣是以管理及研發為主的公司低，此因人力結構上的差異造成平均薪資上的落差。","公EPS獲利表現較同業為佳，惟非經理人之全時員工薪資平均數低於同業水準。係因人力結構上的差異造成平均薪資上的落差。公司本著根留台灣原則，故目前尚無將產線移至海外之規劃。故此人力結構差異將持續存在。",
"半導體業","6643","M31","644361","296","2177","2058","5.78%","1800","1758","2.39%","1.69","不適用","不適用","-","不適用","不適用","-","不適用","不適用","-","不適用","不適用","-","1400","5.37","N","N","N","","",
"生技醫療業","6649","台生材","17427","32","545","662","-17.67%","386","547","-29.43%","1.40","不適用","不適用","-","不適用","不適用","-","不適用","不適用","-","不適用","不適用","-","798","1.60","N","N","Y","本年度EPS較前一年度成長，惟因直接人員數量大幅增加且高薪人員離職，致平均薪資較前一年度下降。","強化人才留任，改善平均薪資下降的現象。",
"半導體業","6651","全宇昕","97834","83","1179","1146","2.88%","819","793","3.28%","6.32","不適用","不適用","-","不適用","不適用","-","不適用","不適用","-","不適用","不適用","-","1400","5.37","N","Y","N","半導體業含晶片設計、晶圓製造及後段封測，員工結構差異大，致平均薪資不盡具可比較性。","公司每年依獲利情形配發獎金，持續優化薪酬福利。",
"其他電子業","6654","天正國際","68619","108","635","600","5.83%","583","533","9.38%","0.01","不適用","不適用","-","不適用","不適用","-","不適用","不適用","-","不適用","不適用","-","975","4.62","N","N","N","","",
"生技醫療業","6661","威健生技","47611","58","821","780","5.26%","657","680","-3.38%","0.06","不適用","不適用","-","不適用","不適用","-","不適用","不適用","-","不適用","不適用","-","798","1.60","N","N","N","","",
"生技醫療業","6662","樂斯科","48414","68","712","720","-1.11%","642","642","0.00%","1.66","不適用","不適用","-","不適用","不適用","-","不適用","不適用","-","不適用","不適用","-","798","1.60","N","Y","N","本公司約69%員工屬基層職務員工，包含行政及實驗動物飼育人員，與一般生技產業公司以研發人員為主之薪資結構不同；另因基層人員流動率較高，影響整體平均薪資水準。公司薪酬係依職務內容、專業能力及績效表現訂定。","本公司持續檢視基層人員薪資與福利制度，透過新人教育訓練、在職訓練、工作流程改善與績效考核等措施，並依考核結果及個人貢獻度辦理調薪，以提升員工穩定度及工作投入度，逐步改善人員流動情形。",
"電子零組件業","6664","群翊","259812","238","1092","970","12.58%","1034","909","13.75%","15.06","不適用","不適用","-","不適用","不適用","-","不適用","不適用","-","不適用","不適用","-","797","2.47","N","N","N","","",
"其他電子業","6667","信紘科","497900","437","1139","1118","1.88%","902","898","0.45%","13.77","不適用","不適用","-","不適用","不適用","-","不適用","不適用","-","不適用","不適用","-","975","4.62","N","N","N","","",
"半導體業","6679","鈺太","79227","58","1366","1344","1.64%","1237","1202","2.91%","6.81","          1,397","不適用","-","          1,209","不適用","-","          1,238","不適用","-","          1,187","不適用","-","1400","5.37","N","Y","N","公司因營運需求，持續徵才，因新進人員資歷尚淺，薪資水準相對較低，影響整體平均薪資。惟整體薪酬制度隨績效調整，仍具市場競爭力，反映公司經營成果。","1.114年有發行員工認股權辦法 及每年調薪措施, 後續亦將持續優化薪酬福利制度。 
2.公司章程中明訂基層員工的分紅比例不低於20%，讓基層員工確實可以享受到公司獲利的成果",
"電腦及週邊設備業","6680","鑫創電子","83339","99","842","803","4.86%","705","705","0.00%","-0.29","不適用","不適用","-","不適用","不適用","-","不適用","不適用","-","不適用","不適用","-","924","3.90","N","N","N","","",
"半導體業","6683","雍智科技","327587","299","1096","1130","-3.01%","910","901","1.00%","15.42","不適用","不適用","-","不適用","不適用","-","不適用","不適用","-","不適用","不適用","-","1400","5.37","N","Y","N","半導體業含晶片設計、晶圓製造及後段封測，員工結構差異致平均薪資不盡具可比較性。
本公司114年度每股盈餘較113年度約減少13%，但114年度員工薪資-平均數較113年度僅約減少3%。","半導體業含晶片設計、晶圓製造及後段封測，員工結構差異致平均薪資不盡具可比較性。
每年4月均會參考同業及公司營運調薪。",
"半導體業","6684","安格","75426","60","1257","1345","-6.54%","1178","1204","-2.16%","1.57","不適用","不適用","-","不適用","不適用","-","不適用","不適用","-","不適用","不適用","-","1400","5.37","N","N","Y","本公司114年度EPS雖轉虧為盈，惟認列神雋換股之一次性業外處分利益，核心本業營收仍虧損。基於薪酬與本業績效連結，該年除減少發放績效獎金，員工調薪除極少人員外全面暫停；因應公司發展策略，亦進行人力結構調整。","針對本業營運狀況及員工薪酬之平衡，本公司已規劃並執行以下措施：1因應市場調整產品策略2恢復年度調薪，展現公司與員工共享未來營運成果之誠意。
後續待核心本業業績與獲利回穩後，本公司將持續滾動式檢視調整",
"數位雲端","6690","安碁資訊","425120","374","1137","1103","3.08%","971","917","5.89%","10.22","          1,172","不適用","-","          1,042","不適用","-","          1,016","不適用","-","            864","不適用","-","872","3.20","N","N","N","","",
"綠能環保","6692","進能服","137889","156","884","980","-9.80%","827","797","3.76%","0.23","不適用","不適用","-","不適用","不適用","-","不適用","不適用","-","不適用","不適用","-","776","3.07","N","N","N","","",
"半導體業","6693","廣閎科","92888","81","1147","1162","-1.29%","857","908","-5.62%","-0.09","          1,457","不適用","-","            792","不適用","-","          1,097","不適用","-","            647","不適用","-","1400","5.37","N","N","N","","",
"資訊服務業","6697","東捷資訊","161411","174","928","881","5.33%","761","697","9.18%","3.04","不適用","不適用","-","不適用","不適用","-","不適用","不適用","-","不適用","不適用","-","1016","3.17","N","N","N","","",
"生技醫療業","6703","軒郁","63636","96","663","781","-15.11%","613","616","-0.49%","9.90","不適用","不適用","-","不適用","不適用","-","不適用","不適用","-","不適用","不適用","-","798","1.60","N","Y","N","因應公司營運規模擴大及品牌業務通路拓展需求，當年度增聘新進員工因到職期間較短且多屬非管理職職務，致整體平均薪資結構略有下降。公司獲利表現優於同業，惟受人力結構變動影響，整體仍與營運發展相符。","本公司每年有二次調薪機制，並定期進行人才盤點，同時評估調薪空間及薪資結構，針對績效良好或關鍵職位員工，提高其調薪幅度。另強化獎酬制度，預計增設績效獎金或專案獎金，縮短與同業的總報酬差距。",
"半導體業","6708","天擎","68444","59","1160","1084","7.01%","1093","1019","7.26%","0.25","不適用","不適用","-","不適用","不適用","-","不適用","不適用","-","不適用","不適用","-","1400","5.37","N","N","N","","",
"生技醫療業","6712","長聖","56922","85","670","604","10.93%","597","510","17.06%","4.88","不適用","不適用","-","不適用","不適用","-","不適用","不適用","-","不適用","不適用","-","798","1.60","N","Y","N","本公司因同時從事研發與製造業務，並聘有與業績連動之業務人員，致使生產現場人員及業務人員占公司整體員工人數達七成以上。基於員工結構特性，整體平均薪資水準與同業相較有所差異，屬合理情形。","本公司整體平均薪資水準與同業相較存在一定差異，主要係受人力結構、職務配置及產業特性等因素影響。本公司將透過提高高附加價值人才占比、優化績效獎酬制度，以逐步調整及完善薪酬政策。",
"半導體業","6716","應廣","129496","83","1560","1710","-8.77%","1393","1400","-0.50%","2.19","不適用","不適用","-","不適用","不適用","-","不適用","不適用","-","不適用","不適用","-","1400","5.37","N","N","N","","",
"半導體業","6720","久昌","40045","26","1540","1012","52.17%","1191","752","58.38%","3.89","          1,843","不適用","-","            858","不適用","-","          1,405","不適用","-","            853","不適用","-","1400","5.37","N","N","N","","",
"其他","6721","信實","337669","569","593","576","2.95%","578","571","1.23%","4.65","不適用","不適用","-","不適用","不適用","-","不適用","不適用","-","不適用","不適用","-","712","1.85","N","Y","N","本公司屬勞務服務業，人事成本佔營收比例高達85%以上，毛利率僅5%，每年均已盡力調整員工薪資；EPS優於同業係因資本週轉率高（年營收逾30億，資本額2.25億)。","公司每年仍積極建議政府機關適時提高預算，以提高人員薪資水平。",
"其他電子業","6725","矽科宏晟","368353","371","993","0","0.00%","858","0","0.00%","12.98","不適用","不適用","-","不適用","不適用","-","不適用","不適用","-","不適用","不適用","-","975","4.62","N","Y","N","本公司與同業之營運項目不完全相同，員工結構亦不盡相同，因此跟同業薪資比較的基準較不一致。特別是有45%員工為進駐於業主廠區的作業人員，其作業性質為執行管線巡檢、化學品更換操作之基層人員，整體薪資較低。","1.公司已明確規範提撥的員工酬勞中， 30%~60%將為基層員工分配之員工酬勞 ；
2.依不同職務設計不同的獎金項目，依公司獲利及員工工作表現每半年發放激勵獎金。",
"電子零組件業","6727","亞泰金屬","96311","120","803","754","6.50%","691","630","9.68%","6.80","不適用","不適用","-","不適用","不適用","-","不適用","不適用","-","不適用","不適用","-","797","2.47","N","N","N","","",
"居家生活","6728","上洋","415352","483","860","863","-0.35%","734","738","-0.54%","9.77","不適用","不適用","-","不適用","不適用","-","不適用","不適用","-","不適用","不適用","-","708","5.75","N","N","N","","",
"生技醫療業","6730","常廣","113005","198","571","0","0.00%","518","0","0.00%","2.14","不適用","不適用","-","不適用","不適用","-","不適用","不適用","-","不適用","不適用","-","798","1.60","N","Y","N","本公司目前製程還是仰賴大量基層技術員、品檢員與包裝人力。故基層人員薪資拉低了員工「平均薪資」；但因本公司以自有品牌行銷且自主研發具高毛利，費用控管得宜，故經營效率較好，進而創造出高於同業平均的 EPS。","1.結構調薪：將部分變動獎金轉為每月固定底薪，拉高平均水準；2.加速製程自動化：減少低薪基層人力，轉型培育高薪技術工程師；3.依獲利狀況適時提高提撥比率；4.持股信託：推動員工持股信託，共享高 EPS 股利紅利。",
"半導體業","6732","昇佳電子","341324","194","1759","2166","-18.79%","1648","1960","-15.92%","6.22","不適用","不適用","-","不適用","不適用","-","不適用","不適用","-","不適用","不適用","-","1400","5.37","N","N","N","","",
"生技醫療業","6733","博晟生醫","27135","29","936","1027","-8.86%","794","912","-12.94%","-0.69","不適用","不適用","-","不適用","不適用","-","不適用","不適用","-","不適用","不適用","-","798","1.60","N","N","Y","本公司114年度非擔任主管職務之全時員工薪資平均數較113年度下降，主係113年度同時認列112年度及113年度年終獎金所致，屬薪資費用認列時點差異影響，並非實際薪酬水準下降。","本公司將持續檢視薪資費用認列及資訊揭露作業，強化相關內部控管程序，以提升薪酬資訊之可比較性及揭露品質。",
"其他電子業","6735","美達科技","63598","62","1026","1209","-15.14%","907","1093","-17.02%","0.33","不適用","不適用","-","不適用","不適用","-","不適用","不適用","-","不適用","不適用","-","975","4.62","N","N","N","","",
"其他電子業","6739","竹陞科技","100453","104","966","878","10.02%","807","670","20.45%","16.13","不適用","不適用","-","不適用","不適用","-","不適用","不適用","-","不適用","不適用","-","975","4.62","N","Y","N","(1)114年度屬公司成長期，新進員工比例較高，年資低於一年者占比約40%。
(2)114年度實領薪酬未滿一年者占比亦約40%，員工酬勞獎金係依績效與貢獻度綜合評估發放。","本公司未來將持續每年定期檢視同業及市場薪資水準、消費者物價指數，並結合績效考核結果，作為年度薪資調幅之依據。",
"資訊服務業","6751","智聯服務","47439","49","968","890","8.76%","753","696","8.19%","5.20","不適用","不適用","-","不適用","不適用","-","不適用","不適用","-","不適用","不適用","-","1016","3.17","N","Y","N","114年度因權益法投資變動導致營業外利益增加達103,744仟元，致使EPS獲利較同業為佳，且全時員工薪資平均數及中位數均較上年度成長。惟仍會兼顧股東及員工權益之前提下，依據績效獎酬原則給予獎酬及薪資調整。","公司將依績效獎酬原則，以年度營運績效及員工個人績效給予獎酬，並已於2026年執行薪資調整；後續亦將持續觀察外部市場薪資行情，以確保員工獎酬及福利措施具競爭力。",
"資訊服務業","6752","叡揚","795486","750","1061","1010","5.05%","938","873","7.45%","7.41","不適用","不適用","-","不適用","不適用","-","不適用","不適用","-","不適用","不適用","-","1016","3.17","N","N","N","","",
"電子零組件業","6761","穩得","139648","149","937","922","1.63%","795","746","6.57%","7.34","不適用","不適用","-","不適用","不適用","-","不適用","不適用","-","不適用","不適用","-","797","2.47","N","N","N","","",
"生技醫療業","6762","達亞","140535","172","817","759","7.64%","711","687","3.49%","0.67","不適用","不適用","-","不適用","不適用","-","不適用","不適用","-","不適用","不適用","-","798","1.60","N","N","N","","",
"數位雲端","6763","綠界科技*","184850","195","948","908","4.41%","856","806","6.20%","4.21","不適用","不適用","-","不適用","不適用","-","不適用","不適用","-","不適用","不適用","-","872","3.20","N","N","N","","",
"生技醫療業","6767","台微醫","32412","47","690","670","2.99%","583","599","-2.67%","-0.49","不適用","不適用","-","不適用","不適用","-","不適用","不適用","-","不適用","不適用","-","798","1.60","N","N","N","","",
"生技醫療業","6785","昱展新藥","19937","22","906","925","-2.05%","727","706","2.97%","-1.19","不適用","不適用","-","不適用","不適用","-","不適用","不適用","-","不適用","不適用","-","798","1.60","N","N","N","","",
"半導體業","6788","華景電","239519","168","1426","1261","13.08%","1286","1137","13.10%","17.36","不適用","不適用","-","不適用","不適用","-","不適用","不適用","-","不適用","不適用","-","1400","5.37","N","N","N","","",
"資訊服務業","6791","虎門科技","104310","103","1013","955","6.07%","850","823","3.28%","4.16","不適用","不適用","-","不適用","不適用","-","不適用","不適用","-","不適用","不適用","-","1016","3.17","N","N","N","","",
"綠能環保","6803","崑鼎","155579","119","1307","1256","4.06%","979","906","8.06%","18.44","不適用","不適用","-","不適用","不適用","-","不適用","不適用","-","不適用","不適用","-","776","3.07","N","N","N","","",
"運動休閒","6804","明係","78135","155","504","503","0.20%","426","410","3.90%","-2.83","不適用","不適用","-","不適用","不適用","-","不適用","不適用","-","不適用","不適用","-","632","1.71","N","N","N","","",
"數位雲端","6811","宏碁資訊","438901","287","1529","1492","2.48%","1371","1379","-0.58%","14.36","          1,476","不適用","-","          1,593","不適用","-","          1,388","不適用","-","          1,353","不適用","-","872","3.20","N","N","N","","",
"電子零組件業","6821","聯寶","50601","60","843","841","0.24%","600","594","1.01%","1.13","不適用","不適用","-","不適用","不適用","-","不適用","不適用","-","不適用","不適用","-","797","2.47","N","N","N","","",
"半導體業","6823","濾能","93414","166","563","571","-1.40%","499","500","-0.20%","-7.92","不適用","不適用","-","不適用","不適用","-","不適用","不適用","-","不適用","不適用","-","1400","5.37","N","N","N","","",
"半導體業","6829","千附精密","347584","506","687","690","-0.43%","652","632","3.16%","3.95","不適用","不適用","-","不適用","不適用","-","不適用","不適用","-","不適用","不適用","-","1400","5.37","N","N","N","","",
"其他電子業","6840","東研信超","121176","180","673","656","2.59%","550","488","12.70%","1.58","不適用","不適用","-","不適用","不適用","-","不適用","不適用","-","不適用","不適用","-","975","4.62","N","N","N","","",
"生技醫療業","6841","長佳智能","56521","69","819","682","20.09%","715","584","22.43%","0.89","不適用","不適用","-","不適用","不適用","-","不適用","不適用","-","不適用","不適用","-","798","1.60","N","N","N","","",
"電機機械","6843","進典","79901","114","701","679","3.24%","555","557","-0.36%","2.20","不適用","不適用","-","不適用","不適用","-","不適用","不適用","-","不適用","不適用","-","747","1.65","N","Y","N","本公司員工薪酬係依職務內容、專業能力、績效表現及公司營運成果綜合訂定，並連結績效獎金及員工酬勞制度。
因同業規模、產品結構及人力配置差異，致薪資水準有所不同。","本公司將持續參酌市場薪資水準及營運成果，適時辦理調薪並優化獎酬制度，
透過績效獎金、員工福利及教育訓練等措施，提升員工薪酬競爭力及留任效果。",
"生技醫療業","6844","諾貝兒","454289","730","622","611","1.80%","578","564","2.48%","2.35","            671","不適用","-","            605","不適用","-","            603","不適用","-","            572","不適用","-","798","1.60","N","Y","N","公司以藥局零售業為主，藥師屬高薪專業職位，薪資水準高，但人數比例相對低；其餘多為門市與基層職員，薪資水準偏低，在整個薪資構面呈現拉高個別薪酬但壓低整體平均。公司將檢視獎金及考核制度以建立薪酬之合理性。","公司會依員工個人績效表現及對公司貢獻度並參考同業水準給予合理的薪資報酬。",
"食品工業","6846","綠茵","133663","140","955","923","3.47%","740","734","0.82%","5.39","不適用","不適用","-","不適用","不適用","-","不適用","不適用","-","不適用","不適用","-","767","3.60","N","N","N","","",
"其他電子業","6855","數泓科","79245","96","825","766","7.70%","723","690","4.78%","7.85","不適用","不適用","-","不適用","不適用","-","不適用","不適用","-","不適用","不適用","-","975","4.62","N","Y","N","本公司獲利主要來自高毛利產品銷售及營運效率提升，惟因生產線員工占整體員工比例較高，致平均薪資水準低於部分同業。本公司薪酬政策係依經營績效及獲利情形適時調整，經營成果與員工薪酬具合理關聯性。","本公司已於章程訂定員工酬勞提撥相關規定，並依董事會決議辦理基層員工酬勞分配，透過共享經營成果機制，持續提升員工薪酬及福利水準。",
"文化創意業","6856","鑫傳","69333","97","715","676","5.77%","601","580","3.62%","2.62","不適用","不適用","-","不適用","不適用","-","不適用","不適用","-","不適用","不適用","-","1438","7.43","N","N","N","","",
"光電業","6859","伯特光","195580","310","631","594","6.23%","577","546","5.68%","2.86","不適用","不適用","-","不適用","不適用","-","不適用","不適用","-","不適用","不適用","-","882","2.40","N","Y","N","本公司114年EPS獲利表現相較同業平均數高，主係受惠手機終端銷售回溫，精密鏡頭模具需求增加及半導體產業相關產品的營收挹注，致營業收入大幅增加。","1.每年度落實員工績效考核並調漲員工薪資。
2.於公司章程明定提撥一定比率(目前不低於50%)之員工酬勞並分配予基層員工。
3.制定並推行多項員工獎酬措施。
4.本公司114年已提升員工薪資平均數約6%。",
"數位雲端","6865","偉康科技","128802","109","1182","1120","5.54%","1091","1052","3.71%","1.52","          1,218","不適用","-","          1,065","不適用","-","          1,125","不適用","-","            991","不適用","-","872","3.20","N","N","N","","",
"數位雲端","6870","騰雲","147118","180","817","797","2.51%","726","656","10.67%","7.08","不適用","不適用","-","不適用","不適用","-","不適用","不適用","-","不適用","不適用","-","872","3.20","N","Y","N","因應公司長期發展需求，近年持續晉用年輕人才，致平均資歷較淺，薪資水準與同業有所差異。惟114年度非經常性薪資較113年度成長約14%，顯示公司持續提升員工薪酬並共享經營成果。","持續檢視市場薪酬水準及產業趨勢，適時優化薪酬結構；強化績效與獎酬連結，提升員工共享經營成果；完善人才發展制度，透過教育訓練提升員工專業能力與薪資成長空間。",
"生技醫療業","6872","浩宇生醫","22315","23","970","969","0.10%","1016","974","4.31%","-2.14","不適用","不適用","-","不適用","不適用","-","不適用","不適用","-","不適用","不適用","-","798","1.60","N","N","N","","",
"資訊服務業","6874","倍力","94228","80","1178","1220","-3.44%","1007","1100","-8.45%","3.16","不適用","不適用","-","不適用","不適用","-","不適用","不適用","-","不適用","不適用","-","1016","3.17","N","N","N","","",
"生技醫療業","6875","國邑*","49474","42","1178","1153","2.17%","1005","948","6.01%","-2.97","不適用","不適用","-","不適用","不適用","-","不適用","不適用","-","不適用","不適用","-","798","1.60","N","N","N","","",
"其他電子業","6877","鏵友益","110103","124","888","806","10.17%","757","695","8.92%","0.59","不適用","不適用","-","不適用","不適用","-","不適用","不適用","-","不適用","不適用","-","975","4.62","N","N","N","","",
"其他","6881","潤德","116761","105","1112","1063","4.61%","1011","964","4.88%","19.42","不適用","不適用","-","不適用","不適用","-","不適用","不適用","-","不適用","不適用","-","712","1.85","N","N","N","","",
"資訊服務業","6884","海柏特","78764","65","1212","0","0.00%","1163","0","0.00%","2.05","不適用","不適用","-","不適用","不適用","-","不適用","不適用","-","不適用","不適用","-","1016","3.17","N","N","N","","",
"綠能環保","6894","衛司特","79540","65","1224","1056","15.91%","995","913","8.98%","10.99","不適用","不適用","-","不適用","不適用","-","不適用","不適用","-","不適用","不適用","-","776","3.07","N","N","N","","",
"半導體業","6895","宏碩系統","75082","109","689","683","0.88%","597","611","-2.29%","3.61","不適用","不適用","-","不適用","不適用","-","不適用","不適用","-","不適用","不適用","-","1400","5.37","N","N","N","","",
"光電業","6899","創為精密","181563","284","639","608","5.10%","530","496","6.85%","3.59","不適用","不適用","-","不適用","不適用","-","不適用","不適用","-","不適用","不適用","-","882","2.40","N","Y","N","薪酬委員會制定政策，透過目標設定與考核面談，將績效結果作為晉升、調薪與獎金依據。獎金連結公司經營績效與淨利，依章程提撥0.1%至15%為員工酬勞，基層員工分配不低於20%。","1.本公司每年皆依人力銀行調查市場薪資行情提出薪資調整，114年度薪資平均調幅約3.27%，115年預計薪資平均調幅3~5%。
2.設廠台灣，員工結構偏屬製造業，直接員工和外籍員工佔比59%，故薪資平均數略低。",
"其他電子業","6903","巨漢","119979","112","1071","1126","-4.88%","892","931","-4.19%","10.62","不適用","不適用","-","不適用","不適用","-","不適用","不適用","-","不適用","不適用","-","975","4.62","N","N","Y","本年度因應營運擴張積極招募基層員工，新進基層同仁佔比隨之提升，故稀釋整體平均數值。","本公司章程明定提撥年度盈餘作為員工酬勞，同時建立完善的晉升與調薪機制，每年依據營運績效與個人表現落實調整。",
"其他","6904","伯鑫","76695","133","577","552","4.53%","528","510","3.53%","5.44","不適用","不適用","-","不適用","不適用","-","不適用","不適用","-","不適用","不適用","-","712","1.85","N","Y","N","本公司EPS獲利表現雖優於同業，惟受到整體營收較前一年度下滑3.05%之影響，然公司仍積極照顧員工，整體全時員工薪資平均數較去年成長4.53%。","未來將透過年終獎金及多元激勵機制反映經營成果。",
"數位雲端","6910","德鴻","77898","76","1025","0","0.00%","976","0","0.00%","2.00","不適用","不適用","-","不適用","不適用","-","不適用","不適用","-","不適用","不適用","-","872","3.20","N","N","N","","",
"電子零組件業","6913","鴻呈","67501","63","1071","933","14.79%","872","795","9.69%","4.34","不適用","不適用","-","不適用","不適用","-","不適用","不適用","-","不適用","不適用","-","797","2.47","N","N","N","","",
"電腦及週邊設備業","6922","宸曜","193371","173","1118","1091","2.47%","971","972","-0.10%","6.90","不適用","不適用","-","不適用","不適用","-","不適用","不適用","-","不適用","不適用","-","924","3.90","N","N","N","","",
"數位雲端","6925","意藍","67146","88","763","0","0.00%","676","0","0.00%","3.11","不適用","不適用","-","不適用","不適用","-","不適用","不適用","-","不適用","不適用","-","872","3.20","N","N","N","","",
"生技醫療業","6929","佑全","485440","815","596","606","-1.65%","506","508","-0.39%","-1.63","            773","不適用","-","            557","不適用","-","            740","不適用","-","            490","不適用","-","798","1.60","N","N","N","","",
"半導體業","6953","家碩","196790","118","1668","1640","1.71%","1539","1405","9.54%","7.99","不適用","不適用","-","不適用","不適用","-","不適用","不適用","-","不適用","不適用","-","1400","5.37","N","N","N","","",
"觀光餐旅","6961","旅天下","106550","149","715","0","0.00%","619","0","0.00%","4.23","不適用","不適用","-","不適用","不適用","-","不適用","不適用","-","不適用","不適用","-","640","0.88","N","N","N","","",
"電子零組件業","6967","汎瑋材料","40813","56","729","646","12.85%","631","570","10.70%","4.02","不適用","不適用","-","不適用","不適用","-","不適用","不適用","-","不適用","不適用","-","797","2.47","N","Y","N","本公司114年度EPS成長19.3%，非主管全時員工平均薪資同步成長12.8%，顯示經營成果已適度反映於員工薪酬，並透過調薪、獎酬及福利制度持續提升員工整體待遇。","115年度將持續檢視薪酬制度與市場競爭力，辦理年度調薪及績效獎酬，並持續提供員工酬勞與各項福利措施，提升員工整體待遇，逐步強化人才留任及縮短與同業薪資差距。",
"居家生活","6968","萬達寵物","391919","672","583","563","3.55%","512","497","3.02%","2.46","不適用","不適用","-","不適用","不適用","-","不適用","不適用","-","不適用","不適用","-","708","5.75","N","N","N","","",
"綠能環保","6971","惠民實業","498064","879","567","0","0.00%","480","0","0.00%","2.42","不適用","不適用","-","不適用","不適用","-","不適用","不適用","-","不適用","不適用","-","776","3.07","N","N","N","","",
"電機機械","6982","大井泵浦","277630","442","628","643","-2.33%","556","566","-1.77%","0.06","不適用","不適用","-","不適用","不適用","-","不適用","不適用","-","不適用","不適用","-","747","1.65","N","N","N","","",
"半導體業","6996","力領科技","308152","117","2634","2723","-3.27%","2569","2570","-0.04%","12.15","不適用","不適用","-","不適用","不適用","-","不適用","不適用","-","不適用","不適用","-","1400","5.37","N","N","N","","",
"數位雲端","6997","博弘","109893","100","1099","1046","5.07%","938","886","5.87%","5.11","不適用","不適用","-","不適用","不適用","-","不適用","不適用","-","不適用","不適用","-","872","3.20","N","N","N","","",
"光電業","7402","邑錡","61559","58","1061","988","7.39%","857","787","8.89%","0.10","不適用","不適用","-","不適用","不適用","-","不適用","不適用","-","不適用","不適用","-","882","2.40","N","N","N","","",
"數位雲端","7547","碩網","88738","103","862","0","0.00%","738","0","0.00%","2.65","不適用","不適用","-","不適用","不適用","-","不適用","不適用","-","不適用","不適用","-","872","3.20","N","N","N","","",
"半導體業","7556","意德士科技","25056","30","835","759","10.01%","674","668","0.90%","7.10","不適用","不適用","-","不適用","不適用","-","不適用","不適用","-","不適用","不適用","-","1400","5.37","N","Y","N","本公司114年度EPS優於同業，主係受惠產業趨勢、產品組合優化及營運效率提升。平均薪資差異係因公司規模及人力結構因素，整體薪酬制度具合理性。","將定期檢視薪酬水準，優化績效獎酬與留才制度，確保薪酬與公司獲利連動，提升員工競爭力及共享經營成果。",
"文化創意業","7584","樂意","112948","170","664","656","1.22%","577","570","1.23%","-1.98","            719","不適用","-","            606","不適用","-","            620","不適用","-","            541","不適用","-","1438","7.43","N","N","N","","",
"電機機械","7642","昶瑞機電","40049","92","435","0","0.00%","407","0","0.00%","3.29","不適用","不適用","-","不適用","不適用","-","不適用","不適用","-","不適用","不適用","-","747","1.65","Y","Y","N","員工薪資結構及說明如下：
1.固定薪資
依職務內容、專業能力、市場薪資行情及個人資歷訂定。
2.績效獎金
依個人績效考核結果核發。
3.員工酬勞
依公司章程，於公司獲利時提撥作為員工酬勞。","具體改善措施方向如下：
短期（1~2年內）：平均薪資提升3%~10%。
中期（3~5年內）：非經理人全時員工平均薪資達50萬元以上。
長期：建立具市場競爭力之薪酬制度，提升人才吸引與留任能力。",
"其他電子業","7703","銳澤","182941","204","897","881","1.82%","789","772","2.20%","8.72","            960","不適用","-","            803","不適用","-","            848","不適用","-","            706","不適用","-","975","4.62","N","Y","N","公司因業務擴充，基層同仁人數持續增加，組職持續年輕化，公司114年度平均薪資調整幅度6.3%，在職員工隨年資及通過培訓後穩定提升薪資所得。","115年度預計調薪幅度不低於6%，並提供員工完整在職培訓及升遷管道，縮短員工培訓、升遷及調薪時程，提供員工明確快速的升遷與調薪管道。",
"半導體業","7704","明遠精密","106914","121","884","990","-10.71%","800","872","-8.26%","2.07","不適用","不適用","-","不適用","不適用","-","不適用","不適用","-","不適用","不適用","-","1400","5.37","N","N","N","","",
"觀光餐旅","7708","全家餐飲","423319","604","701","691","1.45%","639","624","2.40%","6.46","不適用","不適用","-","不適用","不適用","-","不適用","不適用","-","不適用","不適用","-","640","0.88","N","N","N","","",
"電機機械","7709","榮田","125310","176","712","752","-5.32%","616","663","-7.09%","2.48","不適用","不適用","-","不適用","不適用","-","不適用","不適用","-","不適用","不適用","-","747","1.65","N","Y","N","本公司薪資含月薪、年終、員工酬勞與生產獎金。依章程提撥不低於1%作員工酬勞，公發後實際提列約獲利12%：113年24,454仟元(EPS 5.19元)、114年13,296仟元(EPS 2.48元)。","本公司視產業狀況、物價波動、基本薪資調整等綜合考量，已規劃於下半年進行薪資調整，整體調薪幅度約為3-5%。此外基層員工調薪幅度將優於「非擔任主管職務之全時員工」。",
"半導體業","7712","博盛半導體","76276","60","1271","1614","-21.25%","1091","1364","-20.01%","5.42","不適用","不適用","-","不適用","不適用","-","不適用","不適用","-","不適用","不適用","-","1400","5.37","N","Y","N","EPS與半導體的分類比較，實不符中小企業，資本額在3.26億的IC設計公司。本公司的人力競爭也處處不如半導體企業。因2025年EPS驟降，股東反應不佳，惟員工酬金均依規定辦理。","2026年如公司經營進步，將會提請獎勵提案，儘量做到投資者與員工的照顧。",
"生技醫療業","7713","威力德生醫","27625","36","767","0","0.00%","660","0","0.00%","4.64","不適用","不適用","-","不適用","不適用","-","不適用","不適用","-","不適用","不適用","-","798","1.60","N","Y","N","本公司總部位於高雄市，薪資水準係參照南部地區市場行情訂定；又因本年度人員異動增加，新進人員比例提高，且其薪資水準相對較低，致平均薪資較同業略低。","本公司將持續優化員工福利制度，推動友善職場與幸福企業文化，提升員工關懷及工作滿意度，降低離職率並穩定人才留任，以提升整體薪資水準與競爭力。",
"數位雲端","7714","創泓科技","56737","64","887","844","5.09%","729","677","7.68%","6.33","不適用","不適用","-","不適用","不適用","-","不適用","不適用","-","不適用","不適用","-","872","3.20","N","N","N","","",
"綠能環保","7715","裕山","149428","174","859","834","3.00%","703","703","0.00%","3.09","不適用","不適用","-","不適用","不適用","-","不適用","不適用","-","不適用","不適用","-","776","3.07","N","N","N","","",
"航運業","7716","昱臺國際","120099","140","858","0","0.00%","682","0","0.00%","2.23","不適用","不適用","-","不適用","不適用","-","不適用","不適用","-","不適用","不適用","-","919","3.07","N","N","N","","",
"電機機械","7718","友鋮","103996","105","990","1093","-9.42%","958","1035","-7.44%","3.75","不適用","不適用","-","不適用","不適用","-","不適用","不適用","-","不適用","不適用","-","747","1.65","N","N","N","","",
"觀光餐旅","7723","築間","954028","1654","577","0","0.00%","525","0","0.00%","-6.69","不適用","不適用","-","不適用","不適用","-","不適用","不適用","-","不適用","不適用","-","640","0.88","N","N","N","","",
"其他電子業","7728","光焱科技","47762","56","853","822","3.77%","662","643","2.95%","4.92","不適用","不適用","-","不適用","不適用","-","不適用","不適用","-","不適用","不適用","-","975","4.62","N","N","N","","",
"半導體業","7734","印能科技","139853","106","1319","1313","0.46%","1117","1161","-3.79%","33.50","不適用","不適用","-","不適用","不適用","-","不適用","不適用","-","不適用","不適用","-","1400","5.37","N","Y","N","2025年因應市場需求進行產能擴張，招募大量新進基層同仁，由於新進同仁年資尚輕，依公司現行薪酬制度，未能參與全年度之績效獎金分配，致短期內整體平均薪資因『員工結構改變』而暫時低於同業水準。","擬增設「季度激勵金」，讓優秀新人提早分享公司產能擴張的營運成果。針對產能擴張核心職務之進行結構性調薪，確保同仁固定本薪具備同業競爭力。檢討「新人加速養成計畫」，同仁通過考核可提早進行職級晉升並調薪。",
"數位雲端","7738","東聯互動","43300","45","962","0","0.00%","943","0","0.00%","14.61","不適用","不適用","-","不適用","不適用","-","不適用","不適用","-","不適用","不適用","-","872","3.20","N","N","N","","",
"食品工業","7743","金利食安","64956","117","555","0","0.00%","509","0","0.00%","0.57","            540","不適用","-","            566","不適用","-","            504","不適用","-","            521","不適用","-","767","3.60","N","N","N","","",
"電子零組件業","7744","崴寶","7942","6","1324","0","0.00%","863","0","0.00%","16.28","不適用","不適用","-","不適用","不適用","-","不適用","不適用","-","不適用","不適用","-","797","2.47","N","N","N","","",
"數位雲端","7747","昕奇雲端","19270","24","803","0","0.00%","758","0","0.00%","4.04","不適用","不適用","-","不適用","不適用","-","不適用","不適用","-","不適用","不適用","-","872","3.20","N","Y","N","主要係因商業模式及人力結構與部分同業有所差異，致平均薪資受結構性因素影響而有所落差。另本公司EPS係反映集團整體經營成果與員工薪資統計範圍基礎不同。本公司除固定薪資外亦透過獎金及員工酬勞等共享經營成果。","本公司將持續參考同業薪酬水準及市場人才供需情形，定期檢討薪酬制度與獎酬機制，並依營運成果及員工績效適時調整薪資及獎酬，強化人才培育、職涯發展及留才措施，提升薪酬競爭力並共享經營成果。",
"半導體業","7751","竑騰","199584","135","1478","0","0.00%","1338","0","0.00%","20.50","不適用","不適用","-","不適用","不適用","-","不適用","不適用","-","不適用","不適用","-","1400","5.37","N","N","N","","",
"光電業","7753","星亞","117817","134","879","0","0.00%","743","0","0.00%","4.22","不適用","不適用","-","不適用","不適用","-","不適用","不適用","-","不適用","不適用","-","882","2.40","N","Y","N","(1)薪資平均數略低於同業水準3仟元，係因公司人力結構直接人員約三成，經營型態製造基層人力佔比較高。
(2)本公司114年獲利較同期增加，員工薪資平均數及中位數均有增加，透過每年績效評估作為薪資報酬依據。","(1)本公司新進員工薪資係參考市場行情及考量過往工作經驗及績效等因素評定，應屬合理機制。
(2)本公司如有獲利，會依照獲利狀況發放年終獎金及員工酬勞，透過績效制度反映員工薪酬結果。",
"觀光餐旅","7757","金色三麥","330024","480","688","0","0.00%","617","0","0.00%","8.97","不適用","不適用","-","不適用","不適用","-","不適用","不適用","-","不適用","不適用","-","640","0.88","N","N","N","","",
"資訊服務業","7767","仁大資訊","259058","422","614","0","0.00%","523","0","0.00%","4.18","不適用","不適用","-","不適用","不適用","-","不適用","不適用","-","不適用","不適用","-","1016","3.17","N","Y","N","本公司每股盈餘（EPS）高於同業平均水準，惟非經理人全時員工平均薪資仍低於同業，主要係因本公司業務以終端設備之維護與安裝為主，相關工程師所需專業技能相對較低，且人員流動率較高，致整體薪資水準偏低。","惟本公司已注意此情形，並於近兩年逐步進行薪資結構調整，惟考量整體營運與成本配置，尚無法一次大幅提升。114年度非經理人全時員工平均薪資已由595千元提升至614千元，顯見本公司已持續朝改善薪酬水準之方向努力。",
"半導體業","7770","君曜","34337","23","1493","0","0.00%","1337","0","0.00%","3.00","不適用","不適用","-","不適用","不適用","-","不適用","不適用","-","不適用","不適用","-","1400","5.37","N","N","N","","",
"其他","7777","能率亞洲","1156","2","578","0","0.00%","575","0","0.00%","0.58","不適用","不適用","-","不適用","不適用","-","不適用","不適用","-","不適用","不適用","-","712","1.85","N","N","N","","",
"居家生活","7782","光速火箭","46299","63","735","0","0.00%","470","0","0.00%","2.13","不適用","不適用","-","不適用","不適用","-","不適用","不適用","-","不適用","不適用","-","708","5.75","N","N","N","","",
"數位雲端","7805","威聯通","836014","848","986","0","0.00%","839","0","0.00%","44.56","不適用","不適用","-","不適用","不適用","-","不適用","不適用","-","不適用","不適用","-","872","3.20","N","N","N","","",
"半導體業","7810","捷創科技","222314","238","934","0","0.00%","822","0","0.00%","6.25","不適用","不適用","-","不適用","不適用","-","不適用","不適用","-","不適用","不適用","-","1400","5.37","N","Y","N","半導體業多元環節，各領域職務性質差異大，薪資不盡相同；本公司為設備服務公司，直接人力約佔整體人力五成，致平均薪資相對較低；114年EPS獲利較前年增加，薪資平均數亦較前年高，故員工薪酬與經營績效有正關聯。","本公司每年度皆參考市場薪資報告進行薪資調整，確保薪酬水準具市場競爭力。",
"運動休閒","7811","民盛","76118","89","855","0","0.00%","742","0","0.00%","8.10","            814","不適用","-","            854","不適用","-","            679","不適用","-","            781","不適用","-","632","1.71","N","N","N","","",
"半導體業","7828","創新服務","113414","93","1220","0","0.00%","1089","0","0.00%","6.33","不適用","不適用","-","不適用","不適用","-","不適用","不適用","-","不適用","不適用","-","1400","5.37","N","Y","N","2025年度因應公司營運發展需求，人力規模快速擴增，新進人員比例顯著提高。
新進人員多屬到職未滿一年且年資較淺，薪資水準相對較低，因此影響整體平均薪資結果。","2026年公司持續提升員工福利，推動執行員工持股信託制度，以強化員工向心力及留才效益。
未來將持續延攬優秀人才，與公司共同成長發展。",
"半導體業","8024","佑華","79397","81","980","957","2.40%","901","893","0.90%","-2.55","不適用","不適用","-","不適用","不適用","-","不適用","不適用","-","不適用","不適用","-","1400","5.37","N","N","N","","",
"電機機械","8027","鈦昇","204236","259","789","713","10.66%","753","667","12.89%","-0.93","不適用","不適用","-","不適用","不適用","-","不適用","不適用","-","不適用","不適用","-","747","1.65","N","N","N","","",
"電子通路業","8032","光菱","126537","95","1332","1336","-0.30%","1265","1307","-3.21%","2.19","不適用","不適用","-","不適用","不適用","-","不適用","不適用","-","不適用","不適用","-","842","0.99","N","N","Y","114年度因高薪資深員工退休離職，補足之新進基層人員與其存在自然薪資落差。在基層員工比例增加之稀釋效應下，使平均薪資計算下滑，此屬世代交替之正常現象。本公司薪酬政策未變，員工薪資與經營績效仍具合理關聯。","本公司將持續參與市場薪資調查以確保薪酬競爭力，並透過落實績效獎勵與晉升機制，依公司獲利狀況給予員工實質回饋，藉以逐步帶動基層人員之整體薪資水準。",
"通信網路業","8034","榮群","74253","77","964","900","7.11%","833","780","6.79%","1.42","不適用","不適用","-","不適用","不適用","-","不適用","不適用","-","不適用","不適用","-","882","2.29","N","N","N","","",
"電子零組件業","8038","長園科","16473","30","549","632","-13.13%","429","537","-20.11%","0.92","不適用","不適用","-","不適用","不適用","-","不適用","不適用","-","不適用","不適用","-","797","2.47","N","N","Y","公司EPS較前一年度成長，惟非經理人之全時員工薪資平均數較前一年度減少，主係因公司在員工結構上做調整，新增較多基礎薪資之員工所致。","公司預計每年度重新評估市場行情、工作表現及相關指標敘薪。",
"半導體業","8040","九暘","158999","101","1574","1841","-14.50%","1456","1592","-8.54%","-0.60","不適用","不適用","-","不適用","不適用","-","不適用","不適用","-","不適用","不適用","-","1400","5.37","N","N","Y","1.員工薪資-平均數優於同業
2.較前一年度減少之原因係因資深高薪同仁退休離職
  新資費用相對減少","本公司將持續優化薪酬與人才管理機制，以強化組織競爭力。",
"電子零組件業","8042","金山電","43010","57","755","732","3.14%","557","583","-4.46%","0.89","不適用","不適用","-","不適用","不適用","-","不適用","不適用","-","不適用","不適用","-","797","2.47","N","N","N","","",
"電子零組件業","8043","蜜望實","62769","80","785","896","-12.39%","657","765","-14.12%","1.67","不適用","不適用","-","不適用","不適用","-","不適用","不適用","-","不適用","不適用","-","797","2.47","N","N","Y","114年度平均數與中位數較113年度減少，主要係因113年度有庫藏股轉讓予員工所致。","114年度平均數與中位數較113年度減少，主要係因113年度有庫藏股轉讓予員工所致。
故無需調整之情事。",
"數位雲端","8044","網家","764821","1183","647","673","-3.86%","550","577","-4.68%","-4.62","不適用","不適用","-","不適用","不適用","-","不適用","不適用","-","不適用","不適用","-","872","3.20","N","N","N","","",
"其他電子業","8047","星雲","85421","106","806","800","0.75%","702","682","2.93%","-0.78","不適用","不適用","-","不適用","不適用","-","不適用","不適用","-","不適用","不適用","-","975","4.62","N","N","N","","",
"通信網路業","8048","德勝","95543","106","901","862","4.52%","819","810","1.11%","2.67","不適用","不適用","-","不適用","不適用","-","不適用","不適用","-","不適用","不適用","-","882","2.29","N","N","N","","",
"光電業","8049","晶采","104678","135","775","763","1.57%","604","582","3.78%","1.72","不適用","不適用","-","不適用","不適用","-","不適用","不適用","-","不適用","不適用","-","882","2.40","N","N","N","","",
"電腦及週邊設備業","8050","廣積","511034","712","718","772","-6.99%","554","597","-7.20%","1.44","不適用","不適用","-","不適用","不適用","-","不適用","不適用","-","不適用","不適用","-","924","3.90","N","N","N","","",
"半導體業","8054","安國","99375","61","1629","1196","36.20%","1246","982","26.88%","-3.19","不適用","不適用","-","不適用","不適用","-","不適用","不適用","-","不適用","不適用","-","1400","5.37","N","N","N","","",
"通信網路業","8059","凱碩","88209","79","1117","1040","7.40%","975","944","3.28%","-2.39","不適用","不適用","-","不適用","不適用","-","不適用","不適用","-","不適用","不適用","-","882","2.29","N","N","N","","",
"光電業","8064","東捷","390440","415","941","903","4.21%","872","825","5.70%","1.36","不適用","不適用","-","不適用","不適用","-","不適用","不適用","-","不適用","不適用","-","882","2.40","N","N","N","","",
"居家生活","8066","來思達","7558","11","687","694","-1.01%","696","714","-2.52%","-3.49","不適用","不適用","-","不適用","不適用","-","不適用","不適用","-","不適用","不適用","-","708","5.75","N","N","N","","",
"電子通路業","8067","志旭","11374","20","569","567","0.35%","503","465","8.17%","-0.59","            700","不適用","-","            498","不適用","-","            641","不適用","-","            477","不適用","-","842","0.99","N","N","N","","",
"電子通路業","8068","全達","24762","29","854","763","11.93%","741","623","18.94%","1.23","不適用","不適用","-","不適用","不適用","-","不適用","不適用","-","不適用","不適用","-","842","0.99","N","N","N","","",
"光電業","8069","元太","1985469","1310","1516","1442","5.13%","1327","1270","4.49%","9.14","          1,551","不適用","-","          1,422","不適用","-","          1,343","不適用","-","          1,314","不適用","-","882","2.40","N","N","N","","",
"電子零組件業","8071","能率網通","12024","18","668","639","4.54%","579","588","-1.53%","-1.10","不適用","不適用","-","不適用","不適用","-","不適用","不適用","-","不適用","不適用","-","797","2.47","N","N","N","","",
"電子零組件業","8074","鉅橡","158765","241","659","620","6.29%","576","547","5.30%","1.35","不適用","不適用","-","不適用","不適用","-","不適用","不適用","-","不適用","不適用","-","797","2.47","N","N","N","","",
"電腦及週邊設備業","8076","伍豐","178216","199","896","927","-3.34%","769","748","2.81%","0.14","不適用","不適用","-","不適用","不適用","-","不適用","不適用","-","不適用","不適用","-","924","3.90","N","N","N","","",
"觀光餐旅","8077","洛碁","130177","219","594","558","6.45%","559","538","3.90%","6.04","不適用","不適用","-","不適用","不適用","-","不適用","不適用","-","不適用","不適用","-","640","0.88","N","Y","N","公司今年營業額進步，員工平均薪資亦從113年度55萬8提升至59萬4，增加了6.45%
薪資中位數也從53萬8提升至55萬9，增加了3.9%，公司有獲利時與員工共享。","住房率及房價如能再提升，薪資部分亦能同步提升。",
"建材營造","8080","泰霖","2993","4","748","510","46.67%","675","591","14.21%","0.12","不適用","不適用","-","不適用","不適用","-","不適用","不適用","-","不適用","不適用","-","1054","2.09","N","N","N","","",
"電機機械","8083","瑞穎","151635","149","1018","952","6.93%","925","894","3.47%","9.80","不適用","不適用","-","不適用","不適用","-","不適用","不適用","-","不適用","不適用","-","747","1.65","N","N","N","","",
"電子通路業","8084","巨虹","16190","26","623","801","-22.22%","530","631","-16.01%","-1.82","不適用","不適用","-","不適用","不適用","-","不適用","不適用","-","不適用","不適用","-","842","0.99","N","N","N","","",
"其他電子業","8085","福華","111270","207","538","496","8.47%","456","412","10.68%","-1.01","不適用","不適用","-","不適用","不適用","-","不適用","不適用","-","不適用","不適用","-","975","4.62","N","N","N","","",
"半導體業","8086","宏捷科","590909","782","756","698","8.31%","687","656","4.73%","3.36","不適用","不適用","-","不適用","不適用","-","不適用","不適用","-","不適用","不適用","-","1400","5.37","N","N","N","","",
"綠能環保","8087","麗升能源","6706","8","838","962","-12.89%","680","872","-22.02%","-1.32","不適用","不適用","-","不適用","不適用","-","不適用","不適用","-","不適用","不適用","-","776","3.07","N","N","N","","",
"半導體業","8088","品安","168235","294","572","509","12.38%","492","450","9.33%","1.70","不適用","不適用","-","不適用","不適用","-","不適用","不適用","-","不適用","不適用","-","1400","5.37","N","N","N","","",
"通信網路業","8089","康全電訊","129302","121","1069","1381","-22.59%","1026","1255","-18.25%","-3.09","不適用","不適用","-","不適用","不適用","-","不適用","不適用","-","不適用","不適用","-","882","2.29","N","N","N","","",
"半導體業","8091","翔名","311503","380","820","793","3.40%","734","713","2.95%","5.89","不適用","不適用","-","不適用","不適用","-","不適用","不適用","-","不適用","不適用","-","1400","5.37","N","Y","N","半導體產業包含IC設計、晶圓製造及封裝測試，員工薪資結構差異較大，且本公司114年度員工薪資平均數較113年度增加。","本公司已於114年股東常會修訂章程，於章程訂明員工酬勞不低於20%為基層員工分配酬勞，落實企業社會責任。",
"其他電子業","8092","建暐","89609","163","550","533","3.19%","489","477","2.52%","0.00","不適用","不適用","-","不適用","不適用","-","不適用","不適用","-","不適用","不適用","-","975","4.62","N","N","N","","",
"電子零組件業","8093","保銳","23566","29","813","768","5.86%","703","701","0.29%","-1.32","不適用","不適用","-","不適用","不適用","-","不適用","不適用","-","不適用","不適用","-","797","2.47","N","N","N","","",
"電子通路業","8096","擎亞","46472","37","1256","1126","11.55%","1154","1024","12.70%","0.89","不適用","不適用","-","不適用","不適用","-","不適用","不適用","-","不適用","不適用","-","842","0.99","N","N","N","","",
"通信網路業","8097","常珵","39685","50","794","854","-7.03%","793","739","7.31%","-1.14","不適用","不適用","-","不適用","不適用","-","不適用","不適用","-","不適用","不適用","-","882","2.29","N","N","N","","",
"資訊服務業","8099","大世科","447444","470","952","874","8.92%","789","712","10.81%","2.53","不適用","不適用","-","不適用","不適用","-","不適用","不適用","-","不適用","不適用","-","1016","3.17","N","N","N","","",
"半導體業","8102","傑霖科技","31268","30","1042","0","0.00%","972","0","0.00%","2.25","不適用","不適用","-","不適用","不適用","-","不適用","不適用","-","不適用","不適用","-","1400","5.37","N","N","N","","",
"電機機械","8107","大億金茂","59862","90","665","680","-2.21%","521","491","6.11%","-0.53","不適用","不適用","-","不適用","不適用","-","不適用","不適用","-","不適用","不適用","-","747","1.65","N","N","N","","",
"電子零組件業","8109","博大","223013","277","805","738","9.08%","731","670","9.10%","6.18","不適用","不適用","-","不適用","不適用","-","不適用","不適用","-","不適用","不適用","-","797","2.47","N","N","N","","",
"光電業","8111","立碁","146232","192","762","718","6.13%","690","628","9.87%","0.38","不適用","不適用","-","不適用","不適用","-","不適用","不適用","-","不適用","不適用","-","882","2.40","N","N","N","","",
"電子零組件業","8121","越峰","149177","169","883","938","-5.86%","793","861","-7.90%","-0.31","不適用","不適用","-","不適用","不適用","-","不適用","不適用","-","不適用","不適用","-","797","2.47","N","N","N","","",
"電子零組件業","8147","正淩","105924","120","883","801","10.24%","803","726","10.61%","3.08","不適用","不適用","-","不適用","不適用","-","不適用","不適用","-","不適用","不適用","-","797","2.47","N","N","N","","",
"電子零組件業","8155","博智","744793","939","793","733","8.19%","702","665","5.56%","6.88","            809","不適用","-","            771","不適用","-","            696","不適用","-","            715","不適用","-","797","2.47","N","Y","N","本公司屬勞力密集產業，僅在台灣生產；直接人力佔總人力74%，其中外籍移工又佔總人力25%，致使整體平均薪資較低。
114年公司持續致力員工薪酬福利等措施調整，平均薪資較113年顯著成長。","公司依營運績效與外部就業巿場薪資行情，進行薪資調整；另提高員工酬勞分配比例及提撥基層員工酬勞，共享公司營運
獲利成果，以提升整體薪酬福利競爭力。",
"綠能環保","8171","天宇","49097","86","571","564","1.24%","522","501","4.19%","-5.17","不適用","不適用","-","不適用","不適用","-","不適用","不適用","-","不適用","不適用","-","776","3.07","N","N","N","","",
"通信網路業","8176","智捷","36542","42","870","859","1.28%","851","805","5.71%","0.40","            945","不適用","-","            767","不適用","-","            910","不適用","-","            800","不適用","-","882","2.29","N","N","N","","",
"電子零組件業","8182","加高","176177","287","614","604","1.66%","539","512","5.27%","0.44","不適用","不適用","-","不適用","不適用","-","不適用","不適用","-","不適用","不適用","-","797","2.47","N","N","N","","",
"其他電子業","8183","精星","118291","180","657","667","-1.50%","589","565","4.25%","2.39","不適用","不適用","-","不適用","不適用","-","不適用","不適用","-","不適用","不適用","-","975","4.62","N","N","N","","",
"半導體業","8227","巨有科技","77093","64","1205","1218","-1.07%","1092","1110","-1.62%","2.06","不適用","不適用","-","不適用","不適用","-","不適用","不適用","-","不適用","不適用","-","1400","5.37","N","N","Y","主係人員異動所致，替補之新進員工薪資水準低於離職之資深員工，導致薪資中位數下降，惟相較去年，下降幅度僅1萬3千元。","公司除按照章程提列員工酬勞外，亦每年衡量公司經營績效進行薪資調整，今年(115)已完成年度調薪作業，平均調薪幅度約為3%。",
"電腦及週邊設備業","8234","新漢","591229","818","723","763","-5.24%","617","657","-6.09%","0.39","不適用","不適用","-","不適用","不適用","-","不適用","不適用","-","不適用","不適用","-","924","3.90","N","N","N","","",
"光電業","8240","華宏","404175","534","757","772","-1.94%","688","686","0.29%","2.18","不適用","不適用","-","不適用","不適用","-","不適用","不適用","-","不適用","不適用","-","882","2.40","N","N","N","","",
"電機機械","8255","朋程","742804","791","939","901","4.22%","792","740","7.03%","6.32","不適用","不適用","-","不適用","不適用","-","不適用","不適用","-","不適用","不適用","-","747","1.65","N","N","N","","",
"資訊服務業","8272","全景軟體","210600","172","1224","1217","0.58%","1116","1094","2.01%","4.66","不適用","不適用","-","不適用","不適用","-","不適用","不適用","-","不適用","不適用","-","1016","3.17","N","N","N","","",
"半導體業","8277","商丞","36937","51","724","720","0.56%","570","552","3.26%","-0.37","不適用","不適用","-","不適用","不適用","-","不適用","不適用","-","不適用","不適用","-","1400","5.37","N","N","N","","",
"生技醫療業","8279","生展","344844","504","684","661","3.48%","618","608","1.64%","10.02","不適用","不適用","-","不適用","不適用","-","不適用","不適用","-","不適用","不適用","-","798","1.60","N","Y","N","2025年度本公司員工人數較前一年度增加3%，平均薪資及薪資中位數分別成長3%及2%，顯示經營成果適度反映於員工薪酬。另員工平均年資由5.71年提升至6.07年，顯示人才留任穩定，員工對公司具一定認同度。","持續參考大環境因素，適度調整基層人員薪資，並預訂於115年度06月調薪3%。",
"資訊服務業","8284","三竹","316288","338","936","906","3.31%","858","816","5.15%","4.74","不適用","不適用","-","不適用","不適用","-","不適用","不適用","-","不適用","不適用","-","1016","3.17","N","Y","N","本年度薪資平均數：936仟元，優於113年(906仟元)，但由於114年招聘多位年資較淺之新人，因此平均數被拉低了。","因114年新增多位年資較淺員工，影響薪資平均數表現，屬正常人力結構調整。公司薪資政策具市場競爭力，無須另行改善。",
"電子零組件業","8289","泰藝","128331","200","642","654","-1.83%","549","572","-4.02%","0.04","不適用","不適用","-","不適用","不適用","-","不適用","不適用","-","不適用","不適用","-","797","2.47","N","N","N","","",
"電子零組件業","8291","尚茂","5889","9","654","495","32.12%","648","445","45.62%","-1.95","不適用","不適用","-","不適用","不適用","-","不適用","不適用","-","不適用","不適用","-","797","2.47","N","N","N","","",
"半導體業","8299","群聯","11212216","3917","2862","2525","13.35%","2469","2137","15.54%","41.98","不適用","不適用","-","不適用","不適用","-","不適用","不適用","-","不適用","不適用","-","1400","5.37","N","N","N","","",
"其他","8342","益張","155210","254","611","660","-7.42%","485","513","-5.46%","5.97","不適用","不適用","-","不適用","不適用","-","不適用","不適用","-","不適用","不適用","-","712","1.85","N","Y","N","外籍員工薪資偏低及人數占比高達26%，故拉低整體平均薪資。","依據公司章程保障本公司基層員工獲配一定成數之酬勞分派。",
"鋼鐵工業","8349","恒耀國際","356702","536","665","691","-3.76%","609","624","-2.40%","1.93","不適用","不適用","-","不適用","不適用","-","不適用","不適用","-","不適用","不適用","-","756","0.99","N","Y","N","本公司產業屬性為汽車之零組件業，與鋼鐵業不同，部份獲利貢獻系來自海外子公司","本公司產業屬性為汽車之零組件業，產業特性及營運模式與鋼鐵業有所不同，且部分獲利受惠於海外市場營運績效；預期將持續強化全球布局，進一步提升公司整體獲利表現，可增加員工酬勞發放，共享經營成果。",
"其他","8354","冠好","86892","156","557","541","2.96%","524","505","3.76%","0.14","不適用","不適用","-","不適用","不適用","-","不適用","不適用","-","不適用","不適用","-","712","1.85","N","N","N","","",
"電子零組件業","8358","金居","207546","287","723","724","-0.14%","659","663","-0.60%","4.21","不適用","不適用","-","不適用","不適用","-","不適用","不適用","-","不適用","不適用","-","797","2.47","N","Y","Y","本公司持續優化產品組合提升獲利。因，114年外籍移工人數佔全體員工27%，並較113年增加逾31%，有效節省輪班津貼約10萬/年。計畫未來會對績優員工，提高獎金發放額度，以增加全時員工平均整體收入。","本公司持續於高頻高速市場取得有利地位，獲利維持成長趨勢。因，114年外籍移工(無輪班津貼)人數較113年增加逾31%，有效節省人力成本。計畫未來會對績優員工，提高獎金發放額度，以增加全時員工平均整體收入。",
"半導體業","8383","千附","235616","332","710","690","2.90%","641","619","3.55%","3.41","不適用","不適用","-","不適用","不適用","-","不適用","不適用","-","不適用","不適用","-","1400","5.37","N","N","N","","",
"綠能環保","8390","金益鼎","171381","148","1158","1017","13.86%","1011","946","6.87%","6.60","不適用","不適用","-","不適用","不適用","-","不適用","不適用","-","不適用","不適用","-","776","3.07","N","N","N","","",
"其他","8401","白紗科","326606","464","704","677","3.99%","635","612","3.76%","2.63","不適用","不適用","-","不適用","不適用","-","不適用","不適用","-","不適用","不適用","-","712","1.85","N","Y","N","目前公司歸類為『其他』，與該類的公司並不全是同性質的產業。","目前公司歸類為『其他』，與該類的公司並不全是同性質的產業。",
"生技醫療業","8403","盛弘","128531","147","874","907","-3.64%","772","800","-3.50%","1.03","不適用","不適用","-","不適用","不適用","-","不適用","不適用","-","不適用","不適用","-","798","1.60","N","N","N","","",
"生技醫療業","8409","商之器","75753","104","728","718","1.39%","670","629","6.52%","0.24","不適用","不適用","-","不適用","不適用","-","不適用","不適用","-","不適用","不適用","-","798","1.60","N","N","N","","",
"電腦及週邊設備業","8410","森田","150791","195","773","752","2.79%","767","731","4.92%","3.27","            794","不適用","-","            714","不適用","-","            786","不適用","-","            653","不適用","-","924","3.90","N","N","N","","",
"鋼鐵工業","8415","大國鋼","56797","72","789","799","-1.25%","707","620","14.03%","3.05","            903","不適用","-","            751","不適用","-","            630","不適用","-","            719","不適用","-","756","0.99","N","N","Y","本公司114年與113年非主管平均薪資分別為789千元與799千元，其差異主要係114年聘僱之新任員工薪資較資深員工低，以致整體平均薪資微幅下降。","本公司於115年3月考量外部經濟環境與公司營運成果，對非擔任主管職之員工全面調薪。",
"資訊服務業","8416","實威","238365","237","1006","965","4.25%","904","861","4.99%","13.46","不適用","不適用","-","不適用","不適用","-","不適用","不適用","-","不適用","不適用","-","1016","3.17","N","N","N","","",
"其他","8421","旭源","131031","192","682","645","5.74%","573","536","6.90%","-0.40","不適用","不適用","-","不適用","不適用","-","不適用","不適用","-","不適用","不適用","-","712","1.85","N","N","N","","",
"建材營造","8424","惠普","115368","140","824","780","5.64%","774","726","6.61%","5.80","不適用","不適用","-","不適用","不適用","-","不適用","不適用","-","不適用","不適用","-","1054","2.09","N","Y","N","114年本公司係矽酸鈣板製造業，屬建材下游產業，加工技術層次較低且所需學歷普遍較低之下，薪資可能較低。惟公司獲利主要緣於產業之供需及有效良善管理。近年公司依舊維持在3%之穩定調薪，提供良善之薪資環境。","本公司係矽酸鈣板製造業，屬建材下游產業，加工技術層次較低且所需學歷普遍較低之下，薪資可能較低。惟公司獲利主要緣於產業之供需及有效良善管理。近年公司依舊維持在3%之穩定調薪，提供良善之薪資環境。",
"其他電子業","8431","匯鑽科","7349","11","668","858","-22.14%","661","738","-10.43%","-3.88","不適用","不適用","-","不適用","不適用","-","不適用","不適用","-","不適用","不適用","-","975","4.62","N","N","N","","",
"生技醫療業","8432","東生華","70897","54","1313","1215","8.07%","1083","1126","-3.82%","3.63","不適用","不適用","-","不適用","不適用","-","不適用","不適用","-","不適用","不適用","-","798","1.60","N","N","N","","",
"居家生活","8433","弘帆","15487","22","704","859","-18.04%","636","774","-17.83%","3.17","不適用","不適用","-","不適用","不適用","-","不適用","不適用","-","不適用","不適用","-","708","5.75","N","N","N","","",
"其他","8435","鉅邁","75181","75","1002","1089","-7.99%","979","1033","-5.23%","3.91","不適用","不適用","-","不適用","不適用","-","不適用","不適用","-","不適用","不適用","-","712","1.85","N","N","N","","",
"生技醫療業","8436","大江","487278","486","1003","936","7.16%","916","854","7.26%","8.68","不適用","不適用","-","不適用","不適用","-","不適用","不適用","-","不適用","不適用","-","798","1.60","N","N","N","","",
"綠能環保","8440","綠電","63460","98","648","693","-6.49%","555","605","-8.26%","0.31","            647","不適用","-","            648","不適用","-","            555","不適用","-","            576","不適用","-","776","3.07","N","N","N","","",
"文化創意業","8446","華研","58294","71","821","780","5.26%","740","695","6.47%","10.30","不適用","不適用","-","不適用","不適用","-","不適用","不適用","-","不適用","不適用","-","1438","7.43","N","Y","N","本公司為流行音樂公司，同類股包含線上遊戲、文創百貨、教育平台等，不易比較。本公司114年薪資平均數及中位數均較113年為高。","本公司衡量員工表現與公司獲利關係，並觀察市場薪資變化，適時調整。",
"文化創意業","8450","霹靂","84995","163","521","503","3.58%","489","454","7.71%","-5.34","不適用","不適用","-","不適用","不適用","-","不適用","不適用","-","不適用","不適用","-","1438","7.43","N","N","N","","",
"數位雲端","8472","夠麻吉","56297","72","782","765","2.22%","600","634","-5.36%","-1.31","不適用","不適用","-","不適用","不適用","-","不適用","不適用","-","不適用","不適用","-","872","3.20","N","N","N","","",
"數位雲端","8477","創業家","33817","44","769","737","4.34%","593","666","-10.96%","-0.92","不適用","不適用","-","不適用","不適用","-","不適用","不適用","-","不適用","不適用","-","872","3.20","N","N","N","","",
"其他","8489","三貝德","57643","87","663","614","7.98%","524","499","5.01%","-0.76","不適用","不適用","-","不適用","不適用","-","不適用","不適用","-","不適用","不適用","-","712","1.85","N","N","N","","",
"其他","8905","裕國","106431","176","605","593","2.02%","543","539","0.74%","0.61","不適用","不適用","-","不適用","不適用","-","不適用","不適用","-","不適用","不適用","-","712","1.85","N","N","N","","",
"其他","8906","花王","36404","69","528","530","-0.38%","436","425","2.59%","-0.78","不適用","不適用","-","不適用","不適用","-","不適用","不適用","-","不適用","不適用","-","712","1.85","N","N","N","","",
"油電燃氣業","8908","欣雄","92365","121","763","729","4.66%","693","667","3.90%","2.16","不適用","不適用","-","不適用","不適用","-","不適用","不適用","-","不適用","不適用","-","792","1.38","N","Y","N","非經理人之全時員工薪資平均數雖比同業低，但本公司114年平均薪資較去年度有增加之趨勢。","本公司已於115年初進行全面調薪。",
"其他","8916","光隆","179583","198","907","897","1.11%","768","767","0.13%","2.50","不適用","不適用","-","不適用","不適用","-","不適用","不適用","-","不適用","不適用","-","712","1.85","N","N","N","","",
"油電燃氣業","8917","欣泰","190468","170","1120","1123","-0.27%","1010","1028","-1.75%","2.23","不適用","不適用","-","不適用","不適用","-","不適用","不適用","-","不適用","不適用","-","792","1.38","N","N","N","","",
"其他","8921","沈氏","101172","143","707","695","1.73%","653","642","1.71%","-0.11","不適用","不適用","-","不適用","不適用","-","不適用","不適用","-","不適用","不適用","-","712","1.85","N","N","N","","",
"文化創意業","8923","時報","74986","109","688","654","5.20%","669","651","2.77%","0.96","不適用","不適用","-","不適用","不適用","-","不適用","不適用","-","不適用","不適用","-","1438","7.43","N","N","N","","",
"運動休閒","8924","大田","140716","153","920","886","3.84%","840","819","2.56%","5.63","不適用","不適用","-","不適用","不適用","-","不適用","不適用","-","不適用","不適用","-","632","1.71","N","N","N","","",
"油電燃氣業","8927","北基","305029","537","568","542","4.80%","527","499","5.61%","0.35","不適用","不適用","-","不適用","不適用","-","不適用","不適用","-","不適用","不適用","-","792","1.38","N","N","N","","",
"運動休閒","8928","鉅明","593537","1104","538","534","0.75%","512","505","1.39%","1.42","不適用","不適用","-","不適用","不適用","-","不適用","不適用","-","不適用","不適用","-","632","1.71","N","N","N","","",
"其他","8929","富堡","42308","74","572","540","5.93%","541","500","8.20%","-0.45","不適用","不適用","-","不適用","不適用","-","不適用","不適用","-","不適用","不適用","-","712","1.85","N","N","N","","",
"鋼鐵工業","8930","青鋼","102794","116","886","922","-3.90%","801","858","-6.64%","2.40","不適用","不適用","-","不適用","不適用","-","不適用","不適用","-","不適用","不適用","-","756","0.99","N","N","N","","",
"油電燃氣業","8931","大汽電","214528","185","1160","1097","5.74%","1112","1030","7.96%","1.87","不適用","不適用","-","不適用","不適用","-","不適用","不適用","-","不適用","不適用","-","792","1.38","N","N","N","","",
"數位雲端","8932","智通*","82631","138","599","544","10.11%","517","478","8.16%","1.85","不適用","不適用","-","不適用","不適用","-","不適用","不適用","-","不適用","不適用","-","872","3.20","N","Y","N","乃因114年度EPS主要來自透過投資
資訊軟體服務及相關事業之子公司，
認列其營運成果所致，非擔任主管職
務之全時員工有將近9成屬傳產製造
業人員，致使員工薪資平均數低於同
業水準。","公司已於115年5月進行年度調薪。",
"運動休閒","8933","愛地雅","93155","204","457","440","3.86%","418","396","5.56%","-1.39","不適用","不適用","-","不適用","不適用","-","不適用","不適用","-","不適用","不適用","-","632","1.71","Y","N","N","因市場需求減緩及訂單減少，致生產量下降，加班工時明顯減少，年終獎金未發放，影響非主管職全時員工整體薪資水準，致平均薪資未達50萬元。","持續開發新客戶及爭取訂單，提升產能利用率；訂單回穩後將恢復正常加班安排及獎金發放機制，以提升員工整體薪資水準。",
"其他","8935","邦泰","42713","74","577","544","6.07%","518","522","-0.77%","-0.76","不適用","不適用","-","不適用","不適用","-","不適用","不適用","-","不適用","不適用","-","712","1.85","N","N","N","","",
"其他","8936","國統","268494","385","697","624","11.70%","587","558","5.20%","4.08","不適用","不適用","-","不適用","不適用","-","不適用","不適用","-","不適用","不適用","-","712","1.85","N","Y","N","114年度因部分工案陸續施工已達各工案之里程碑，故酌發工案獎金，故114年度工案獎金較113年度增加；且114年有調薪及調降工地移工人數，故114年平均薪資較113年增加。","配合工程標案里程碑達成情形，合理配發工案執行獎金予專案執行人員。",
"其他","8937","合騏*","29631","61","486","479","1.46%","463","440","5.23%","-0.71","不適用","不適用","-","不適用","不適用","-","不適用","不適用","-","不適用","不適用","-","712","1.85","Y","N","N","本公司114年EPS -0.71，較去年的0.43衰退，且為營運虧損狀況，114年全時員工平均薪資486仟元，較去年479仟元微增7仟元","本公司已適時配合法令及反應經營獲利予員工，拉升整體員工薪資的成長幅度",
"運動休閒","8938","明安","685169","920","745","781","-4.61%","650","690","-5.80%","6.18","不適用","不適用","-","不適用","不適用","-","不適用","不適用","-","不適用","不適用","-","632","1.71","N","N","N","","",
"居家生活","8941","關中","11317","16","707","876","-19.29%","730","864","-15.51%","1.16","不適用","不適用","-","不適用","不適用","-","不適用","不適用","-","不適用","不適用","-","708","5.75","N","N","N","","",
"其他","8942","森鉅","133379","186","717","701","2.28%","638","617","3.40%","1.83","不適用","不適用","-","不適用","不適用","-","不適用","不適用","-","不適用","不適用","-","712","1.85","N","N","N","","",
"文化創意業","9949","琉園","36556","65","562","552","1.81%","528","496","6.45%","5.29","不適用","不適用","-","不適用","不適用","-","不適用","不適用","-","不適用","不適用","-","1438","7.43","N","N","N","","",
"塑膠工業","9950","萬國通","302309","610","496","480","3.33%","455","440","3.41%","-0.27","不適用","不適用","-","不適用","不適用","-","不適用","不適用","-","不適用","不適用","-","534","3.32","Y","N","N","本公司114年度受台幣兌美元升值及美國關稅政策影響，致114年度產生虧損，依公司章程規定，尚有累積虧損時，應先保留彌補數額，未提撥員工酬勞，故較同業水準為低。","依法修訂公司章程，提撥基層員工分派酬勞，但公司尚有累積虧損時，應先彌補數額。",
"電機機械","9951","皇田","372825","530","703","649","8.32%","595","553","7.59%","5.27","不適用","不適用","-","不適用","不適用","-","不適用","不適用","-","不適用","不適用","-","747","1.65","N","Y","N","因本司藍領外籍同仁佔全體員工人數達20.94%，若排除藍領外籍同仁，則全時員工薪資平均數將高於同業。","2026年4月本司已進行調薪，調薪幅度為8.41%。",
"運動休閒","9960","邁達康","42775","85","503","482","4.36%","466","449","3.79%","1.75","不適用","不適用","-","不適用","不適用","-","不適用","不適用","-","不適用","不適用","-","632","1.71","N","Y","N","本公司114年稅後淨利較113年衰退14%，本公司屬零售業，薪資結構屬低底薪高獎金，90%的員工為門市一般人員，114年員工平均薪資較113年減少，主要係因114年業績及獲利衰退而影響門市銷售獎金減少，其關聯性尚屬合理。","本公司針對非擔任主管職務之全時員工已逐年加薪，並增加獎金的提成項目，希望能改善員工薪酬。",
"鋼鐵工業","9962","有益","48049","84","572","649","-11.86%","537","649","-17.26%","-0.15","不適用","不適用","-","不適用","不適用","-","不適用","不適用","-","不適用","不適用","-","756","0.99","N","N","N","","",